2026-04-27 03:38:58  INFO      === Run started — existing records: 3650 (prior cost: $5.4750) ===
2026-04-27 03:38:58  INFO      [1/15040] Processing: 'hospital' @ 24.216209,54.442286
2026-04-27 03:38:59  INFO      Triggered sd_mogetkf7k3x4pwy5i  ('hospital' @ 24.216209,54.442286)
2026-04-27 03:39:00  INFO      [sd_mogetkf7k3x4pwy5i] Status: running
2026-04-27 03:42:58  INFO      [sd_mogetkf7k3x4pwy5i] Status: ready
2026-04-27 03:43:00  INFO      Skipped 24 duplicate(s)
2026-04-27 03:43:00  INFO      Retrieved 42 record(s) — 3692 total | This run: 42 / $0.0630 | All-time: $5.5380
2026-04-27 03:43:00  INFO      [2/15040] Processing: 'mosque' @ 24.216209,54.442286
2026-04-27 03:43:01  INFO      Triggered sd_mogeyr1p2bvp43nsdg  ('mosque' @ 24.216209,54.442286)
2026-04-27 03:43:02  INFO      [sd_mogeyr1p2bvp43nsdg] Status: running
2026-04-27 03:46:12  INFO      [sd_mogeyr1p2bvp43nsdg] Status: ready
2026-04-27 03:46:14  INFO      Skipped 7 duplicate(s)
2026-04-27 03:46:14  INFO      Retrieved 210 record(s) — 3902 total | This run: 252 / $0.3780 | All-time: $5.8530
2026-04-27 03:46:14  INFO      [3/15040] Processing: 'spa' @ 24.216209,54.442286
2026-04-27 03:46:15  INFO      Triggered sd_mogf2wu72hsvxockp7  ('spa' @ 24.216209,54.442286)
2026-04-27 03:46:16  INFO      [sd_mogf2wu72hsvxockp7] Status: running
2026-04-27 03:53:29  INFO      [sd_mogf2wu72hsvxockp7] Status: ready
2026-04-27 03:53:31  INFO      Skipped 51 duplicate(s)
2026-04-27 03:53:32  INFO      Retrieved 245 record(s) — 4147 total | This run: 497 / $0.7455 | All-time: $6.2205
2026-04-27 03:53:32  INFO      [4/15040] Processing: 'cinema' @ 24.216209,54.442286
2026-04-27 03:53:33  INFO      Triggered sd_mogfcaxy2imly7jtwx  ('cinema' @ 24.216209,54.442286)
2026-04-27 03:53:34  INFO      [sd_mogfcaxy2imly7jtwx] Status: running
2026-04-27 03:59:52  INFO      [sd_mogfcaxy2imly7jtwx] Status: ready
2026-04-27 03:59:54  INFO      Skipped 27 duplicate(s)
2026-04-27 03:59:54  INFO      Retrieved 49 record(s) — 4196 total | This run: 546 / $0.8190 | All-time: $6.2940
2026-04-27 03:59:54  INFO      [5/15040] Processing: 'bakery' @ 24.216209,54.442286
2026-04-27 03:59:55  INFO      Triggered sd_mogfki0b1zltnlh2w  ('bakery' @ 24.216209,54.442286)
2026-04-27 03:59:56  INFO      [sd_mogfki0b1zltnlh2w] Status: running
2026-04-27 04:11:22  INFO      [sd_mogfki0b1zltnlh2w] Status: ready
2026-04-27 04:11:24  INFO      Skipped 20 duplicate(s)
2026-04-27 04:11:24  INFO      Retrieved 175 record(s) — 4371 total | This run: 721 / $1.0815 | All-time: $6.5565
2026-04-27 04:11:24  INFO      [6/15040] Processing: 'pharmacy' @ 24.216209,54.442286
2026-04-27 04:11:25  INFO      Triggered sd_mogfza7hsarvqxmsu  ('pharmacy' @ 24.216209,54.442286)
2026-04-27 04:11:26  INFO      [sd_mogfza7hsarvqxmsu] Status: running
2026-04-27 04:33:07  INFO      [sd_mogfza7hsarvqxmsu] Status: ready
2026-04-27 04:33:09  INFO      Skipped 14 duplicate(s)
2026-04-27 04:33:09  INFO      Retrieved 178 record(s) — 4549 total | This run: 899 / $1.3485 | All-time: $6.8235
2026-04-27 04:33:09  INFO      [7/15040] Processing: 'clinic' @ 24.216209,54.442286
2026-04-27 04:33:10  INFO      Triggered sd_moggr8ykhol8pi4np  ('clinic' @ 24.216209,54.442286)
2026-04-27 04:33:11  INFO      [sd_moggr8ykhol8pi4np] Status: running
2026-04-27 04:41:13  INFO      [sd_moggr8ykhol8pi4np] Status: ready
2026-04-27 04:41:18  INFO      Skipped 24 duplicate(s)
2026-04-27 04:41:18  INFO      Retrieved 185 record(s) — 4734 total | This run: 1084 / $1.6260 | All-time: $7.1010
2026-04-27 04:41:18  INFO      [8/15040] Processing: 'school' @ 24.216209,54.442286
2026-04-27 04:41:19  INFO      Triggered sd_mogh1q4r24fw5spv0b  ('school' @ 24.216209,54.442286)
2026-04-27 04:41:20  INFO      [sd_mogh1q4r24fw5spv0b] Status: running
2026-04-27 04:43:50  INFO      [sd_mogh1q4r24fw5spv0b] Status: ready
2026-04-27 04:43:52  INFO      Skipped 6 duplicate(s)
2026-04-27 04:43:53  INFO      Retrieved 157 record(s) — 4891 total | This run: 1241 / $1.8615 | All-time: $7.3365
2026-04-27 04:43:53  INFO      [9/15040] Processing: 'bank' @ 24.216209,54.442286
2026-04-27 04:43:53  INFO      Triggered sd_mogh51hm1ent0xlgjn  ('bank' @ 24.216209,54.442286)
2026-04-27 04:43:54  INFO      [sd_mogh51hm1ent0xlgjn] Status: running
2026-04-27 04:45:39  INFO      [sd_mogh51hm1ent0xlgjn] Status: ready
2026-04-27 04:45:41  INFO      Skipped 6 duplicate(s)
2026-04-27 04:45:41  INFO      Retrieved 109 record(s) — 5000 total | This run: 1350 / $2.0250 | All-time: $7.5000
2026-04-27 04:45:41  INFO      [10/15040] Processing: 'supermarket' @ 24.216209,54.442286
2026-04-27 04:45:42  INFO      Triggered sd_mogh7d5reldu2crol  ('supermarket' @ 24.216209,54.442286)
2026-04-27 04:45:43  INFO      [sd_mogh7d5reldu2crol] Status: running
2026-04-27 04:50:27  INFO      [sd_mogh7d5reldu2crol] Status: ready
2026-04-27 04:50:29  INFO      Skipped 12 duplicate(s)
2026-04-27 04:50:29  INFO      Retrieved 143 record(s) — 5143 total | This run: 1493 / $2.2395 | All-time: $7.7145
2026-04-27 04:50:29  INFO      [11/15040] Processing: 'restaurant' @ 24.216209,54.462058
2026-04-27 04:50:30  INFO      Triggered sd_moghdjod1tvg4b2ell  ('restaurant' @ 24.216209,54.462058)
2026-04-27 04:50:31  INFO      [sd_moghdjod1tvg4b2ell] Status: running
2026-04-27 04:53:55  INFO      [sd_moghdjod1tvg4b2ell] Status: ready
2026-04-27 04:53:57  INFO      Skipped 149 duplicate(s)
2026-04-27 04:53:57  INFO      Retrieved 19 record(s) — 5162 total | This run: 1512 / $2.2680 | All-time: $7.7430
2026-04-27 04:53:57  INFO      [12/15040] Processing: 'cafe' @ 24.216209,54.462058
2026-04-27 04:53:58  INFO      Triggered sd_moghhzu01bff27p5zc  ('cafe' @ 24.216209,54.462058)
2026-04-27 04:53:59  INFO      [sd_moghhzu01bff27p5zc] Status: running
2026-04-27 04:56:24  INFO      [sd_moghhzu01bff27p5zc] Status: ready
2026-04-27 04:56:26  INFO      Skipped 193 duplicate(s)
2026-04-27 04:56:26  INFO      Retrieved 9 record(s) — 5171 total | This run: 1521 / $2.2815 | All-time: $7.7565
2026-04-27 04:56:26  INFO      [13/15040] Processing: 'hotel' @ 24.216209,54.462058
2026-04-27 04:56:27  INFO      Triggered sd_moghl76n2ip76c7cj3  ('hotel' @ 24.216209,54.462058)
2026-04-27 04:56:28  INFO      [sd_moghl76n2ip76c7cj3] Status: running
2026-04-27 04:57:50  INFO      [sd_moghl76n2ip76c7cj3] Status: ready
2026-04-27 04:57:51  INFO      Skipped 42 duplicate(s)
2026-04-27 04:57:51  INFO      Retrieved 1 record(s) — 5172 total | This run: 1522 / $2.2830 | All-time: $7.7580
2026-04-27 04:57:51  INFO      [14/15040] Processing: 'mall' @ 24.216209,54.462058
2026-04-27 04:57:52  INFO      Triggered sd_moghn0tr1gc7x30iel  ('mall' @ 24.216209,54.462058)
2026-04-27 04:57:53  INFO      [sd_moghn0tr1gc7x30iel] Status: running
2026-04-27 04:59:49  INFO      [sd_moghn0tr1gc7x30iel] Status: ready
2026-04-27 04:59:51  INFO      Skipped 179 duplicate(s)
2026-04-27 04:59:52  INFO      Retrieved 5 record(s) — 5177 total | This run: 1527 / $2.2905 | All-time: $7.7655
2026-04-27 04:59:52  INFO      [15/15040] Processing: 'gym' @ 24.216209,54.462058
2026-04-27 04:59:53  INFO      Triggered sd_moghplix2j3etculbq  ('gym' @ 24.216209,54.462058)
2026-04-27 04:59:53  INFO      [sd_moghplix2j3etculbq] Status: running
2026-04-27 05:06:29  INFO      [sd_moghplix2j3etculbq] Status: ready
2026-04-27 05:06:31  INFO      Skipped 179 duplicate(s)
2026-04-27 05:06:31  INFO      Retrieved 50 record(s) — 5227 total | This run: 1577 / $2.3655 | All-time: $7.8405
2026-04-27 05:06:31  INFO      [16/15040] Processing: 'hospital' @ 24.216209,54.462058
2026-04-27 05:06:34  INFO      Triggered sd_moghy74on3h3rkqn0  ('hospital' @ 24.216209,54.462058)
2026-04-27 05:06:35  INFO      [sd_moghy74on3h3rkqn0] Status: running
2026-04-27 05:08:07  INFO      [sd_moghy74on3h3rkqn0] Status: ready
2026-04-27 05:08:09  INFO      Skipped 66 duplicate(s)
2026-04-27 05:08:09  INFO      Retrieved 0 record(s) — 5227 total | This run: 1577 / $2.3655 | All-time: $7.8405
2026-04-27 05:08:09  INFO      [17/15040] Processing: 'mosque' @ 24.216209,54.462058
2026-04-27 05:08:10  INFO      Triggered sd_mogi09b2o20gd7c04  ('mosque' @ 24.216209,54.462058)
2026-04-27 05:08:11  INFO      [sd_mogi09b2o20gd7c04] Status: running
2026-04-27 05:13:30  INFO      [sd_mogi09b2o20gd7c04] Status: ready
2026-04-27 05:13:32  INFO      Skipped 160 duplicate(s)
2026-04-27 05:13:32  INFO      Retrieved 59 record(s) — 5286 total | This run: 1636 / $2.4540 | All-time: $7.9290
2026-04-27 05:13:32  INFO      [18/15040] Processing: 'spa' @ 24.216209,54.462058
2026-04-27 05:13:33  INFO      Triggered sd_mogi76u9191kz9r829  ('spa' @ 24.216209,54.462058)
2026-04-27 05:13:34  INFO      [sd_mogi76u9191kz9r829] Status: running
2026-04-27 05:19:51  INFO      [sd_mogi76u9191kz9r829] Status: ready
2026-04-27 05:19:53  INFO      Skipped 228 duplicate(s)
2026-04-27 05:19:54  INFO      Retrieved 55 record(s) — 5341 total | This run: 1691 / $2.5365 | All-time: $8.0115
2026-04-27 05:19:54  INFO      [19/15040] Processing: 'cinema' @ 24.216209,54.462058
2026-04-27 05:19:54  INFO      Triggered sd_mogifcx22pfxgj9hbj  ('cinema' @ 24.216209,54.462058)
2026-04-27 05:19:55  INFO      [sd_mogifcx22pfxgj9hbj] Status: running
2026-04-27 05:22:26  INFO      [sd_mogifcx22pfxgj9hbj] Status: ready
2026-04-27 05:22:28  INFO      Skipped 76 duplicate(s)
2026-04-27 05:22:29  INFO      Retrieved 21 record(s) — 5362 total | This run: 1712 / $2.5680 | All-time: $8.0430
2026-04-27 05:22:29  INFO      [20/15040] Processing: 'bakery' @ 24.216209,54.462058
2026-04-27 05:22:31  INFO      Triggered sd_mogiipiy2yst557op  ('bakery' @ 24.216209,54.462058)
2026-04-27 05:22:32  INFO      [sd_mogiipiy2yst557op] Status: running
2026-04-27 05:25:43  INFO      [sd_mogiipiy2yst557op] Status: ready
2026-04-27 05:25:45  INFO      Skipped 181 duplicate(s)
2026-04-27 05:25:45  INFO      Retrieved 15 record(s) — 5377 total | This run: 1727 / $2.5905 | All-time: $8.0655
2026-04-27 05:25:45  INFO      [21/15040] Processing: 'pharmacy' @ 24.216209,54.462058
2026-04-27 05:25:46  INFO      Triggered sd_mogimwiedoozzdvyj  ('pharmacy' @ 24.216209,54.462058)
2026-04-27 05:25:47  INFO      [sd_mogimwiedoozzdvyj] Status: running
2026-04-27 05:31:58  INFO      [sd_mogimwiedoozzdvyj] Status: ready
2026-04-27 05:32:01  INFO      Skipped 185 duplicate(s)
2026-04-27 05:32:01  INFO      Retrieved 6 record(s) — 5383 total | This run: 1733 / $2.5995 | All-time: $8.0745
2026-04-27 05:32:01  INFO      [22/15040] Processing: 'clinic' @ 24.216209,54.462058
2026-04-27 05:32:02  INFO      Triggered sd_mogiuy383v9zwumg  ('clinic' @ 24.216209,54.462058)
2026-04-27 05:32:03  INFO      [sd_mogiuy383v9zwumg] Status: running
2026-04-27 05:36:41  INFO      [sd_mogiuy383v9zwumg] Status: ready
2026-04-27 05:36:43  INFO      Skipped 128 duplicate(s)
2026-04-27 05:36:43  INFO      Retrieved 93 record(s) — 5476 total | This run: 1826 / $2.7390 | All-time: $8.2140
2026-04-27 05:36:43  INFO      [23/15040] Processing: 'school' @ 24.216209,54.462058
2026-04-27 05:36:44  INFO      Triggered sd_mogj0zua2hfav5akx5  ('school' @ 24.216209,54.462058)
2026-04-27 05:36:45  INFO      [sd_mogj0zua2hfav5akx5] Status: running
2026-04-27 05:38:46  INFO      [sd_mogj0zua2hfav5akx5] Status: ready
2026-04-27 05:38:48  INFO      Skipped 111 duplicate(s)
2026-04-27 05:38:48  INFO      Retrieved 35 record(s) — 5511 total | This run: 1861 / $2.7915 | All-time: $8.2665
2026-04-27 05:38:48  INFO      [24/15040] Processing: 'bank' @ 24.216209,54.462058
2026-04-27 05:38:49  INFO      Triggered sd_mogj3of4dnn38e382  ('bank' @ 24.216209,54.462058)
2026-04-27 05:38:50  INFO      [sd_mogj3of4dnn38e382] Status: running
2026-04-27 05:45:12  INFO      [sd_mogj3of4dnn38e382] Status: ready
2026-04-27 05:45:14  INFO      Skipped 70 duplicate(s)
2026-04-27 05:45:14  INFO      Retrieved 65 record(s) — 5576 total | This run: 1926 / $2.8890 | All-time: $8.3640
2026-04-27 05:45:14  INFO      [25/15040] Processing: 'supermarket' @ 24.216209,54.462058
2026-04-27 05:45:15  INFO      Triggered sd_mogjbyepll4m5zcoo  ('supermarket' @ 24.216209,54.462058)
2026-04-27 05:45:16  INFO      [sd_mogjbyepll4m5zcoo] Status: running
2026-04-27 05:47:12  INFO      [sd_mogjbyepll4m5zcoo] Status: ready
2026-04-27 05:47:14  INFO      Skipped 144 duplicate(s)
2026-04-27 05:47:14  INFO      Retrieved 10 record(s) — 5586 total | This run: 1936 / $2.9040 | All-time: $8.3790
2026-04-27 05:47:14  INFO      [26/15040] Processing: 'restaurant' @ 24.216209,54.481831
2026-04-27 05:47:15  INFO      Triggered sd_mogjej4a1da8p9t4r8  ('restaurant' @ 24.216209,54.481831)
2026-04-27 05:47:16  INFO      [sd_mogjej4a1da8p9t4r8] Status: running
2026-04-27 05:51:13  INFO      [sd_mogjej4a1da8p9t4r8] Status: ready
2026-04-27 05:51:16  INFO      Skipped 141 duplicate(s)
2026-04-27 05:51:16  INFO      Retrieved 22 record(s) — 5608 total | This run: 1958 / $2.9370 | All-time: $8.4120
2026-04-27 05:51:16  INFO      [27/15040] Processing: 'cafe' @ 24.216209,54.481831
2026-04-27 05:51:17  INFO      Triggered sd_mogjjpjw13uczuxrj8  ('cafe' @ 24.216209,54.481831)
2026-04-27 05:51:18  INFO      [sd_mogjjpjw13uczuxrj8] Status: running
2026-04-27 05:54:53  INFO      [sd_mogjjpjw13uczuxrj8] Status: ready
2026-04-27 05:54:55  INFO      Skipped 195 duplicate(s)
2026-04-27 05:54:55  INFO      Retrieved 5 record(s) — 5613 total | This run: 1963 / $2.9445 | All-time: $8.4195
2026-04-27 05:54:55  INFO      [28/15040] Processing: 'hotel' @ 24.216209,54.481831
2026-04-27 05:54:56  INFO      Triggered sd_mogjoegz2qppzvqv31  ('hotel' @ 24.216209,54.481831)
2026-04-27 05:54:57  INFO      [sd_mogjoegz2qppzvqv31] Status: running
2026-04-27 05:56:00  INFO      [sd_mogjoegz2qppzvqv31] Status: ready
2026-04-27 05:56:02  INFO      Skipped 43 duplicate(s)
2026-04-27 05:56:02  INFO      Retrieved 1 record(s) — 5614 total | This run: 1964 / $2.9460 | All-time: $8.4210
2026-04-27 05:56:02  INFO      [29/15040] Processing: 'mall' @ 24.216209,54.481831
2026-04-27 05:56:03  INFO      Triggered sd_mogjpub026b9wing4x  ('mall' @ 24.216209,54.481831)
2026-04-27 05:56:04  INFO      [sd_mogjpub026b9wing4x] Status: running
2026-04-27 05:59:09  INFO      [sd_mogjpub026b9wing4x] Status: ready
2026-04-27 05:59:11  INFO      Skipped 185 duplicate(s)
2026-04-27 05:59:11  INFO      Retrieved 5 record(s) — 5619 total | This run: 1969 / $2.9535 | All-time: $8.4285
2026-04-27 05:59:11  INFO      [30/15040] Processing: 'gym' @ 24.216209,54.481831
2026-04-27 05:59:12  INFO      Triggered sd_mogjtw4i28hgy932at  ('gym' @ 24.216209,54.481831)
2026-04-27 05:59:13  INFO      [sd_mogjtw4i28hgy932at] Status: running
2026-04-27 06:03:58  INFO      [sd_mogjtw4i28hgy932at] Status: ready
2026-04-27 06:04:00  INFO      Skipped 226 duplicate(s)
2026-04-27 06:04:01  INFO      Retrieved 0 record(s) — 5619 total | This run: 1969 / $2.9535 | All-time: $8.4285
2026-04-27 06:04:01  INFO      [31/15040] Processing: 'hospital' @ 24.216209,54.481831
2026-04-27 06:04:02  INFO      Triggered sd_mogk03fp2aul7fj7j  ('hospital' @ 24.216209,54.481831)
2026-04-27 06:04:02  INFO      [sd_mogk03fp2aul7fj7j] Status: running
2026-04-27 06:07:43  INFO      [sd_mogk03fp2aul7fj7j] Status: ready
2026-04-27 06:07:44  INFO      Skipped 65 duplicate(s)
2026-04-27 06:07:45  INFO      Retrieved 0 record(s) — 5619 total | This run: 1969 / $2.9535 | All-time: $8.4285
2026-04-27 06:07:45  INFO      [32/15040] Processing: 'mosque' @ 24.216209,54.481831
2026-04-27 06:07:46  INFO      Triggered sd_mogk4wbd29khwcp56w  ('mosque' @ 24.216209,54.481831)
2026-04-27 06:07:46  INFO      [sd_mogk4wbd29khwcp56w] Status: running
2026-04-27 06:14:22  INFO      [sd_mogk4wbd29khwcp56w] Status: ready
2026-04-27 06:14:24  INFO      Skipped 197 duplicate(s)
2026-04-27 06:14:24  INFO      Retrieved 12 record(s) — 5631 total | This run: 1981 / $2.9715 | All-time: $8.4465
2026-04-27 06:14:24  INFO      [33/15040] Processing: 'spa' @ 24.216209,54.481831
2026-04-27 06:14:25  INFO      Triggered sd_mogkdgjf1kyelb4uz7  ('spa' @ 24.216209,54.481831)
2026-04-27 06:14:26  INFO      [sd_mogkdgjf1kyelb4uz7] Status: running
2026-04-27 06:21:13  INFO      [sd_mogkdgjf1kyelb4uz7] Status: ready
2026-04-27 06:21:15  INFO      Skipped 278 duplicate(s)
2026-04-27 06:21:16  INFO      Retrieved 4 record(s) — 5635 total | This run: 1985 / $2.9775 | All-time: $8.4525
2026-04-27 06:21:16  INFO      [34/15040] Processing: 'cinema' @ 24.216209,54.481831
2026-04-27 06:21:17  INFO      Triggered sd_mogkma4x13rkd1ozoh  ('cinema' @ 24.216209,54.481831)
2026-04-27 06:21:18  INFO      [sd_mogkma4x13rkd1ozoh] Status: running
2026-04-27 06:23:25  INFO      [sd_mogkma4x13rkd1ozoh] Status: ready
2026-04-27 06:23:27  INFO      Skipped 98 duplicate(s)
2026-04-27 06:23:27  INFO      Retrieved 0 record(s) — 5635 total | This run: 1985 / $2.9775 | All-time: $8.4525
2026-04-27 06:23:27  INFO      [35/15040] Processing: 'bakery' @ 24.216209,54.481831
2026-04-27 06:23:28  INFO      Triggered sd_mogkp3jl18mwodrswa  ('bakery' @ 24.216209,54.481831)
2026-04-27 06:23:29  INFO      [sd_mogkp3jl18mwodrswa] Status: running
2026-04-27 06:27:04  INFO      [sd_mogkp3jl18mwodrswa] Status: ready
2026-04-27 06:27:06  INFO      Skipped 194 duplicate(s)
2026-04-27 06:27:06  INFO      Retrieved 3 record(s) — 5638 total | This run: 1988 / $2.9820 | All-time: $8.4570
2026-04-27 06:27:06  INFO      [36/15040] Processing: 'pharmacy' @ 24.216209,54.481831
2026-04-27 06:27:07  INFO      Triggered sd_mogktsgi1chmx6ty7k  ('pharmacy' @ 24.216209,54.481831)
2026-04-27 06:27:08  INFO      [sd_mogktsgi1chmx6ty7k] Status: running
2026-04-27 06:29:26  INFO      [sd_mogktsgi1chmx6ty7k] Status: ready
2026-04-27 06:29:28  INFO      Skipped 10 duplicate(s)
2026-04-27 06:29:28  INFO      Retrieved 176 record(s) — 5814 total | This run: 2164 / $3.2460 | All-time: $8.7210
2026-04-27 06:29:28  INFO      [37/15040] Processing: 'clinic' @ 24.216209,54.481831
2026-04-27 06:29:29  INFO      Triggered sd_mogkwudm2jjefw06m7  ('clinic' @ 24.216209,54.481831)
2026-04-27 06:29:30  INFO      [sd_mogkwudm2jjefw06m7] Status: running
2026-04-27 06:36:58  INFO      [sd_mogkwudm2jjefw06m7] Status: ready
2026-04-27 06:37:00  INFO      Skipped 216 duplicate(s)
2026-04-27 06:37:00  INFO      Retrieved 4 record(s) — 5818 total | This run: 2168 / $3.2520 | All-time: $8.7270
2026-04-27 06:37:00  INFO      [38/15040] Processing: 'school' @ 24.216209,54.481831
2026-04-27 06:37:01  INFO      Triggered sd_mogl6iv61j12ic60ns  ('school' @ 24.216209,54.481831)
2026-04-27 06:37:02  INFO      [sd_mogl6iv61j12ic60ns] Status: running
2026-04-27 06:40:43  INFO      [sd_mogl6iv61j12ic60ns] Status: ready
2026-04-27 06:40:45  INFO      Skipped 138 duplicate(s)
2026-04-27 06:40:45  INFO      Retrieved 23 record(s) — 5841 total | This run: 2191 / $3.2865 | All-time: $8.7615
2026-04-27 06:40:45  INFO      [39/15040] Processing: 'bank' @ 24.216209,54.481831
2026-04-27 06:40:46  INFO      Triggered sd_moglbcfx675drpl7d  ('bank' @ 24.216209,54.481831)
2026-04-27 06:40:47  INFO      [sd_moglbcfx675drpl7d] Status: running
2026-04-27 06:42:55  INFO      [sd_moglbcfx675drpl7d] Status: ready
2026-04-27 06:42:57  INFO      Skipped 137 duplicate(s)
2026-04-27 06:42:57  INFO      Retrieved 0 record(s) — 5841 total | This run: 2191 / $3.2865 | All-time: $8.7615
2026-04-27 06:42:57  INFO      [40/15040] Processing: 'supermarket' @ 24.216209,54.481831
2026-04-27 06:42:58  INFO      Triggered sd_mogle67i99uq5q509  ('supermarket' @ 24.216209,54.481831)
2026-04-27 06:42:59  INFO      [sd_mogle67i99uq5q509] Status: running
2026-04-27 06:45:31  INFO      [sd_mogle67i99uq5q509] Status: ready
2026-04-27 06:45:33  INFO      Skipped 152 duplicate(s)
2026-04-27 06:45:33  INFO      Retrieved 3 record(s) — 5844 total | This run: 2194 / $3.2910 | All-time: $8.7660
2026-04-27 06:45:33  INFO      [41/15040] Processing: 'restaurant' @ 24.216209,54.501603
2026-04-27 06:45:34  INFO      Triggered sd_moglhiokcozjwa0fe  ('restaurant' @ 24.216209,54.501603)
2026-04-27 06:45:35  INFO      [sd_moglhiokcozjwa0fe] Status: running
2026-04-27 06:47:43  INFO      [sd_moglhiokcozjwa0fe] Status: ready
2026-04-27 06:47:45  INFO      Skipped 137 duplicate(s)
2026-04-27 06:47:45  INFO      Retrieved 32 record(s) — 5876 total | This run: 2226 / $3.3390 | All-time: $8.8140
2026-04-27 06:47:45  INFO      [42/15040] Processing: 'cafe' @ 24.216209,54.501603
2026-04-27 06:47:46  INFO      Triggered sd_moglkcbs1v449xdz76  ('cafe' @ 24.216209,54.501603)
2026-04-27 06:47:47  INFO      [sd_moglkcbs1v449xdz76] Status: running
2026-04-27 06:51:09  INFO      [sd_moglkcbs1v449xdz76] Status: ready
2026-04-27 06:51:11  INFO      Skipped 195 duplicate(s)
2026-04-27 06:51:11  INFO      Retrieved 56 record(s) — 5932 total | This run: 2282 / $3.4230 | All-time: $8.8980
2026-04-27 06:51:11  INFO      [43/15040] Processing: 'hotel' @ 24.216209,54.501603
2026-04-27 06:51:12  INFO      Triggered sd_moglordnizkiqazdh  ('hotel' @ 24.216209,54.501603)
2026-04-27 06:51:13  INFO      [sd_moglordnizkiqazdh] Status: running
2026-04-27 06:52:05  INFO      [sd_moglordnizkiqazdh] Status: ready
2026-04-27 06:52:06  INFO      Skipped 5 duplicate(s)
2026-04-27 06:52:06  INFO      Retrieved 0 record(s) — 5932 total | This run: 2282 / $3.4230 | All-time: $8.8980
2026-04-27 06:52:06  INFO      [44/15040] Processing: 'mall' @ 24.216209,54.501603
2026-04-27 06:52:07  INFO      Triggered sd_moglpxur13udwk7f8o  ('mall' @ 24.216209,54.501603)
2026-04-27 06:52:08  INFO      [sd_moglpxur13udwk7f8o] Status: running
2026-04-27 06:53:58  INFO      [sd_moglpxur13udwk7f8o] Status: ready
2026-04-27 06:53:59  INFO      Skipped 185 duplicate(s)
2026-04-27 06:54:00  INFO      Retrieved 16 record(s) — 5948 total | This run: 2298 / $3.4470 | All-time: $8.9220
2026-04-27 06:54:00  INFO      [45/15040] Processing: 'gym' @ 24.216209,54.501603
2026-04-27 06:54:01  INFO      Triggered sd_moglsdpjhsk7edmyy  ('gym' @ 24.216209,54.501603)
2026-04-27 06:54:02  INFO      [sd_moglsdpjhsk7edmyy] Status: running
2026-04-27 07:00:59  INFO      [sd_moglsdpjhsk7edmyy] Status: ready
2026-04-27 07:01:01  INFO      Skipped 235 duplicate(s)
2026-04-27 07:01:01  INFO      Retrieved 52 record(s) — 6000 total | This run: 2350 / $3.5250 | All-time: $9.0000
2026-04-27 07:01:01  INFO      [46/15040] Processing: 'hospital' @ 24.216209,54.501603
2026-04-27 07:01:03  INFO      Triggered sd_mogm1f322jjj9ho2cc  ('hospital' @ 24.216209,54.501603)
2026-04-27 07:01:03  INFO      [sd_mogm1f322jjj9ho2cc] Status: running
2026-04-27 07:02:24  INFO      [sd_mogm1f322jjj9ho2cc] Status: ready
2026-04-27 07:02:26  INFO      Skipped 64 duplicate(s)
2026-04-27 07:02:26  INFO      Retrieved 13 record(s) — 6013 total | This run: 2363 / $3.5445 | All-time: $9.0195
2026-04-27 07:02:26  INFO      [47/15040] Processing: 'mosque' @ 24.216209,54.501603
2026-04-27 07:02:27  INFO      Triggered sd_mogm38bh1w2ofddamj  ('mosque' @ 24.216209,54.501603)
2026-04-27 07:02:28  INFO      [sd_mogm38bh1w2ofddamj] Status: running
2026-04-27 07:08:56  INFO      [sd_mogm38bh1w2ofddamj] Status: ready
2026-04-27 07:08:57  INFO      Skipped 195 duplicate(s)
2026-04-27 07:08:58  INFO      Retrieved 30 record(s) — 6043 total | This run: 2393 / $3.5895 | All-time: $9.0645
2026-04-27 07:08:58  INFO      [48/15040] Processing: 'spa' @ 24.216209,54.501603
2026-04-27 07:08:59  INFO      Triggered sd_mogmbmk41fzaqybrlx  ('spa' @ 24.216209,54.501603)
2026-04-27 07:09:00  INFO      [sd_mogmbmk41fzaqybrlx] Status: running
2026-04-27 07:15:57  INFO      [sd_mogmbmk41fzaqybrlx] Status: ready
2026-04-27 07:16:00  INFO      Skipped 288 duplicate(s)
2026-04-27 07:16:00  INFO      Retrieved 50 record(s) — 6093 total | This run: 2443 / $3.6645 | All-time: $9.1395
2026-04-27 07:16:00  INFO      [49/15040] Processing: 'cinema' @ 24.216209,54.501603
2026-04-27 07:16:02  INFO      Triggered sd_mogmkowk37l4l35ya  ('cinema' @ 24.216209,54.501603)
2026-04-27 07:16:03  INFO      [sd_mogmkowk37l4l35ya] Status: running
2026-04-27 07:17:53  INFO      [sd_mogmkowk37l4l35ya] Status: ready
2026-04-27 07:17:54  INFO      Skipped 93 duplicate(s)
2026-04-27 07:17:54  INFO      Retrieved 0 record(s) — 6093 total | This run: 2443 / $3.6645 | All-time: $9.1395
2026-04-27 07:17:54  INFO      [50/15040] Processing: 'bakery' @ 24.216209,54.501603
2026-04-27 07:17:56  INFO      Triggered sd_mogmn4nge1jh86d93  ('bakery' @ 24.216209,54.501603)
2026-04-27 07:17:56  INFO      [sd_mogmn4nge1jh86d93] Status: running
2026-04-27 07:25:23  INFO      [sd_mogmn4nge1jh86d93] Status: ready
2026-04-27 07:25:26  INFO      Skipped 195 duplicate(s)
2026-04-27 07:25:26  INFO      Retrieved 27 record(s) — 6120 total | This run: 2470 / $3.7050 | All-time: $9.1800
2026-04-27 07:25:26  INFO      [51/15040] Processing: 'pharmacy' @ 24.216209,54.501603
2026-04-27 07:25:27  INFO      Triggered sd_mogmwt5628hkm3qij  ('pharmacy' @ 24.216209,54.501603)
2026-04-27 07:25:28  INFO      [sd_mogmwt5628hkm3qij] Status: running
2026-04-27 07:28:33  INFO      [sd_mogmwt5628hkm3qij] Status: ready
2026-04-27 07:28:35  INFO      Skipped 196 duplicate(s)
2026-04-27 07:28:35  INFO      Retrieved 17 record(s) — 6137 total | This run: 2487 / $3.7305 | All-time: $9.2055
2026-04-27 07:28:35  INFO      [52/15040] Processing: 'clinic' @ 24.216209,54.501603
2026-04-27 07:28:36  INFO      Triggered sd_mogn0v6rspq5cwzez  ('clinic' @ 24.216209,54.501603)
2026-04-27 07:28:37  INFO      [sd_mogn0v6rspq5cwzez] Status: running
2026-04-27 07:33:10  INFO      [sd_mogn0v6rspq5cwzez] Status: ready
2026-04-27 07:33:11  INFO      Skipped 222 duplicate(s)
2026-04-27 07:33:12  INFO      Retrieved 10 record(s) — 6147 total | This run: 2497 / $3.7455 | All-time: $9.2205
2026-04-27 07:33:12  INFO      [53/15040] Processing: 'school' @ 24.216209,54.501603
2026-04-27 07:33:13  INFO      Triggered sd_mogn6syg1xroip0hy2  ('school' @ 24.216209,54.501603)
2026-04-27 07:33:14  INFO      [sd_mogn6syg1xroip0hy2] Status: running
2026-04-27 07:37:07  INFO      [sd_mogn6syg1xroip0hy2] Status: ready
2026-04-27 07:37:09  INFO      Skipped 141 duplicate(s)
2026-04-27 07:37:09  INFO      Retrieved 17 record(s) — 6164 total | This run: 2514 / $3.7710 | All-time: $9.2460
2026-04-27 07:37:09  INFO      [54/15040] Processing: 'bank' @ 24.216209,54.501603
2026-04-27 07:37:10  INFO      Triggered sd_mognbvkgl84e0i7g5  ('bank' @ 24.216209,54.501603)
2026-04-27 07:37:11  INFO      [sd_mognbvkgl84e0i7g5] Status: running
2026-04-27 07:42:35  INFO      [sd_mognbvkgl84e0i7g5] Status: ready
2026-04-27 07:42:37  INFO      Skipped 137 duplicate(s)
2026-04-27 07:42:37  INFO      Retrieved 4 record(s) — 6168 total | This run: 2518 / $3.7770 | All-time: $9.2520
2026-04-27 07:42:37  INFO      [55/15040] Processing: 'supermarket' @ 24.216209,54.501603
2026-04-27 07:42:38  INFO      Triggered sd_mogniwkp2rc9x1qobx  ('supermarket' @ 24.216209,54.501603)
2026-04-27 07:42:39  INFO      [sd_mogniwkp2rc9x1qobx] Status: running
2026-04-27 07:47:35  INFO      [sd_mogniwkp2rc9x1qobx] Status: ready
2026-04-27 07:47:37  INFO      Skipped 145 duplicate(s)
2026-04-27 07:47:37  INFO      Retrieved 15 record(s) — 6183 total | This run: 2533 / $3.7995 | All-time: $9.2745
2026-04-27 07:47:37  INFO      [56/15040] Processing: 'restaurant' @ 24.216209,54.521375
2026-04-27 07:47:38  INFO      Triggered sd_mognpcet2e39p7lje1  ('restaurant' @ 24.216209,54.521375)
2026-04-27 07:47:39  INFO      [sd_mognpcet2e39p7lje1] Status: running
2026-04-27 07:51:13  INFO      [sd_mognpcet2e39p7lje1] Status: ready
2026-04-27 07:51:15  INFO      Skipped 159 duplicate(s)
2026-04-27 07:51:16  INFO      Retrieved 11 record(s) — 6194 total | This run: 2544 / $3.8160 | All-time: $9.2910
2026-04-27 07:51:16  INFO      [57/15040] Processing: 'cafe' @ 24.216209,54.521375
2026-04-27 07:51:17  INFO      Triggered sd_mognu0su1d1mp78fgr  ('cafe' @ 24.216209,54.521375)
2026-04-27 07:51:17  INFO      [sd_mognu0su1d1mp78fgr] Status: running
2026-04-27 07:54:34  INFO      [sd_mognu0su1d1mp78fgr] Status: ready
2026-04-27 07:54:36  INFO      Skipped 239 duplicate(s)
2026-04-27 07:54:36  INFO      Retrieved 10 record(s) — 6204 total | This run: 2554 / $3.8310 | All-time: $9.3060
2026-04-27 07:54:36  INFO      [58/15040] Processing: 'hotel' @ 24.216209,54.521375
2026-04-27 07:54:37  INFO      Triggered sd_mognybof3qv4qck0s  ('hotel' @ 24.216209,54.521375)
2026-04-27 07:54:38  INFO      [sd_mognybof3qv4qck0s] Status: running
2026-04-27 07:55:48  INFO      [sd_mognybof3qv4qck0s] Status: ready
2026-04-27 07:55:49  INFO      Skipped 5 duplicate(s)
2026-04-27 07:55:49  INFO      Retrieved 0 record(s) — 6204 total | This run: 2554 / $3.8310 | All-time: $9.3060
2026-04-27 07:55:49  INFO      [59/15040] Processing: 'mall' @ 24.216209,54.521375
2026-04-27 07:55:50  INFO      Triggered sd_mognzvyhjytwm9s9i  ('mall' @ 24.216209,54.521375)
2026-04-27 07:55:51  INFO      [sd_mognzvyhjytwm9s9i] Status: running
2026-04-27 07:58:56  INFO      [sd_mognzvyhjytwm9s9i] Status: ready
2026-04-27 07:58:58  INFO      Skipped 195 duplicate(s)
2026-04-27 07:58:58  INFO      Retrieved 8 record(s) — 6212 total | This run: 2562 / $3.8430 | All-time: $9.3180
2026-04-27 07:58:58  INFO      [60/15040] Processing: 'gym' @ 24.216209,54.521375
2026-04-27 07:58:59  INFO      Triggered sd_mogo3xj7166an8f7jm  ('gym' @ 24.216209,54.521375)
2026-04-27 07:59:00  INFO      [sd_mogo3xj7166an8f7jm] Status: running
2026-04-27 08:01:48  INFO      [sd_mogo3xj7166an8f7jm] Status: ready
2026-04-27 08:01:51  INFO      Skipped 284 duplicate(s)
2026-04-27 08:01:51  INFO      Retrieved 9 record(s) — 6221 total | This run: 2571 / $3.8565 | All-time: $9.3315
2026-04-27 08:01:51  INFO      [61/15040] Processing: 'hospital' @ 24.216209,54.521375
2026-04-27 08:01:52  INFO      Triggered sd_mogo7n8y3nplsw6o4  ('hospital' @ 24.216209,54.521375)
2026-04-27 08:01:53  INFO      [sd_mogo7n8y3nplsw6o4] Status: running
2026-04-27 08:05:10  INFO      [sd_mogo7n8y3nplsw6o4] Status: ready
2026-04-27 08:05:12  INFO      Skipped 77 duplicate(s)
2026-04-27 08:05:12  INFO      Retrieved 1 record(s) — 6222 total | This run: 2572 / $3.8580 | All-time: $9.3330
2026-04-27 08:05:12  INFO      [62/15040] Processing: 'mosque' @ 24.216209,54.521375
2026-04-27 08:05:13  INFO      Triggered sd_mogoby4i1jsbu31o3y  ('mosque' @ 24.216209,54.521375)
2026-04-27 08:05:14  INFO      [sd_mogoby4i1jsbu31o3y] Status: running
2026-04-27 08:08:38  INFO      [sd_mogoby4i1jsbu31o3y] Status: ready
2026-04-27 08:08:40  INFO      Skipped 230 duplicate(s)
2026-04-27 08:08:40  INFO      Retrieved 7 record(s) — 6229 total | This run: 2579 / $3.8685 | All-time: $9.3435
2026-04-27 08:08:40  INFO      [63/15040] Processing: 'spa' @ 24.216209,54.521375
2026-04-27 08:08:41  INFO      Triggered sd_mogogel12qzy0ycj3h  ('spa' @ 24.216209,54.521375)
2026-04-27 08:08:42  INFO      [sd_mogogel12qzy0ycj3h] Status: running
2026-04-27 08:14:00  INFO      [sd_mogogel12qzy0ycj3h] Status: ready
2026-04-27 08:14:02  INFO      Skipped 338 duplicate(s)
2026-04-27 08:14:03  INFO      Retrieved 5 record(s) — 6234 total | This run: 2584 / $3.8760 | All-time: $9.3510
2026-04-27 08:14:03  INFO      [64/15040] Processing: 'cinema' @ 24.216209,54.521375
2026-04-27 08:14:04  INFO      Triggered sd_mogonbj1gwplindwa  ('cinema' @ 24.216209,54.521375)
2026-04-27 08:14:04  INFO      [sd_mogonbj1gwplindwa] Status: running
2026-04-27 08:17:40  INFO      [sd_mogonbj1gwplindwa] Status: ready
2026-04-27 08:17:41  INFO      Skipped 86 duplicate(s)
2026-04-27 08:17:42  INFO      Retrieved 0 record(s) — 6234 total | This run: 2584 / $3.8760 | All-time: $9.3510
2026-04-27 08:17:42  INFO      [65/15040] Processing: 'bakery' @ 24.216209,54.521375
2026-04-27 08:17:43  INFO      Triggered sd_mogos0h21ruanr2t38  ('bakery' @ 24.216209,54.521375)
2026-04-27 08:17:43  INFO      [sd_mogos0h21ruanr2t38] Status: running
2026-04-27 08:20:25  INFO      [sd_mogos0h21ruanr2t38] Status: ready
2026-04-27 08:20:27  INFO      Skipped 215 duplicate(s)
2026-04-27 08:20:27  INFO      Retrieved 7 record(s) — 6241 total | This run: 2591 / $3.8865 | All-time: $9.3615
2026-04-27 08:20:27  INFO      [66/15040] Processing: 'pharmacy' @ 24.216209,54.521375
2026-04-27 08:20:28  INFO      Triggered sd_mogovkd91qrn7809y3  ('pharmacy' @ 24.216209,54.521375)
2026-04-27 08:20:29  INFO      [sd_mogovkd91qrn7809y3] Status: running
2026-04-27 08:22:25  INFO      [sd_mogovkd91qrn7809y3] Status: ready
2026-04-27 08:22:30  INFO      Skipped 211 duplicate(s)
2026-04-27 08:22:30  INFO      Retrieved 5 record(s) — 6246 total | This run: 2596 / $3.8940 | All-time: $9.3690
2026-04-27 08:22:30  INFO      [67/15040] Processing: 'clinic' @ 24.216209,54.521375
2026-04-27 08:22:31  INFO      Triggered sd_mogoy70a25zio25min  ('clinic' @ 24.216209,54.521375)
2026-04-27 08:22:32  INFO      [sd_mogoy70a25zio25min] Status: running
2026-04-27 08:26:00  INFO      [sd_mogoy70a25zio25min] Status: ready
2026-04-27 08:26:02  INFO      Skipped 215 duplicate(s)
2026-04-27 08:26:02  INFO      Retrieved 16 record(s) — 6262 total | This run: 2612 / $3.9180 | All-time: $9.3930
2026-04-27 08:26:02  INFO      [68/15040] Processing: 'school' @ 24.216209,54.521375
2026-04-27 08:26:03  INFO      Triggered sd_mogp2qilnogkm2s1i  ('school' @ 24.216209,54.521375)
2026-04-27 08:26:04  INFO      [sd_mogp2qilnogkm2s1i] Status: running
2026-04-27 08:27:48  INFO      [sd_mogp2qilnogkm2s1i] Status: ready
2026-04-27 08:27:50  INFO      Skipped 150 duplicate(s)
2026-04-27 08:27:50  INFO      Retrieved 7 record(s) — 6269 total | This run: 2619 / $3.9285 | All-time: $9.4035
2026-04-27 08:27:50  INFO      [69/15040] Processing: 'bank' @ 24.216209,54.521375
2026-04-27 08:27:51  INFO      Triggered sd_mogp51v51ejkuk5xli  ('bank' @ 24.216209,54.521375)
2026-04-27 08:27:52  INFO      [sd_mogp51v51ejkuk5xli] Status: running
2026-04-27 08:32:06  INFO      [sd_mogp51v51ejkuk5xli] Status: ready
2026-04-27 08:32:08  INFO      Skipped 125 duplicate(s)
2026-04-27 08:32:08  INFO      Retrieved 11 record(s) — 6280 total | This run: 2630 / $3.9450 | All-time: $9.4200
2026-04-27 08:32:08  INFO      [70/15040] Processing: 'supermarket' @ 24.216209,54.521375
2026-04-27 08:32:09  INFO      Triggered sd_mogpal5e2gd7332u4f  ('supermarket' @ 24.216209,54.521375)
2026-04-27 08:32:10  INFO      [sd_mogpal5e2gd7332u4f] Status: running
2026-04-27 08:37:47  INFO      [sd_mogpal5e2gd7332u4f] Status: ready
2026-04-27 08:37:48  INFO      Skipped 155 duplicate(s)
2026-04-27 08:37:49  INFO      Retrieved 6 record(s) — 6286 total | This run: 2636 / $3.9540 | All-time: $9.4290
2026-04-27 08:37:49  INFO      [71/15040] Processing: 'restaurant' @ 24.216209,54.541148
2026-04-27 08:37:50  INFO      Triggered sd_mogphvx72r4r45fi47  ('restaurant' @ 24.216209,54.541148)
2026-04-27 08:37:51  INFO      [sd_mogphvx72r4r45fi47] Status: running
2026-04-27 08:41:49  INFO      [sd_mogphvx72r4r45fi47] Status: ready
2026-04-27 08:41:51  INFO      Skipped 148 duplicate(s)
2026-04-27 08:41:51  INFO      Retrieved 34 record(s) — 6320 total | This run: 2670 / $4.0050 | All-time: $9.4800
2026-04-27 08:41:51  INFO      [72/15040] Processing: 'cafe' @ 24.216209,54.541148
2026-04-27 08:41:52  INFO      Triggered sd_mogpn35b21z7j79vxn  ('cafe' @ 24.216209,54.541148)
2026-04-27 08:41:53  INFO      [sd_mogpn35b21z7j79vxn] Status: running
2026-04-27 08:45:34  INFO      [sd_mogpn35b21z7j79vxn] Status: ready
2026-04-27 08:45:36  INFO      Skipped 235 duplicate(s)
2026-04-27 08:45:37  INFO      Retrieved 16 record(s) — 6336 total | This run: 2686 / $4.0290 | All-time: $9.5040
2026-04-27 08:45:37  INFO      [73/15040] Processing: 'hotel' @ 24.216209,54.541148
2026-04-27 08:45:38  INFO      Triggered sd_mogprx1n15desaz0zc  ('hotel' @ 24.216209,54.541148)
2026-04-27 08:45:39  INFO      [sd_mogprx1n15desaz0zc] Status: running
2026-04-27 08:46:42  INFO      [sd_mogprx1n15desaz0zc] Status: ready
2026-04-27 08:46:43  INFO      Skipped 5 duplicate(s)
2026-04-27 08:46:44  INFO      Retrieved 0 record(s) — 6336 total | This run: 2686 / $4.0290 | All-time: $9.5040
2026-04-27 08:46:44  INFO      [74/15040] Processing: 'mall' @ 24.216209,54.541148
2026-04-27 08:46:45  INFO      Triggered sd_mogptcle2hgrosm2y5  ('mall' @ 24.216209,54.541148)
2026-04-27 08:46:45  INFO      [sd_mogptcle2hgrosm2y5] Status: running
2026-04-27 08:50:55  INFO      [sd_mogptcle2hgrosm2y5] Status: ready
2026-04-27 08:50:57  INFO      Skipped 195 duplicate(s)
2026-04-27 08:50:57  INFO      Retrieved 17 record(s) — 6353 total | This run: 2703 / $4.0545 | All-time: $9.5295
2026-04-27 08:50:57  INFO      [75/15040] Processing: 'gym' @ 24.216209,54.541148
2026-04-27 08:50:58  INFO      Triggered sd_mogpys7l59jz0pxwm  ('gym' @ 24.216209,54.541148)
2026-04-27 08:50:59  INFO      [sd_mogpys7l59jz0pxwm] Status: running
2026-04-27 08:55:02  INFO      [sd_mogpys7l59jz0pxwm] Status: ready
2026-04-27 08:55:04  INFO      Skipped 273 duplicate(s)
2026-04-27 08:55:04  INFO      Retrieved 12 record(s) — 6365 total | This run: 2715 / $4.0725 | All-time: $9.5475
2026-04-27 08:55:04  INFO      [76/15040] Processing: 'hospital' @ 24.216209,54.541148
2026-04-27 08:55:05  INFO      Triggered sd_mogq42su25anfbklaz  ('hospital' @ 24.216209,54.541148)
2026-04-27 08:55:06  INFO      [sd_mogq42su25anfbklaz] Status: running
2026-04-27 08:58:05  INFO      [sd_mogq42su25anfbklaz] Status: ready
2026-04-27 08:58:07  INFO      Skipped 72 duplicate(s)
2026-04-27 08:58:07  INFO      Retrieved 0 record(s) — 6365 total | This run: 2715 / $4.0725 | All-time: $9.5475
2026-04-27 08:58:07  INFO      [77/15040] Processing: 'mosque' @ 24.216209,54.541148
2026-04-27 08:58:08  INFO      Triggered sd_mogq80111iy2i703ij  ('mosque' @ 24.216209,54.541148)
2026-04-27 08:58:09  INFO      [sd_mogq80111iy2i703ij] Status: running
2026-04-27 09:00:42  INFO      [sd_mogq80111iy2i703ij] Status: ready
2026-04-27 09:00:44  INFO      Skipped 224 duplicate(s)
2026-04-27 09:00:45  INFO      Retrieved 7 record(s) — 6372 total | This run: 2722 / $4.0830 | All-time: $9.5580
2026-04-27 09:00:45  INFO      [78/15040] Processing: 'spa' @ 24.216209,54.541148
2026-04-27 09:00:46  INFO      Triggered sd_mogqbdjntjxy2z1ox  ('spa' @ 24.216209,54.541148)
2026-04-27 09:00:46  INFO      [sd_mogqbdjntjxy2z1ox] Status: running
2026-04-27 09:06:43  INFO      [sd_mogqbdjntjxy2z1ox] Status: ready
2026-04-27 09:06:45  INFO      Skipped 321 duplicate(s)
2026-04-27 09:06:45  INFO      Retrieved 12 record(s) — 6384 total | This run: 2734 / $4.1010 | All-time: $9.5760
2026-04-27 09:06:45  INFO      [79/15040] Processing: 'cinema' @ 24.216209,54.541148
2026-04-27 09:06:46  INFO      Triggered sd_mogqj3y71z6wk8pb80  ('cinema' @ 24.216209,54.541148)
2026-04-27 09:06:47  INFO      [sd_mogqj3y71z6wk8pb80] Status: running
2026-04-27 09:09:35  INFO      [sd_mogqj3y71z6wk8pb80] Status: ready
2026-04-27 09:09:37  INFO      Skipped 78 duplicate(s)
2026-04-27 09:09:37  INFO      Retrieved 4 record(s) — 6388 total | This run: 2738 / $4.1070 | All-time: $9.5820
2026-04-27 09:09:37  INFO      [80/15040] Processing: 'bakery' @ 24.216209,54.541148
2026-04-27 09:09:38  INFO      Triggered sd_mogqms9cchqh0u7ub  ('bakery' @ 24.216209,54.541148)
2026-04-27 09:09:39  INFO      [sd_mogqms9cchqh0u7ub] Status: running
2026-04-27 09:14:40  INFO      [sd_mogqms9cchqh0u7ub] Status: ready
2026-04-27 09:14:42  INFO      Skipped 212 duplicate(s)
2026-04-27 09:14:42  INFO      Retrieved 5 record(s) — 6393 total | This run: 2743 / $4.1145 | All-time: $9.5895
2026-04-27 09:14:42  INFO      [81/15040] Processing: 'pharmacy' @ 24.216209,54.541148
2026-04-27 09:14:43  INFO      Triggered sd_mogqtbk612c9n1m4hq  ('pharmacy' @ 24.216209,54.541148)
2026-04-27 09:14:44  INFO      [sd_mogqtbk612c9n1m4hq] Status: running
2026-04-27 09:18:37  INFO      [sd_mogqtbk612c9n1m4hq] Status: ready
2026-04-27 09:18:39  INFO      Skipped 204 duplicate(s)
2026-04-27 09:18:39  INFO      Retrieved 6 record(s) — 6399 total | This run: 2749 / $4.1235 | All-time: $9.5985
2026-04-27 09:18:39  INFO      [82/15040] Processing: 'clinic' @ 24.216209,54.541148
2026-04-27 09:18:40  INFO      Triggered sd_mogqyem6r1d6t0def  ('clinic' @ 24.216209,54.541148)
2026-04-27 09:18:41  INFO      [sd_mogqyem6r1d6t0def] Status: running
2026-04-27 09:22:21  INFO      [sd_mogqyem6r1d6t0def] Status: ready
2026-04-27 09:22:23  INFO      Skipped 207 duplicate(s)
2026-04-27 09:22:24  INFO      Retrieved 17 record(s) — 6416 total | This run: 2766 / $4.1490 | All-time: $9.6240
2026-04-27 09:22:24  INFO      [83/15040] Processing: 'school' @ 24.216209,54.541148
2026-04-27 09:22:25  INFO      Triggered sd_mogr37xg2iz4mbcz5z  ('school' @ 24.216209,54.541148)
2026-04-27 09:22:25  INFO      [sd_mogr37xg2iz4mbcz5z] Status: running
2026-04-27 09:24:10  INFO      [sd_mogr37xg2iz4mbcz5z] Status: ready
2026-04-27 09:24:12  INFO      Skipped 147 duplicate(s)
2026-04-27 09:24:12  INFO      Retrieved 13 record(s) — 6429 total | This run: 2779 / $4.1685 | All-time: $9.6435
2026-04-27 09:24:12  INFO      [84/15040] Processing: 'bank' @ 24.216209,54.541148
2026-04-27 09:24:13  INFO      Triggered sd_mogr5jokhlltrkerw  ('bank' @ 24.216209,54.541148)
2026-04-27 09:24:14  INFO      [sd_mogr5jokhlltrkerw] Status: running
2026-04-27 09:31:02  INFO      [sd_mogr5jokhlltrkerw] Status: ready
2026-04-27 09:31:03  INFO      Skipped 127 duplicate(s)
2026-04-27 09:31:04  INFO      Retrieved 16 record(s) — 6445 total | This run: 2795 / $4.1925 | All-time: $9.6675
2026-04-27 09:31:04  INFO      [85/15040] Processing: 'supermarket' @ 24.216209,54.541148
2026-04-27 09:31:05  INFO      Triggered sd_mogred3e2hxg9usnm5  ('supermarket' @ 24.216209,54.541148)
2026-04-27 09:31:05  INFO      [sd_mogred3e2hxg9usnm5] Status: running
2026-04-27 09:35:32  INFO      [sd_mogred3e2hxg9usnm5] Status: ready
2026-04-27 09:35:34  INFO      Skipped 161 duplicate(s)
2026-04-27 09:35:34  INFO      Retrieved 6 record(s) — 6451 total | This run: 2801 / $4.2015 | All-time: $9.6765
2026-04-27 09:35:34  INFO      [86/15040] Processing: 'restaurant' @ 24.216209,54.56092
2026-04-27 09:35:35  INFO      Triggered sd_mogrk5wh2dwhbyxd3y  ('restaurant' @ 24.216209,54.56092)
2026-04-27 09:35:36  INFO      [sd_mogrk5wh2dwhbyxd3y] Status: running
2026-04-27 09:39:10  INFO      [sd_mogrk5wh2dwhbyxd3y] Status: ready
2026-04-27 09:39:12  INFO      Skipped 177 duplicate(s)
2026-04-27 09:39:12  INFO      Retrieved 11 record(s) — 6462 total | This run: 2812 / $4.2180 | All-time: $9.6930
2026-04-27 09:39:12  INFO      [87/15040] Processing: 'cafe' @ 24.216209,54.56092
2026-04-27 09:39:13  INFO      Triggered sd_mogrou4121c96nippc  ('cafe' @ 24.216209,54.56092)
2026-04-27 09:39:14  INFO      [sd_mogrou4121c96nippc] Status: running
2026-04-27 09:44:49  INFO      [sd_mogrou4121c96nippc] Status: ready
2026-04-27 09:44:51  INFO      Skipped 229 duplicate(s)
2026-04-27 09:44:52  INFO      Retrieved 23 record(s) — 6485 total | This run: 2835 / $4.2525 | All-time: $9.7275
2026-04-27 09:44:52  INFO      [88/15040] Processing: 'hotel' @ 24.216209,54.56092
2026-04-27 09:44:53  INFO      Triggered sd_mogrw41xqz0m73lkb  ('hotel' @ 24.216209,54.56092)
2026-04-27 09:44:54  INFO      [sd_mogrw41xqz0m73lkb] Status: running
2026-04-27 09:48:16  INFO      [sd_mogrw41xqz0m73lkb] Status: ready
2026-04-27 09:48:17  INFO      Skipped 42 duplicate(s)
2026-04-27 09:48:18  INFO      Retrieved 14 record(s) — 6499 total | This run: 2849 / $4.2735 | All-time: $9.7485
2026-04-27 09:48:18  INFO      [89/15040] Processing: 'mall' @ 24.216209,54.56092
2026-04-27 09:48:19  INFO      Triggered sd_mogs0j5u1cr97kovr  ('mall' @ 24.216209,54.56092)
2026-04-27 09:48:20  INFO      [sd_mogs0j5u1cr97kovr] Status: running
2026-04-27 09:54:02  INFO      [sd_mogs0j5u1cr97kovr] Status: ready
2026-04-27 09:54:03  INFO      Skipped 192 duplicate(s)
2026-04-27 09:54:04  INFO      Retrieved 23 record(s) — 6522 total | This run: 2872 / $4.3080 | All-time: $9.7830
2026-04-27 09:54:04  INFO      [90/15040] Processing: 'gym' @ 24.216209,54.56092
2026-04-27 09:54:05  INFO      Triggered sd_mogs7xyk1xb2zy6y2i  ('gym' @ 24.216209,54.56092)
2026-04-27 09:54:06  INFO      [sd_mogs7xyk1xb2zy6y2i] Status: running
2026-04-27 09:59:47  INFO      [sd_mogs7xyk1xb2zy6y2i] Status: ready
2026-04-27 09:59:49  INFO      Skipped 280 duplicate(s)
2026-04-27 09:59:50  INFO      Retrieved 1 record(s) — 6523 total | This run: 2873 / $4.3095 | All-time: $9.7845
2026-04-27 09:59:50  INFO      [91/15040] Processing: 'hospital' @ 24.216209,54.56092
2026-04-27 09:59:51  INFO      Triggered sd_mogsfcyme7v7gqu6z  ('hospital' @ 24.216209,54.56092)
2026-04-27 09:59:51  INFO      [sd_mogsfcyme7v7gqu6z] Status: running
2026-04-27 10:01:30  INFO      [sd_mogsfcyme7v7gqu6z] Status: ready
2026-04-27 10:01:32  INFO      Skipped 72 duplicate(s)
2026-04-27 10:01:32  INFO      Retrieved 0 record(s) — 6523 total | This run: 2873 / $4.3095 | All-time: $9.7845
2026-04-27 10:01:32  INFO      [92/15040] Processing: 'mosque' @ 24.216209,54.56092
2026-04-27 10:01:33  INFO      Triggered sd_mogshjux2nypljv03t  ('mosque' @ 24.216209,54.56092)
2026-04-27 10:01:34  INFO      [sd_mogshjux2nypljv03t] Status: running
2026-04-27 10:06:14  INFO      [sd_mogshjux2nypljv03t] Status: ready
2026-04-27 10:06:16  INFO      Skipped 233 duplicate(s)
2026-04-27 10:06:17  INFO      Retrieved 6 record(s) — 6529 total | This run: 2879 / $4.3185 | All-time: $9.7935
2026-04-27 10:06:17  INFO      [93/15040] Processing: 'spa' @ 24.216209,54.56092
2026-04-27 10:06:18  INFO      Triggered sd_mogsnng68amm7coaz  ('spa' @ 24.216209,54.56092)
2026-04-27 10:06:18  INFO      [sd_mogsnng68amm7coaz] Status: running
2026-04-27 10:13:52  INFO      [sd_mogsnng68amm7coaz] Status: ready
2026-04-27 10:13:54  INFO      Skipped 327 duplicate(s)
2026-04-27 10:13:55  INFO      Retrieved 0 record(s) — 6529 total | This run: 2879 / $4.3185 | All-time: $9.7935
2026-04-27 10:13:55  INFO      [94/15040] Processing: 'cinema' @ 24.216209,54.56092
2026-04-27 10:13:56  INFO      Triggered sd_mogsxgv3205hded13r  ('cinema' @ 24.216209,54.56092)
2026-04-27 10:13:56  INFO      [sd_mogsxgv3205hded13r] Status: running
2026-04-27 10:17:32  INFO      [sd_mogsxgv3205hded13r] Status: ready
2026-04-27 10:17:34  INFO      Skipped 89 duplicate(s)
2026-04-27 10:17:34  INFO      Retrieved 0 record(s) — 6529 total | This run: 2879 / $4.3185 | All-time: $9.7935
2026-04-27 10:17:34  INFO      [95/15040] Processing: 'bakery' @ 24.216209,54.56092
2026-04-27 10:17:35  INFO      Triggered sd_mogt2648202gwmpfxz  ('bakery' @ 24.216209,54.56092)
2026-04-27 10:17:36  INFO      [sd_mogt2648202gwmpfxz] Status: running
2026-04-27 10:21:51  INFO      [sd_mogt2648202gwmpfxz] Status: ready
2026-04-27 10:21:53  INFO      Skipped 215 duplicate(s)
2026-04-27 10:21:53  INFO      Retrieved 3 record(s) — 6532 total | This run: 2882 / $4.3230 | All-time: $9.7980
2026-04-27 10:21:53  INFO      [96/15040] Processing: 'pharmacy' @ 24.216209,54.56092
2026-04-27 10:21:54  INFO      Triggered sd_mogt7q0e2qprliscxk  ('pharmacy' @ 24.216209,54.56092)
2026-04-27 10:21:55  INFO      [sd_mogt7q0e2qprliscxk] Status: running
2026-04-27 10:26:11  INFO      [sd_mogt7q0e2qprliscxk] Status: ready
2026-04-27 10:26:13  INFO      Skipped 201 duplicate(s)
2026-04-27 10:26:14  INFO      Retrieved 9 record(s) — 6541 total | This run: 2891 / $4.3365 | All-time: $9.8115
2026-04-27 10:26:14  INFO      [97/15040] Processing: 'clinic' @ 24.216209,54.56092
2026-04-27 10:26:14  INFO      Triggered sd_mogtdayv21jqsa07l9  ('clinic' @ 24.216209,54.56092)
2026-04-27 10:26:15  INFO      [sd_mogtdayv21jqsa07l9] Status: running
2026-04-27 10:29:26  INFO      [sd_mogtdayv21jqsa07l9] Status: ready
2026-04-27 10:29:28  INFO      Skipped 229 duplicate(s)
2026-04-27 10:29:28  INFO      Retrieved 3 record(s) — 6544 total | This run: 2894 / $4.3410 | All-time: $9.8160
2026-04-27 10:29:28  INFO      [98/15040] Processing: 'school' @ 24.216209,54.56092
2026-04-27 10:29:29  INFO      Triggered sd_mogthh9i2hsyw67ieb  ('school' @ 24.216209,54.56092)
2026-04-27 10:29:30  INFO      [sd_mogthh9i2hsyw67ieb] Status: running
2026-04-27 10:33:06  INFO      [sd_mogthh9i2hsyw67ieb] Status: ready
2026-04-27 10:33:08  INFO      Skipped 153 duplicate(s)
2026-04-27 10:33:08  INFO      Retrieved 10 record(s) — 6554 total | This run: 2904 / $4.3560 | All-time: $9.8310
2026-04-27 10:33:08  INFO      [99/15040] Processing: 'bank' @ 24.216209,54.56092
2026-04-27 10:33:09  INFO      Triggered sd_mogtm6xvy16bqsk9u  ('bank' @ 24.216209,54.56092)
2026-04-27 10:33:10  INFO      [sd_mogtm6xvy16bqsk9u] Status: running
2026-04-27 10:39:10  INFO      [sd_mogtm6xvy16bqsk9u] Status: ready
2026-04-27 10:39:12  INFO      Skipped 135 duplicate(s)
2026-04-27 10:39:12  INFO      Retrieved 3 record(s) — 6557 total | This run: 2907 / $4.3605 | All-time: $9.8355
2026-04-27 10:39:12  INFO      [100/15040] Processing: 'supermarket' @ 24.216209,54.56092
2026-04-27 10:39:13  INFO      Triggered sd_mogttzxg1n11ub4422  ('supermarket' @ 24.216209,54.56092)
2026-04-27 10:39:14  INFO      [sd_mogttzxg1n11ub4422] Status: running
2026-04-27 10:44:44  INFO      [sd_mogttzxg1n11ub4422] Status: ready
2026-04-27 10:44:46  INFO      Skipped 165 duplicate(s)
2026-04-27 10:44:46  INFO      Retrieved 6 record(s) — 6563 total | This run: 2913 / $4.3695 | All-time: $9.8445
2026-04-27 10:44:46  INFO      [101/15040] Processing: 'restaurant' @ 24.216209,54.580692
2026-04-27 10:44:47  INFO      Triggered sd_mogu15o21wq3o5e7mt  ('restaurant' @ 24.216209,54.580692)
2026-04-27 10:44:48  INFO      [sd_mogu15o21wq3o5e7mt] Status: running
2026-04-27 10:49:15  INFO      [sd_mogu15o21wq3o5e7mt] Status: ready
2026-04-27 10:49:17  INFO      Skipped 183 duplicate(s)
2026-04-27 10:49:17  INFO      Retrieved 72 record(s) — 6635 total | This run: 2985 / $4.4775 | All-time: $9.9525
2026-04-27 10:49:17  INFO      [102/15040] Processing: 'cafe' @ 24.216209,54.580692
2026-04-27 10:49:18  INFO      Triggered sd_mogu6ytt1f7k0pef52  ('cafe' @ 24.216209,54.580692)
2026-04-27 10:49:19  INFO      [sd_mogu6ytt1f7k0pef52] Status: running
2026-04-27 10:53:13  INFO      [sd_mogu6ytt1f7k0pef52] Status: ready
2026-04-27 10:53:15  INFO      Skipped 181 duplicate(s)
2026-04-27 10:53:15  INFO      Retrieved 38 record(s) — 6673 total | This run: 3023 / $4.5345 | All-time: $10.0095
2026-04-27 10:53:15  INFO      [103/15040] Processing: 'hotel' @ 24.216209,54.580692
2026-04-27 10:53:16  INFO      Triggered sd_moguc2dgms78tsw2w  ('hotel' @ 24.216209,54.580692)
2026-04-27 10:53:17  INFO      [sd_moguc2dgms78tsw2w] Status: running
2026-04-27 10:58:43  INFO      [sd_moguc2dgms78tsw2w] Status: ready
2026-04-27 10:58:44  INFO      Skipped 3 duplicate(s)
2026-04-27 10:58:44  INFO      Retrieved 1 record(s) — 6674 total | This run: 3024 / $4.5360 | All-time: $10.0110
2026-04-27 10:58:44  INFO      [104/15040] Processing: 'mall' @ 24.216209,54.580692
2026-04-27 10:58:45  INFO      Triggered sd_moguj40h10nq3kr3rj  ('mall' @ 24.216209,54.580692)
2026-04-27 10:58:46  INFO      [sd_moguj40h10nq3kr3rj] Status: running
2026-04-27 11:02:41  INFO      [sd_moguj40h10nq3kr3rj] Status: ready
2026-04-27 11:02:43  INFO      Skipped 200 duplicate(s)
2026-04-27 11:02:43  INFO      Retrieved 11 record(s) — 6685 total | This run: 3035 / $4.5525 | All-time: $10.0275
2026-04-27 11:02:44  INFO      [105/15040] Processing: 'gym' @ 24.216209,54.580692
2026-04-27 11:02:44  INFO      Triggered sd_moguo8sn2iqauwfifd  ('gym' @ 24.216209,54.580692)
2026-04-27 11:02:45  INFO      [sd_moguo8sn2iqauwfifd] Status: running
2026-04-27 11:07:42  INFO      === Run started — existing records: 6685 (prior cost: $10.0275) ===
2026-04-27 11:07:42  INFO      [1/4410] Processing: 'restaurant' @ 24.432423,54.349143
2026-04-27 11:07:43  INFO      Triggered sd_moguun3pc49i98tro  ('restaurant' @ 24.432423,54.349143)
2026-04-27 11:07:44  INFO      [sd_moguun3pc49i98tro] Status: running
2026-04-27 11:10:48  INFO      [sd_moguun3pc49i98tro] Status: ready
2026-04-27 11:10:50  INFO      Skipped 16 duplicate(s)
2026-04-27 11:10:51  INFO      Retrieved 146 record(s) — 6831 total | This run: 146 / $0.2190 | All-time: $10.2465
2026-04-27 11:10:51  INFO      [2/4410] Processing: 'cafe' @ 24.432423,54.349143
2026-04-27 11:10:52  INFO      Triggered sd_moguyoqrtl88fgjbp  ('cafe' @ 24.432423,54.349143)
2026-04-27 11:10:52  INFO      [sd_moguyoqrtl88fgjbp] Status: running
2026-04-27 11:17:55  INFO      [sd_moguyoqrtl88fgjbp] Status: ready
2026-04-27 11:17:57  INFO      Skipped 86 duplicate(s)
2026-04-27 11:17:57  INFO      Retrieved 146 record(s) — 6977 total | This run: 292 / $0.4380 | All-time: $10.4655
2026-04-27 11:17:57  INFO      [3/4410] Processing: 'hotel' @ 24.432423,54.349143
2026-04-27 11:17:58  INFO      Triggered sd_mogv7u2ji2dva7dxt  ('hotel' @ 24.432423,54.349143)
2026-04-27 11:17:59  INFO      [sd_mogv7u2ji2dva7dxt] Status: running
2026-04-27 11:19:32  INFO      [sd_mogv7u2ji2dva7dxt] Status: ready
2026-04-27 11:19:33  INFO      Skipped 20 duplicate(s)
2026-04-27 11:19:33  INFO      Retrieved 52 record(s) — 7029 total | This run: 344 / $0.5160 | All-time: $10.5435
2026-04-27 11:19:33  INFO      [4/4410] Processing: 'mall' @ 24.432423,54.349143
2026-04-27 11:19:34  INFO      Triggered sd_mogv9w1v18k4v5bfbj  ('mall' @ 24.432423,54.349143)
2026-04-27 11:19:35  INFO      [sd_mogv9w1v18k4v5bfbj] Status: running
2026-04-27 11:27:06  INFO      [sd_mogv9w1v18k4v5bfbj] Status: ready
2026-04-27 11:27:08  INFO      Skipped 23 duplicate(s)
2026-04-27 11:27:09  INFO      Retrieved 152 record(s) — 7181 total | This run: 496 / $0.7440 | All-time: $10.7715
2026-04-27 11:27:09  INFO      [5/4410] Processing: 'gym' @ 24.432423,54.349143
2026-04-27 11:27:10  INFO      Triggered sd_mogvjnazxan1jqjte  ('gym' @ 24.432423,54.349143)
2026-04-27 11:27:11  INFO      [sd_mogvjnazxan1jqjte] Status: running
2026-04-27 11:29:30  INFO      [sd_mogvjnazxan1jqjte] Status: ready
2026-04-27 11:29:31  INFO      Skipped 113 duplicate(s)
2026-04-27 11:29:32  INFO      Retrieved 95 record(s) — 7276 total | This run: 591 / $0.8865 | All-time: $10.9140
2026-04-27 11:29:32  INFO      [6/4410] Processing: 'hospital' @ 24.432423,54.349143
2026-04-27 11:29:33  INFO      Triggered sd_mogvmprn6w4cc4n8v  ('hospital' @ 24.432423,54.349143)
2026-04-27 11:29:34  INFO      [sd_mogvmprn6w4cc4n8v] Status: running
2026-04-27 11:30:56  INFO      [sd_mogvmprn6w4cc4n8v] Status: ready
2026-04-27 11:30:57  INFO      Skipped 38 duplicate(s)
2026-04-27 11:30:58  INFO      Retrieved 1 record(s) — 7277 total | This run: 592 / $0.8880 | All-time: $10.9155
2026-04-27 11:30:58  INFO      [7/4410] Processing: 'mosque' @ 24.432423,54.349143
2026-04-27 11:30:59  INFO      Triggered sd_mogvojyd15hi49223h  ('mosque' @ 24.432423,54.349143)
2026-04-27 11:31:00  INFO      [sd_mogvojyd15hi49223h] Status: running
2026-04-27 11:34:57  INFO      [sd_mogvojyd15hi49223h] Status: ready
2026-04-27 11:34:59  INFO      Skipped 42 duplicate(s)
2026-04-27 11:34:59  INFO      Retrieved 175 record(s) — 7452 total | This run: 767 / $1.1505 | All-time: $11.1780
2026-04-27 11:34:59  INFO      [8/4410] Processing: 'spa' @ 24.432423,54.349143
2026-04-27 11:35:00  INFO      Triggered sd_mogvtqby1kawe0jdu8  ('spa' @ 24.432423,54.349143)
2026-04-27 11:35:01  INFO      [sd_mogvtqby1kawe0jdu8] Status: running
2026-04-27 11:39:27  INFO      [sd_mogvtqby1kawe0jdu8] Status: ready
2026-04-27 11:39:29  INFO      Skipped 117 duplicate(s)
2026-04-27 11:39:30  INFO      Retrieved 138 record(s) — 7590 total | This run: 905 / $1.3575 | All-time: $11.3850
2026-04-27 11:39:30  INFO      [9/4410] Processing: 'cinema' @ 24.432423,54.349143
2026-04-27 11:39:30  INFO      Triggered sd_mogvzizvl3f5i2vei  ('cinema' @ 24.432423,54.349143)
2026-04-27 11:39:31  INFO      [sd_mogvzizvl3f5i2vei] Status: running
2026-04-27 11:41:56  INFO      [sd_mogvzizvl3f5i2vei] Status: ready
2026-04-27 11:41:57  INFO      Skipped 54 duplicate(s)
2026-04-27 11:41:58  INFO      Retrieved 94 record(s) — 7684 total | This run: 999 / $1.4985 | All-time: $11.5260
2026-04-27 11:41:58  INFO      [10/4410] Processing: 'bakery' @ 24.432423,54.349143
2026-04-27 11:41:59  INFO      Triggered sd_mogw2pezls4guar50  ('bakery' @ 24.432423,54.349143)
2026-04-27 11:42:00  INFO      [sd_mogw2pezls4guar50] Status: running
2026-04-27 11:47:00  INFO      [sd_mogw2pezls4guar50] Status: ready
2026-04-27 11:47:02  INFO      Skipped 62 duplicate(s)
2026-04-27 11:47:02  INFO      Retrieved 137 record(s) — 7821 total | This run: 1136 / $1.7040 | All-time: $11.7315
2026-04-27 11:47:02  INFO      [11/4410] Processing: 'pharmacy' @ 24.432423,54.349143
2026-04-27 11:47:03  INFO      Triggered sd_mogw98dk11nxc9y1bz  ('pharmacy' @ 24.432423,54.349143)
2026-04-27 11:47:04  INFO      [sd_mogw98dk11nxc9y1bz] Status: running
2026-04-27 11:49:51  INFO      [sd_mogw98dk11nxc9y1bz] Status: ready
2026-04-27 11:49:54  INFO      Skipped 40 duplicate(s)
2026-04-27 11:49:54  INFO      Retrieved 136 record(s) — 7957 total | This run: 1272 / $1.9080 | All-time: $11.9355
2026-04-27 11:49:54  INFO      [12/4410] Processing: 'clinic' @ 24.432423,54.349143
2026-04-27 11:49:55  INFO      Triggered sd_mogwcx183lt26b26f  ('clinic' @ 24.432423,54.349143)
2026-04-27 11:49:56  INFO      [sd_mogwcx183lt26b26f] Status: running
2026-04-27 11:57:03  INFO      [sd_mogwcx183lt26b26f] Status: ready
2026-04-27 11:57:05  INFO      Skipped 78 duplicate(s)
2026-04-27 11:57:06  INFO      Retrieved 162 record(s) — 8119 total | This run: 1434 / $2.1510 | All-time: $12.1785
2026-04-27 11:57:06  INFO      [13/4410] Processing: 'school' @ 24.432423,54.349143
2026-04-27 11:57:07  INFO      Triggered sd_mogwm5wi26i99wk3cl  ('school' @ 24.432423,54.349143)
2026-04-27 11:57:07  INFO      [sd_mogwm5wi26i99wk3cl] Status: running
2026-04-27 11:59:14  INFO      [sd_mogwm5wi26i99wk3cl] Status: ready
2026-04-27 11:59:16  INFO      Skipped 17 duplicate(s)
2026-04-27 11:59:16  INFO      Retrieved 116 record(s) — 8235 total | This run: 1550 / $2.3250 | All-time: $12.3525
2026-04-27 11:59:16  INFO      [14/4410] Processing: 'bank' @ 24.432423,54.349143
2026-04-27 11:59:17  INFO      Triggered sd_mogwoyuehlnwgbiyg  ('bank' @ 24.432423,54.349143)
2026-04-27 11:59:18  INFO      [sd_mogwoyuehlnwgbiyg] Status: running
2026-04-27 12:03:22  INFO      [sd_mogwoyuehlnwgbiyg] Status: ready
2026-04-27 12:03:24  INFO      Skipped 34 duplicate(s)
2026-04-27 12:03:24  INFO      Retrieved 119 record(s) — 8354 total | This run: 1669 / $2.5035 | All-time: $12.5310
2026-04-27 12:03:24  INFO      [15/4410] Processing: 'supermarket' @ 24.432423,54.349143
2026-04-27 12:03:25  INFO      Triggered sd_mogwu9wo4oyl3rfwc  ('supermarket' @ 24.432423,54.349143)
2026-04-27 12:03:26  INFO      [sd_mogwu9wo4oyl3rfwc] Status: running
2026-04-27 12:10:28  INFO      [sd_mogwu9wo4oyl3rfwc] Status: ready
2026-04-27 12:10:30  INFO      Skipped 13 duplicate(s)
2026-04-27 12:10:30  INFO      Retrieved 151 record(s) — 8505 total | This run: 1820 / $2.7300 | All-time: $12.7575
2026-04-27 12:10:30  INFO      [16/4410] Processing: 'restaurant' @ 24.432423,54.39863
2026-04-27 12:10:31  INFO      Triggered sd_mogx3ets2ay1z4k6jq  ('restaurant' @ 24.432423,54.39863)
2026-04-27 12:10:32  INFO      [sd_mogx3ets2ay1z4k6jq] Status: running
2026-04-27 12:13:20  INFO      [sd_mogx3ets2ay1z4k6jq] Status: ready
2026-04-27 12:13:21  INFO      Skipped 85 duplicate(s)
2026-04-27 12:13:22  INFO      Retrieved 62 record(s) — 8567 total | This run: 1882 / $2.8230 | All-time: $12.8505
2026-04-27 12:13:22  INFO      [17/4410] Processing: 'cafe' @ 24.432423,54.39863
2026-04-27 12:13:23  INFO      Triggered sd_mogx73932334my3fnd  ('cafe' @ 24.432423,54.39863)
2026-04-27 12:13:24  INFO      [sd_mogx73932334my3fnd] Status: running
2026-04-27 12:17:55  INFO      [sd_mogx73932334my3fnd] Status: ready
2026-04-27 12:17:57  INFO      Skipped 172 duplicate(s)
2026-04-27 12:17:58  INFO      Retrieved 55 record(s) — 8622 total | This run: 1937 / $2.9055 | All-time: $12.9330
2026-04-27 12:17:58  INFO      [18/4410] Processing: 'hotel' @ 24.432423,54.39863
2026-04-27 12:17:59  INFO      Triggered sd_mogxd08525w52lv4c2  ('hotel' @ 24.432423,54.39863)
2026-04-27 12:18:00  INFO      [sd_mogxd08525w52lv4c2] Status: running
2026-04-27 12:19:38  INFO      [sd_mogxd08525w52lv4c2] Status: ready
2026-04-27 12:19:39  INFO      Skipped 70 duplicate(s)
2026-04-27 12:19:40  INFO      Retrieved 8 record(s) — 8630 total | This run: 1945 / $2.9175 | All-time: $12.9450
2026-04-27 12:19:40  INFO      [19/4410] Processing: 'mall' @ 24.432423,54.39863
2026-04-27 12:19:41  INFO      Triggered sd_mogxf6qe19emofbsao  ('mall' @ 24.432423,54.39863)
2026-04-27 12:19:42  INFO      [sd_mogxf6qe19emofbsao] Status: running
2026-04-27 12:26:20  INFO      [sd_mogxf6qe19emofbsao] Status: ready
2026-04-27 12:26:22  INFO      Skipped 104 duplicate(s)
2026-04-27 12:26:23  INFO      Retrieved 103 record(s) — 8733 total | This run: 2048 / $3.0720 | All-time: $13.0995
2026-04-27 12:26:23  INFO      [20/4410] Processing: 'gym' @ 24.432423,54.39863
2026-04-27 12:26:24  INFO      Triggered sd_mogxntvd2v42ncke9  ('gym' @ 24.432423,54.39863)
2026-04-27 12:26:25  INFO      [sd_mogxntvd2v42ncke9] Status: running
2026-04-27 12:30:57  INFO      [sd_mogxntvd2v42ncke9] Status: ready
2026-04-27 12:30:59  INFO      Skipped 207 duplicate(s)
2026-04-27 12:30:59  INFO      Retrieved 13 record(s) — 8746 total | This run: 2061 / $3.0915 | All-time: $13.1190
2026-04-27 12:30:59  INFO      [21/4410] Processing: 'hospital' @ 24.432423,54.39863
2026-04-27 12:31:00  INFO      Triggered sd_mogxtqy213vhk1wphn  ('hospital' @ 24.432423,54.39863)
2026-04-27 12:31:01  INFO      [sd_mogxtqy213vhk1wphn] Status: running
2026-04-27 12:34:12  INFO      [sd_mogxtqy213vhk1wphn] Status: ready
2026-04-27 12:34:13  INFO      Skipped 74 duplicate(s)
2026-04-27 12:34:13  INFO      Retrieved 4 record(s) — 8750 total | This run: 2065 / $3.0975 | All-time: $13.1250
2026-04-27 12:34:13  INFO      [22/4410] Processing: 'mosque' @ 24.432423,54.39863
2026-04-27 12:34:14  INFO      Triggered sd_mogxxwta1oejlfgqxp  ('mosque' @ 24.432423,54.39863)
2026-04-27 12:34:15  INFO      [sd_mogxxwta1oejlfgqxp] Status: running
2026-04-27 12:39:38  INFO      [sd_mogxxwta1oejlfgqxp] Status: ready
2026-04-27 12:39:40  INFO      Skipped 195 duplicate(s)
2026-04-27 12:39:41  INFO      Retrieved 30 record(s) — 8780 total | This run: 2095 / $3.1425 | All-time: $13.1700
2026-04-27 12:39:41  INFO      [23/4410] Processing: 'spa' @ 24.432423,54.39863
2026-04-27 12:39:42  INFO      Triggered sd_mogy4xbz3zj6qfzs3  ('spa' @ 24.432423,54.39863)
2026-04-27 12:39:42  INFO      [sd_mogy4xbz3zj6qfzs3] Status: running
2026-04-27 12:45:17  INFO      [sd_mogy4xbz3zj6qfzs3] Status: ready
2026-04-27 12:45:19  INFO      Skipped 234 duplicate(s)
2026-04-27 12:45:20  INFO      Retrieved 45 record(s) — 8825 total | This run: 2140 / $3.2100 | All-time: $13.2375
2026-04-27 12:45:20  INFO      [24/4410] Processing: 'cinema' @ 24.432423,54.39863
2026-04-27 12:45:21  INFO      Triggered sd_mogyc6xqqahzp5zud  ('cinema' @ 24.432423,54.39863)
2026-04-27 12:45:21  INFO      [sd_mogyc6xqqahzp5zud] Status: running
2026-04-27 13:37:52  ERROR     Error at input 24/4410 ('cinema' @ 24.432423,54.39863): HTTPSConnectionPool(host='api.brightdata.com', port=443): Max retries exceeded with url: /datasets/v3/progress/sd_mogyc6xqqahzp5zud (Caused by NameResolutionError("HTTPSConnection(host='api.brightdata.com', port=443): Failed to resolve 'api.brightdata.com' ([Errno 11001] getaddrinfo failed)"))
2026-04-27 13:37:52  INFO      [25/4410] Processing: 'bakery' @ 24.432423,54.39863
2026-04-27 13:38:02  INFO      Triggered sd_moh07y25oyipjd5pb  ('bakery' @ 24.432423,54.39863)
2026-04-27 13:38:03  INFO      [sd_moh07y25oyipjd5pb] Status: running
2026-04-27 13:41:07  INFO      [sd_moh07y25oyipjd5pb] Status: ready
2026-04-27 13:41:09  INFO      Skipped 185 duplicate(s)
2026-04-27 13:41:11  INFO      Retrieved 15 record(s) — 8840 total | This run: 2155 / $3.2325 | All-time: $13.2600
2026-04-27 13:41:11  INFO      [26/4410] Processing: 'pharmacy' @ 24.432423,54.39863
2026-04-27 13:41:12  INFO      Triggered sd_moh0c18v1yipm5mhox  ('pharmacy' @ 24.432423,54.39863)
2026-04-27 13:41:14  INFO      [sd_moh0c18v1yipm5mhox] Status: running
2026-04-27 13:44:37  INFO      [sd_moh0c18v1yipm5mhox] Status: ready
2026-04-27 13:44:40  INFO      Skipped 158 duplicate(s)
2026-04-27 13:44:41  INFO      Retrieved 20 record(s) — 8860 total | This run: 2175 / $3.2625 | All-time: $13.2900
2026-04-27 13:44:41  INFO      [27/4410] Processing: 'clinic' @ 24.432423,54.39863
2026-04-27 13:44:43  INFO      Triggered sd_moh0gjpglkqb93jxa  ('clinic' @ 24.432423,54.39863)
2026-04-27 13:44:45  INFO      [sd_moh0gjpglkqb93jxa] Status: running
2026-04-27 13:48:18  INFO      [sd_moh0gjpglkqb93jxa] Status: ready
2026-04-27 13:48:21  INFO      Skipped 174 duplicate(s)
2026-04-27 13:48:23  INFO      Retrieved 25 record(s) — 8885 total | This run: 2200 / $3.3000 | All-time: $13.3275
2026-04-27 13:48:23  INFO      [28/4410] Processing: 'school' @ 24.432423,54.39863
2026-04-27 13:48:24  INFO      Triggered sd_moh0lagenpylhv90x  ('school' @ 24.432423,54.39863)
2026-04-27 13:48:26  INFO      [sd_moh0lagenpylhv90x] Status: running
2026-04-27 13:51:12  INFO      [sd_moh0lagenpylhv90x] Status: ready
2026-04-27 13:51:15  INFO      Skipped 123 duplicate(s)
2026-04-27 13:51:16  INFO      Retrieved 27 record(s) — 8912 total | This run: 2227 / $3.3405 | All-time: $13.3680
2026-04-27 13:51:16  INFO      [29/4410] Processing: 'bank' @ 24.432423,54.39863
2026-04-27 13:51:17  INFO      Triggered sd_moh0p03625c9l7ghet  ('bank' @ 24.432423,54.39863)
2026-04-27 13:51:19  INFO      [sd_moh0p03625c9l7ghet] Status: running
2026-04-27 13:55:51  INFO      [sd_moh0p03625c9l7ghet] Status: ready
2026-04-27 13:55:53  INFO      Skipped 127 duplicate(s)
2026-04-27 13:55:53  INFO      Retrieved 17 record(s) — 8929 total | This run: 2244 / $3.3660 | All-time: $13.3935
2026-04-27 13:55:53  INFO      [30/4410] Processing: 'supermarket' @ 24.432423,54.39863
2026-04-27 13:55:55  INFO      Triggered sd_moh0uxuu3ty24l8k7  ('supermarket' @ 24.432423,54.39863)
2026-04-27 13:55:55  INFO      [sd_moh0uxuu3ty24l8k7] Status: running
2026-04-27 14:02:29  INFO      [sd_moh0uxuu3ty24l8k7] Status: ready
2026-04-27 14:02:31  INFO      Skipped 139 duplicate(s)
2026-04-27 14:02:31  INFO      Retrieved 21 record(s) — 8950 total | This run: 2265 / $3.3975 | All-time: $13.4250
2026-04-27 14:02:31  INFO      [31/4410] Processing: 'restaurant' @ 24.477468,54.349143
2026-04-27 14:02:32  INFO      Triggered sd_moh13gwc1juspf8rj1  ('restaurant' @ 24.477468,54.349143)
2026-04-27 14:02:33  INFO      [sd_moh13gwc1juspf8rj1] Status: running
2026-04-27 14:09:59  INFO      [sd_moh13gwc1juspf8rj1] Status: ready
2026-04-27 14:10:01  INFO      Skipped 74 duplicate(s)
2026-04-27 14:10:02  INFO      Retrieved 132 record(s) — 9082 total | This run: 2397 / $3.5955 | All-time: $13.6230
2026-04-27 14:10:02  INFO      [32/4410] Processing: 'cafe' @ 24.477468,54.349143
2026-04-27 14:10:03  INFO      Triggered sd_moh1d4881sbgnwrf61  ('cafe' @ 24.477468,54.349143)
2026-04-27 14:10:04  INFO      [sd_moh1d4881sbgnwrf61] Status: running
2026-04-27 14:15:32  INFO      [sd_moh1d4881sbgnwrf61] Status: ready
2026-04-27 14:15:34  INFO      Skipped 158 duplicate(s)
2026-04-27 14:15:35  INFO      Retrieved 84 record(s) — 9166 total | This run: 2481 / $3.7215 | All-time: $13.7490
2026-04-27 14:15:35  INFO      [33/4410] Processing: 'hotel' @ 24.477468,54.349143
2026-04-27 14:15:36  INFO      Triggered sd_moh1k9dy1ijegvfwhk  ('hotel' @ 24.477468,54.349143)
2026-04-27 14:15:37  INFO      [sd_moh1k9dy1ijegvfwhk] Status: running
2026-04-27 14:24:48  INFO      [sd_moh1k9dy1ijegvfwhk] Status: ready
2026-04-27 14:24:51  INFO      Skipped 93 duplicate(s)
2026-04-27 14:24:51  INFO      Retrieved 81 record(s) — 9247 total | This run: 2562 / $3.8430 | All-time: $13.8705
2026-04-27 14:24:51  INFO      [34/4410] Processing: 'mall' @ 24.477468,54.349143
2026-04-27 14:24:52  INFO      Triggered sd_moh1w6r41fsoizuxsk  ('mall' @ 24.477468,54.349143)
2026-04-27 14:24:53  INFO      [sd_moh1w6r41fsoizuxsk] Status: running
2026-04-27 14:28:39  INFO      [sd_moh1w6r41fsoizuxsk] Status: ready
2026-04-27 14:28:41  INFO      Skipped 113 duplicate(s)
2026-04-27 14:28:41  INFO      Retrieved 87 record(s) — 9334 total | This run: 2649 / $3.9735 | All-time: $14.0010
2026-04-27 14:28:41  INFO      [35/4410] Processing: 'gym' @ 24.477468,54.349143
2026-04-27 14:28:42  INFO      Triggered sd_moh214d924casddoya  ('gym' @ 24.477468,54.349143)
2026-04-27 14:28:43  INFO      [sd_moh214d924casddoya] Status: running
2026-04-27 14:56:08  INFO      === Run started — existing records: 9334 (prior cost: $44.0400) ===
2026-04-27 14:56:08  INFO      [1/2310] Processing: 'restaurant' @ 24.828223,54.949136
2026-04-27 14:56:09  INFO      Triggered sd_moh30em3gxuwlka82  ('restaurant' @ 24.828223,54.949136)
2026-04-27 14:56:10  INFO      [sd_moh30em3gxuwlka82] Status: running
2026-04-27 14:59:35  INFO      [sd_moh30em3gxuwlka82] Status: ready
2026-04-27 14:59:37  INFO      Skipped 45 duplicate(s)
2026-04-27 14:59:38  INFO      Retrieved 155 record(s) — 9489 total | This run: 155 / $0.3000 | All-time: $44.3400
2026-04-27 14:59:38  INFO      [2/2310] Processing: 'cafe' @ 24.828223,54.949136
2026-04-27 14:59:39  INFO      Triggered sd_moh34wo31mvhif1zs9  ('cafe' @ 24.828223,54.949136)
2026-04-27 14:59:40  INFO      [sd_moh34wo31mvhif1zs9] Status: running
2026-04-27 15:02:49  INFO      [sd_moh34wo31mvhif1zs9] Status: ready
2026-04-27 15:02:51  INFO      Skipped 90 duplicate(s)
2026-04-27 15:02:51  INFO      Retrieved 111 record(s) — 9600 total | This run: 266 / $0.6015 | All-time: $44.6415
2026-04-27 15:02:51  INFO      [3/2310] Processing: 'hotel' @ 24.828223,54.949136
2026-04-27 15:02:52  INFO      Triggered sd_moh391x52cn2llbnqc  ('hotel' @ 24.828223,54.949136)
2026-04-27 15:02:53  INFO      [sd_moh391x52cn2llbnqc] Status: running
2026-04-27 15:05:45  INFO      [sd_moh391x52cn2llbnqc] Status: ready
2026-04-27 15:05:46  INFO      Retrieved 6 record(s) — 9606 total | This run: 272 / $0.6105 | All-time: $44.6505
2026-04-27 15:05:46  INFO      [4/2310] Processing: 'mall' @ 24.828223,54.949136
2026-04-27 15:05:47  INFO      Triggered sd_moh3ct3owwxiamtj8  ('mall' @ 24.828223,54.949136)
2026-04-27 15:05:49  INFO      [sd_moh3ct3owwxiamtj8] Status: running
2026-04-27 15:13:20  INFO      [sd_moh3ct3owwxiamtj8] Status: ready
2026-04-27 15:13:22  INFO      Skipped 51 duplicate(s)
2026-04-27 15:13:23  INFO      Retrieved 72 record(s) — 9678 total | This run: 344 / $0.7950 | All-time: $44.8350
2026-04-27 15:13:23  INFO      [5/2310] Processing: 'gym' @ 24.828223,54.949136
2026-04-27 15:13:24  INFO      Triggered sd_moh3ml9r1tu643eesw  ('gym' @ 24.828223,54.949136)
2026-04-27 15:13:25  INFO      [sd_moh3ml9r1tu643eesw] Status: running
2026-04-27 15:16:57  INFO      [sd_moh3ml9r1tu643eesw] Status: ready
2026-04-27 15:16:59  INFO      Skipped 97 duplicate(s)
2026-04-27 15:16:59  INFO      Retrieved 151 record(s) — 9829 total | This run: 495 / $1.1670 | All-time: $45.2070
2026-04-27 15:16:59  INFO      [6/2310] Processing: 'hospital' @ 24.828223,54.949136
2026-04-27 15:17:00  INFO      Triggered sd_moh3r8ed22m31mww87  ('hospital' @ 24.828223,54.949136)
2026-04-27 15:17:01  INFO      [sd_moh3r8ed22m31mww87] Status: running
2026-04-27 15:19:16  INFO      [sd_moh3r8ed22m31mww87] Status: ready
2026-04-27 15:19:17  INFO      Skipped 71 duplicate(s)
2026-04-27 15:19:18  INFO      Retrieved 7 record(s) — 9836 total | This run: 502 / $1.2840 | All-time: $45.3240
2026-04-27 15:19:18  INFO      [7/2310] Processing: 'mosque' @ 24.828223,54.949136
2026-04-27 15:19:19  INFO      Triggered sd_moh3u79qw2x31go01  ('mosque' @ 24.828223,54.949136)
2026-04-27 15:19:20  INFO      [sd_moh3u79qw2x31go01] Status: running
2026-04-27 15:23:32  INFO      [sd_moh3u79qw2x31go01] Status: ready
2026-04-27 15:23:34  INFO      Skipped 48 duplicate(s)
2026-04-27 15:23:34  INFO      Retrieved 152 record(s) — 9988 total | This run: 654 / $1.5840 | All-time: $45.6240
2026-04-27 15:23:34  INFO      [8/2310] Processing: 'spa' @ 24.828223,54.949136
2026-04-27 15:23:35  INFO      Triggered sd_moh3zp6513z9wigv7h  ('spa' @ 24.828223,54.949136)
2026-04-27 15:23:36  INFO      [sd_moh3zp6513z9wigv7h] Status: running
2026-04-27 15:28:01  INFO      [sd_moh3zp6513z9wigv7h] Status: ready
2026-04-27 15:28:03  INFO      Skipped 140 duplicate(s)
2026-04-27 15:28:04  INFO      Retrieved 154 record(s) — 10142 total | This run: 808 / $2.0250 | All-time: $46.0650
2026-04-27 15:28:04  INFO      [9/2310] Processing: 'cinema' @ 24.828223,54.949136
2026-04-27 15:28:05  INFO      Triggered sd_moh45gwvt9v040gfg  ('cinema' @ 24.828223,54.949136)
2026-04-27 15:28:06  INFO      [sd_moh45gwvt9v040gfg] Status: running
2026-04-27 15:32:07  INFO      [sd_moh45gwvt9v040gfg] Status: ready
2026-04-27 15:32:09  INFO      Skipped 48 duplicate(s)
2026-04-27 15:32:09  INFO      Retrieved 26 record(s) — 10168 total | This run: 834 / $2.1360 | All-time: $46.1760
2026-04-27 15:32:09  INFO      [10/2310] Processing: 'bakery' @ 24.828223,54.949136
2026-04-27 15:32:11  INFO      Triggered sd_moh4ar8q29v9d08496  ('bakery' @ 24.828223,54.949136)
2026-04-27 15:32:12  INFO      [sd_moh4ar8q29v9d08496] Status: running
2026-04-27 15:39:58  INFO      [sd_moh4ar8q29v9d08496] Status: ready
2026-04-27 15:40:00  INFO      Skipped 57 duplicate(s)
2026-04-27 15:40:00  INFO      Retrieved 138 record(s) — 10306 total | This run: 972 / $2.4285 | All-time: $46.4685
2026-04-27 15:40:00  INFO      [11/2310] Processing: 'pharmacy' @ 24.828223,54.949136
2026-04-27 15:40:02  INFO      Triggered sd_moh4ku2q1rqvf78id1  ('pharmacy' @ 24.828223,54.949136)
2026-04-27 15:40:02  INFO      [sd_moh4ku2q1rqvf78id1] Status: running
2026-04-27 15:44:33  INFO      [sd_moh4ku2q1rqvf78id1] Status: ready
2026-04-27 15:44:35  INFO      Skipped 15 duplicate(s)
2026-04-27 15:44:35  INFO      Retrieved 170 record(s) — 10476 total | This run: 1142 / $2.7060 | All-time: $46.7460
2026-04-27 15:44:35  INFO      [12/2310] Processing: 'clinic' @ 24.828223,54.949136
2026-04-27 15:44:36  INFO      Triggered sd_moh4qpz62kivh18pri  ('clinic' @ 24.828223,54.949136)
2026-04-27 15:44:37  INFO      [sd_moh4qpz62kivh18pri] Status: running
2026-04-27 15:47:52  INFO      [sd_moh4qpz62kivh18pri] Status: ready
2026-04-27 15:47:54  INFO      Skipped 73 duplicate(s)
2026-04-27 15:47:54  INFO      Retrieved 137 record(s) — 10613 total | This run: 1279 / $3.0210 | All-time: $47.0610
2026-04-27 15:47:54  INFO      [13/2310] Processing: 'school' @ 24.828223,54.949136
2026-04-27 15:47:55  INFO      Triggered sd_moh4uzqg2gw5hoaqen  ('school' @ 24.828223,54.949136)
2026-04-27 15:47:56  INFO      [sd_moh4uzqg2gw5hoaqen] Status: running
2026-04-27 15:50:29  INFO      [sd_moh4uzqg2gw5hoaqen] Status: ready
2026-04-27 15:50:31  INFO      Skipped 26 duplicate(s)
2026-04-27 15:50:32  INFO      Retrieved 154 record(s) — 10767 total | This run: 1433 / $3.2910 | All-time: $47.3310
2026-04-27 15:50:32  INFO      [14/2310] Processing: 'bank' @ 24.828223,54.949136
2026-04-27 15:50:33  INFO      Triggered sd_moh4yd6qskkdpd9ky  ('bank' @ 24.828223,54.949136)
2026-04-27 15:50:34  INFO      [sd_moh4yd6qskkdpd9ky] Status: running
2026-04-27 15:53:37  INFO      [sd_moh4yd6qskkdpd9ky] Status: ready
2026-04-27 15:53:39  INFO      Skipped 12 duplicate(s)
2026-04-27 15:53:39  INFO      Retrieved 114 record(s) — 10881 total | This run: 1547 / $3.4800 | All-time: $47.5200
2026-04-27 15:53:39  INFO      [15/2310] Processing: 'supermarket' @ 24.828223,54.949136
2026-04-27 15:53:40  INFO      Triggered sd_moh52dvo2qk9elufir  ('supermarket' @ 24.828223,54.949136)
2026-04-27 15:53:41  INFO      [sd_moh52dvo2qk9elufir] Status: running
2026-04-27 15:59:12  INFO      [sd_moh52dvo2qk9elufir] Status: ready
2026-04-27 15:59:15  INFO      Skipped 50 duplicate(s)
2026-04-27 15:59:15  INFO      Retrieved 155 record(s) — 11036 total | This run: 1702 / $3.7875 | All-time: $47.8275
2026-04-27 15:59:15  INFO      [16/2310] Processing: 'restaurant' @ 24.828223,55.023644
2026-04-27 15:59:16  INFO      Triggered sd_moh59kxp1116ocsrvs  ('restaurant' @ 24.828223,55.023644)
2026-04-27 15:59:17  INFO      [sd_moh59kxp1116ocsrvs] Status: running
2026-04-27 16:03:42  INFO      [sd_moh59kxp1116ocsrvs] Status: ready
2026-04-27 16:03:44  INFO      Skipped 215 duplicate(s)
2026-04-27 16:03:45  INFO      Retrieved 21 record(s) — 11057 total | This run: 1723 / $4.1415 | All-time: $48.1815
2026-04-27 16:03:45  INFO      [17/2310] Processing: 'cafe' @ 24.828223,55.023644
2026-04-27 16:03:46  INFO      Triggered sd_moh5fczs1kafergutp  ('cafe' @ 24.828223,55.023644)
2026-04-27 16:03:47  INFO      [sd_moh5fczs1kafergutp] Status: running
2026-04-27 16:09:56  INFO      [sd_moh5fczs1kafergutp] Status: ready
2026-04-27 16:09:58  INFO      Skipped 141 duplicate(s)
2026-04-27 16:09:58  INFO      Retrieved 82 record(s) — 11139 total | This run: 1805 / $4.4760 | All-time: $48.5160
2026-04-27 16:09:58  INFO      [18/2310] Processing: 'hotel' @ 24.828223,55.023644
2026-04-27 16:09:59  INFO      Triggered sd_moh5ndbz1zqsw6bt95  ('hotel' @ 24.828223,55.023644)
2026-04-27 16:10:00  INFO      [sd_moh5ndbz1zqsw6bt95] Status: running
2026-04-27 16:11:17  INFO      [sd_moh5ndbz1zqsw6bt95] Status: ready
2026-04-27 16:11:18  INFO      Skipped 5 duplicate(s)
2026-04-27 16:11:19  INFO      Retrieved 0 record(s) — 11139 total | This run: 1805 / $4.4835 | All-time: $48.5235
2026-04-27 16:11:19  INFO      [19/2310] Processing: 'mall' @ 24.828223,55.023644
2026-04-27 16:11:19  INFO      Triggered sd_moh5p34z1uysgs1qtg  ('mall' @ 24.828223,55.023644)
2026-04-27 16:11:20  INFO      [sd_moh5p34z1uysgs1qtg] Status: running
2026-04-27 16:14:22  INFO      [sd_moh5p34z1uysgs1qtg] Status: ready
2026-04-27 16:14:24  INFO      Skipped 91 duplicate(s)
2026-04-27 16:14:24  INFO      Retrieved 11 record(s) — 11150 total | This run: 1816 / $4.6365 | All-time: $48.6765
2026-04-27 16:14:24  INFO      [20/2310] Processing: 'gym' @ 24.828223,55.023644
2026-04-27 16:14:25  INFO      Triggered sd_moh5t2csq9pimtqs7  ('gym' @ 24.828223,55.023644)
2026-04-27 16:14:26  INFO      [sd_moh5t2csq9pimtqs7] Status: running
2026-04-27 16:17:29  INFO      [sd_moh5t2csq9pimtqs7] Status: ready
2026-04-27 16:17:31  INFO      Skipped 229 duplicate(s)
2026-04-27 16:17:31  INFO      Retrieved 40 record(s) — 11190 total | This run: 1856 / $5.0400 | All-time: $49.0800
2026-04-27 16:17:31  INFO      [21/2310] Processing: 'hospital' @ 24.828223,55.023644
2026-04-27 16:17:32  INFO      Triggered sd_moh5x2ww19thon02sh  ('hospital' @ 24.828223,55.023644)
2026-04-27 16:17:33  INFO      [sd_moh5x2ww19thon02sh] Status: running
2026-04-27 16:19:54  INFO      [sd_moh5x2ww19thon02sh] Status: ready
2026-04-27 16:19:56  INFO      Skipped 74 duplicate(s)
2026-04-27 16:19:56  INFO      Retrieved 0 record(s) — 11190 total | This run: 1856 / $5.1510 | All-time: $49.1910
2026-04-27 16:19:56  INFO      [22/2310] Processing: 'mosque' @ 24.828223,55.023644
2026-04-27 16:19:58  INFO      Triggered sd_moh606xf1q9qzpuqup  ('mosque' @ 24.828223,55.023644)
2026-04-27 16:19:59  INFO      [sd_moh606xf1q9qzpuqup] Status: running
2026-04-27 16:24:06  INFO      [sd_moh606xf1q9qzpuqup] Status: ready
2026-04-27 16:24:08  INFO      Skipped 193 duplicate(s)
2026-04-27 16:24:08  INFO      Retrieved 42 record(s) — 11232 total | This run: 1898 / $5.5035 | All-time: $49.5435
2026-04-27 16:24:08  INFO      [23/2310] Processing: 'spa' @ 24.828223,55.023644
2026-04-27 16:24:09  INFO      Triggered sd_moh65l0jko0c7kcp7  ('spa' @ 24.828223,55.023644)
2026-04-27 16:24:10  INFO      [sd_moh65l0jko0c7kcp7] Status: running
2026-04-27 16:27:33  INFO      [sd_moh65l0jko0c7kcp7] Status: ready
2026-04-27 16:27:35  INFO      Skipped 265 duplicate(s)
2026-04-27 16:27:35  INFO      Retrieved 20 record(s) — 11252 total | This run: 1918 / $5.9310 | All-time: $49.9710
2026-04-27 16:27:35  INFO      [24/2310] Processing: 'cinema' @ 24.828223,55.023644
2026-04-27 16:27:36  INFO      Triggered sd_moh6a0ue12pc5795ts  ('cinema' @ 24.828223,55.023644)
2026-04-27 16:27:37  INFO      [sd_moh6a0ue12pc5795ts] Status: running
2026-04-27 16:30:33  INFO      [sd_moh6a0ue12pc5795ts] Status: ready
2026-04-27 16:30:36  INFO      Skipped 68 duplicate(s)
2026-04-27 16:30:37  INFO      Retrieved 13 record(s) — 11265 total | This run: 1931 / $6.0525 | All-time: $50.0925
2026-04-27 16:30:37  INFO      [25/2310] Processing: 'bakery' @ 24.828223,55.023644
2026-04-27 16:30:38  INFO      Triggered sd_moh6dwrf26noya9p01  ('bakery' @ 24.828223,55.023644)
2026-04-27 16:30:39  INFO      [sd_moh6dwrf26noya9p01] Status: running
2026-04-27 16:34:14  INFO      [sd_moh6dwrf26noya9p01] Status: ready
2026-04-27 16:34:16  INFO      Skipped 148 duplicate(s)
2026-04-27 16:34:17  INFO      Retrieved 66 record(s) — 11331 total | This run: 1997 / $6.3735 | All-time: $50.4135
2026-04-27 16:34:17  INFO      [26/2310] Processing: 'pharmacy' @ 24.828223,55.023644
2026-04-27 16:34:18  INFO      Triggered sd_moh6imcu5hiqsw9d0  ('pharmacy' @ 24.828223,55.023644)
2026-04-27 16:34:19  INFO      [sd_moh6imcu5hiqsw9d0] Status: running
2026-04-27 16:38:13  INFO      [sd_moh6imcu5hiqsw9d0] Status: ready
2026-04-27 16:38:15  INFO      Skipped 169 duplicate(s)
2026-04-27 16:38:16  INFO      Retrieved 14 record(s) — 11345 total | This run: 2011 / $6.6480 | All-time: $50.6880
2026-04-27 16:38:16  INFO      [27/2310] Processing: 'clinic' @ 24.828223,55.023644
2026-04-27 16:38:17  INFO      Triggered sd_moh6nqe71zzvyfllek  ('clinic' @ 24.828223,55.023644)
2026-04-27 16:38:17  INFO      [sd_moh6nqe71zzvyfllek] Status: running
2026-04-27 16:41:20  INFO      [sd_moh6nqe71zzvyfllek] Status: ready
2026-04-27 16:41:22  INFO      Skipped 161 duplicate(s)
2026-04-27 16:41:23  INFO      Retrieved 33 record(s) — 11378 total | This run: 2044 / $6.9390 | All-time: $50.9790
2026-04-27 16:41:23  INFO      [28/2310] Processing: 'school' @ 24.828223,55.023644
2026-04-27 16:41:24  INFO      Triggered sd_moh6rqp77tbmj0d23  ('school' @ 24.828223,55.023644)
2026-04-27 16:41:24  INFO      [sd_moh6rqp77tbmj0d23] Status: running
2026-04-27 16:47:56  INFO      [sd_moh6rqp77tbmj0d23] Status: ready
2026-04-27 16:47:58  INFO      Skipped 130 duplicate(s)
2026-04-27 16:47:59  INFO      Retrieved 63 record(s) — 11441 total | This run: 2107 / $7.2285 | All-time: $51.2685
2026-04-27 16:47:59  INFO      [29/2310] Processing: 'bank' @ 24.828223,55.023644
2026-04-27 16:48:00  INFO      Triggered sd_moh708jd1vgp48axq5  ('bank' @ 24.828223,55.023644)
2026-04-27 16:48:01  INFO      [sd_moh708jd1vgp48axq5] Status: running
2026-04-27 16:52:07  INFO      [sd_moh708jd1vgp48axq5] Status: ready
2026-04-27 16:52:08  INFO      Skipped 105 duplicate(s)
2026-04-27 16:52:09  INFO      Retrieved 22 record(s) — 11463 total | This run: 2129 / $7.4190 | All-time: $51.4590
2026-04-27 16:52:09  INFO      [30/2310] Processing: 'supermarket' @ 24.828223,55.023644
2026-04-27 16:52:10  INFO      Triggered sd_moh75li419p05wn652  ('supermarket' @ 24.828223,55.023644)
2026-04-27 16:52:11  INFO      [sd_moh75li419p05wn652] Status: running
2026-04-27 16:55:54  INFO      [sd_moh75li419p05wn652] Status: ready
2026-04-27 16:55:56  INFO      Skipped 166 duplicate(s)
2026-04-27 16:55:57  INFO      Retrieved 39 record(s) — 11502 total | This run: 2168 / $7.7265 | All-time: $51.7665
2026-04-27 16:55:57  INFO      [31/2310] Processing: 'restaurant' @ 24.828223,55.098152
2026-04-27 16:55:58  INFO      Triggered sd_moh7ahdz1czyx533i3  ('restaurant' @ 24.828223,55.098152)
2026-04-27 16:55:59  INFO      [sd_moh7ahdz1czyx533i3] Status: running
2026-04-27 17:01:56  INFO      [sd_moh7ahdz1czyx533i3] Status: ready
2026-04-27 17:01:58  INFO      Skipped 180 duplicate(s)
2026-04-27 17:01:59  INFO      Retrieved 75 record(s) — 11577 total | This run: 2243 / $8.1090 | All-time: $52.1490
2026-04-27 17:01:59  INFO      [32/2310] Processing: 'cafe' @ 24.828223,55.098152
2026-04-27 17:02:00  INFO      Triggered sd_moh7i8t01ev37tgi9t  ('cafe' @ 24.828223,55.098152)
2026-04-27 17:02:01  INFO      [sd_moh7i8t01ev37tgi9t] Status: running
2026-04-27 17:11:07  INFO      [sd_moh7i8t01ev37tgi9t] Status: ready
2026-04-27 17:11:10  INFO      Skipped 192 duplicate(s)
2026-04-27 17:11:11  INFO      Retrieved 143 record(s) — 11720 total | This run: 2386 / $8.6115 | All-time: $52.6515
2026-04-27 17:11:11  INFO      [33/2310] Processing: 'hotel' @ 24.828223,55.098152
2026-04-27 17:11:12  INFO      Triggered sd_moh7u2c9br5v9e5zy  ('hotel' @ 24.828223,55.098152)
2026-04-27 17:11:12  INFO      [sd_moh7u2c9br5v9e5zy] Status: running
2026-04-27 20:41:24  ERROR     Error at input 33/2310 ('hotel' @ 24.828223,55.098152): ('Connection aborted.', RemoteDisconnected('Remote end closed connection without response'))
2026-04-27 20:41:24  INFO      [34/2310] Processing: 'mall' @ 24.828223,55.098152
2026-04-27 20:41:25  ERROR     Error at input 34/2310 ('mall' @ 24.828223,55.098152): HTTPSConnectionPool(host='api.brightdata.com', port=443): Max retries exceeded with url: /datasets/v3/trigger?dataset_id=gd_m8ebnr0q2qlklc02fz&notify=false&include_errors=true&type=discover_new&discover_by=location (Caused by NameResolutionError("HTTPSConnection(host='api.brightdata.com', port=443): Failed to resolve 'api.brightdata.com' ([Errno 11001] getaddrinfo failed)"))
2026-04-27 20:41:25  INFO      [35/2310] Processing: 'gym' @ 24.828223,55.098152
2026-04-27 20:41:25  ERROR     Error at input 35/2310 ('gym' @ 24.828223,55.098152): HTTPSConnectionPool(host='api.brightdata.com', port=443): Max retries exceeded with url: /datasets/v3/trigger?dataset_id=gd_m8ebnr0q2qlklc02fz&notify=false&include_errors=true&type=discover_new&discover_by=location (Caused by NameResolutionError("HTTPSConnection(host='api.brightdata.com', port=443): Failed to resolve 'api.brightdata.com' ([Errno 11001] getaddrinfo failed)"))
2026-04-27 20:41:25  INFO      [36/2310] Processing: 'hospital' @ 24.828223,55.098152
2026-04-27 20:41:25  ERROR     Error at input 36/2310 ('hospital' @ 24.828223,55.098152): HTTPSConnectionPool(host='api.brightdata.com', port=443): Max retries exceeded with url: /datasets/v3/trigger?dataset_id=gd_m8ebnr0q2qlklc02fz&notify=false&include_errors=true&type=discover_new&discover_by=location (Caused by NameResolutionError("HTTPSConnection(host='api.brightdata.com', port=443): Failed to resolve 'api.brightdata.com' ([Errno 11001] getaddrinfo failed)"))
2026-04-27 20:41:25  INFO      [37/2310] Processing: 'mosque' @ 24.828223,55.098152
2026-04-27 20:41:25  ERROR     Error at input 37/2310 ('mosque' @ 24.828223,55.098152): HTTPSConnectionPool(host='api.brightdata.com', port=443): Max retries exceeded with url: /datasets/v3/trigger?dataset_id=gd_m8ebnr0q2qlklc02fz&notify=false&include_errors=true&type=discover_new&discover_by=location (Caused by NameResolutionError("HTTPSConnection(host='api.brightdata.com', port=443): Failed to resolve 'api.brightdata.com' ([Errno 11001] getaddrinfo failed)"))
2026-04-27 20:41:25  INFO      [38/2310] Processing: 'spa' @ 24.828223,55.098152
2026-04-27 20:41:25  ERROR     Error at input 38/2310 ('spa' @ 24.828223,55.098152): HTTPSConnectionPool(host='api.brightdata.com', port=443): Max retries exceeded with url: /datasets/v3/trigger?dataset_id=gd_m8ebnr0q2qlklc02fz&notify=false&include_errors=true&type=discover_new&discover_by=location (Caused by NameResolutionError("HTTPSConnection(host='api.brightdata.com', port=443): Failed to resolve 'api.brightdata.com' ([Errno 11001] getaddrinfo failed)"))
2026-04-27 20:41:25  INFO      [39/2310] Processing: 'cinema' @ 24.828223,55.098152
2026-04-27 20:41:25  ERROR     Error at input 39/2310 ('cinema' @ 24.828223,55.098152): HTTPSConnectionPool(host='api.brightdata.com', port=443): Max retries exceeded with url: /datasets/v3/trigger?dataset_id=gd_m8ebnr0q2qlklc02fz&notify=false&include_errors=true&type=discover_new&discover_by=location (Caused by NameResolutionError("HTTPSConnection(host='api.brightdata.com', port=443): Failed to resolve 'api.brightdata.com' ([Errno 11001] getaddrinfo failed)"))
2026-04-27 20:41:25  INFO      [40/2310] Processing: 'bakery' @ 24.828223,55.098152
2026-04-27 20:41:25  ERROR     Error at input 40/2310 ('bakery' @ 24.828223,55.098152): HTTPSConnectionPool(host='api.brightdata.com', port=443): Max retries exceeded with url: /datasets/v3/trigger?dataset_id=gd_m8ebnr0q2qlklc02fz&notify=false&include_errors=true&type=discover_new&discover_by=location (Caused by NameResolutionError("HTTPSConnection(host='api.brightdata.com', port=443): Failed to resolve 'api.brightdata.com' ([Errno 11001] getaddrinfo failed)"))
2026-04-27 20:41:25  INFO      [41/2310] Processing: 'pharmacy' @ 24.828223,55.098152
2026-04-27 20:41:25  ERROR     Error at input 41/2310 ('pharmacy' @ 24.828223,55.098152): HTTPSConnectionPool(host='api.brightdata.com', port=443): Max retries exceeded with url: /datasets/v3/trigger?dataset_id=gd_m8ebnr0q2qlklc02fz&notify=false&include_errors=true&type=discover_new&discover_by=location (Caused by NameResolutionError("HTTPSConnection(host='api.brightdata.com', port=443): Failed to resolve 'api.brightdata.com' ([Errno 11001] getaddrinfo failed)"))
2026-04-27 20:41:25  INFO      [42/2310] Processing: 'clinic' @ 24.828223,55.098152
2026-04-27 20:41:25  ERROR     Error at input 42/2310 ('clinic' @ 24.828223,55.098152): HTTPSConnectionPool(host='api.brightdata.com', port=443): Max retries exceeded with url: /datasets/v3/trigger?dataset_id=gd_m8ebnr0q2qlklc02fz&notify=false&include_errors=true&type=discover_new&discover_by=location (Caused by NameResolutionError("HTTPSConnection(host='api.brightdata.com', port=443): Failed to resolve 'api.brightdata.com' ([Errno 11001] getaddrinfo failed)"))
2026-04-27 20:41:25  INFO      [43/2310] Processing: 'school' @ 24.828223,55.098152
2026-04-27 20:41:25  ERROR     Error at input 43/2310 ('school' @ 24.828223,55.098152): HTTPSConnectionPool(host='api.brightdata.com', port=443): Max retries exceeded with url: /datasets/v3/trigger?dataset_id=gd_m8ebnr0q2qlklc02fz&notify=false&include_errors=true&type=discover_new&discover_by=location (Caused by NameResolutionError("HTTPSConnection(host='api.brightdata.com', port=443): Failed to resolve 'api.brightdata.com' ([Errno 11001] getaddrinfo failed)"))
2026-04-27 20:41:25  INFO      [44/2310] Processing: 'bank' @ 24.828223,55.098152
2026-04-27 20:41:26  ERROR     Error at input 44/2310 ('bank' @ 24.828223,55.098152): HTTPSConnectionPool(host='api.brightdata.com', port=443): Max retries exceeded with url: /datasets/v3/trigger?dataset_id=gd_m8ebnr0q2qlklc02fz&notify=false&include_errors=true&type=discover_new&discover_by=location (Caused by NameResolutionError("HTTPSConnection(host='api.brightdata.com', port=443): Failed to resolve 'api.brightdata.com' ([Errno 11001] getaddrinfo failed)"))
2026-04-27 20:41:26  INFO      [45/2310] Processing: 'supermarket' @ 24.828223,55.098152
2026-04-27 20:41:26  ERROR     Error at input 45/2310 ('supermarket' @ 24.828223,55.098152): HTTPSConnectionPool(host='api.brightdata.com', port=443): Max retries exceeded with url: /datasets/v3/trigger?dataset_id=gd_m8ebnr0q2qlklc02fz&notify=false&include_errors=true&type=discover_new&discover_by=location (Caused by NameResolutionError("HTTPSConnection(host='api.brightdata.com', port=443): Failed to resolve 'api.brightdata.com' ([Errno 11001] getaddrinfo failed)"))
2026-04-27 20:41:26  INFO      [46/2310] Processing: 'restaurant' @ 24.828223,55.17266
2026-04-27 20:41:26  ERROR     Error at input 46/2310 ('restaurant' @ 24.828223,55.17266): HTTPSConnectionPool(host='api.brightdata.com', port=443): Max retries exceeded with url: /datasets/v3/trigger?dataset_id=gd_m8ebnr0q2qlklc02fz&notify=false&include_errors=true&type=discover_new&discover_by=location (Caused by NameResolutionError("HTTPSConnection(host='api.brightdata.com', port=443): Failed to resolve 'api.brightdata.com' ([Errno 11001] getaddrinfo failed)"))
2026-04-27 20:41:26  INFO      [47/2310] Processing: 'cafe' @ 24.828223,55.17266
2026-04-27 20:41:26  ERROR     Error at input 47/2310 ('cafe' @ 24.828223,55.17266): HTTPSConnectionPool(host='api.brightdata.com', port=443): Max retries exceeded with url: /datasets/v3/trigger?dataset_id=gd_m8ebnr0q2qlklc02fz&notify=false&include_errors=true&type=discover_new&discover_by=location (Caused by NameResolutionError("HTTPSConnection(host='api.brightdata.com', port=443): Failed to resolve 'api.brightdata.com' ([Errno 11001] getaddrinfo failed)"))
2026-04-27 20:41:26  INFO      [48/2310] Processing: 'hotel' @ 24.828223,55.17266
2026-04-27 20:41:26  ERROR     Error at input 48/2310 ('hotel' @ 24.828223,55.17266): HTTPSConnectionPool(host='api.brightdata.com', port=443): Max retries exceeded with url: /datasets/v3/trigger?dataset_id=gd_m8ebnr0q2qlklc02fz&notify=false&include_errors=true&type=discover_new&discover_by=location (Caused by NameResolutionError("HTTPSConnection(host='api.brightdata.com', port=443): Failed to resolve 'api.brightdata.com' ([Errno 11001] getaddrinfo failed)"))
2026-04-27 20:41:26  INFO      [49/2310] Processing: 'mall' @ 24.828223,55.17266
2026-04-27 20:41:26  ERROR     Error at input 49/2310 ('mall' @ 24.828223,55.17266): HTTPSConnectionPool(host='api.brightdata.com', port=443): Max retries exceeded with url: /datasets/v3/trigger?dataset_id=gd_m8ebnr0q2qlklc02fz&notify=false&include_errors=true&type=discover_new&discover_by=location (Caused by NameResolutionError("HTTPSConnection(host='api.brightdata.com', port=443): Failed to resolve 'api.brightdata.com' ([Errno 11001] getaddrinfo failed)"))
2026-04-27 20:41:26  INFO      [50/2310] Processing: 'gym' @ 24.828223,55.17266
2026-04-27 20:41:26  ERROR     Error at input 50/2310 ('gym' @ 24.828223,55.17266): HTTPSConnectionPool(host='api.brightdata.com', port=443): Max retries exceeded with url: /datasets/v3/trigger?dataset_id=gd_m8ebnr0q2qlklc02fz&notify=false&include_errors=true&type=discover_new&discover_by=location (Caused by NameResolutionError("HTTPSConnection(host='api.brightdata.com', port=443): Failed to resolve 'api.brightdata.com' ([Errno 11001] getaddrinfo failed)"))
2026-04-27 20:41:26  INFO      [51/2310] Processing: 'hospital' @ 24.828223,55.17266
2026-04-27 20:41:26  ERROR     Error at input 51/2310 ('hospital' @ 24.828223,55.17266): HTTPSConnectionPool(host='api.brightdata.com', port=443): Max retries exceeded with url: /datasets/v3/trigger?dataset_id=gd_m8ebnr0q2qlklc02fz&notify=false&include_errors=true&type=discover_new&discover_by=location (Caused by NameResolutionError("HTTPSConnection(host='api.brightdata.com', port=443): Failed to resolve 'api.brightdata.com' ([Errno 11001] getaddrinfo failed)"))
2026-04-27 20:41:26  INFO      [52/2310] Processing: 'mosque' @ 24.828223,55.17266
2026-04-27 20:41:26  ERROR     Error at input 52/2310 ('mosque' @ 24.828223,55.17266): HTTPSConnectionPool(host='api.brightdata.com', port=443): Max retries exceeded with url: /datasets/v3/trigger?dataset_id=gd_m8ebnr0q2qlklc02fz&notify=false&include_errors=true&type=discover_new&discover_by=location (Caused by NameResolutionError("HTTPSConnection(host='api.brightdata.com', port=443): Failed to resolve 'api.brightdata.com' ([Errno 11001] getaddrinfo failed)"))
2026-04-27 20:41:26  INFO      [53/2310] Processing: 'spa' @ 24.828223,55.17266
2026-04-27 20:41:26  ERROR     Error at input 53/2310 ('spa' @ 24.828223,55.17266): HTTPSConnectionPool(host='api.brightdata.com', port=443): Max retries exceeded with url: /datasets/v3/trigger?dataset_id=gd_m8ebnr0q2qlklc02fz&notify=false&include_errors=true&type=discover_new&discover_by=location (Caused by NameResolutionError("HTTPSConnection(host='api.brightdata.com', port=443): Failed to resolve 'api.brightdata.com' ([Errno 11001] getaddrinfo failed)"))
2026-04-27 20:41:26  INFO      [54/2310] Processing: 'cinema' @ 24.828223,55.17266
2026-04-27 20:41:26  ERROR     Error at input 54/2310 ('cinema' @ 24.828223,55.17266): HTTPSConnectionPool(host='api.brightdata.com', port=443): Max retries exceeded with url: /datasets/v3/trigger?dataset_id=gd_m8ebnr0q2qlklc02fz&notify=false&include_errors=true&type=discover_new&discover_by=location (Caused by NameResolutionError("HTTPSConnection(host='api.brightdata.com', port=443): Failed to resolve 'api.brightdata.com' ([Errno 11001] getaddrinfo failed)"))
2026-04-27 20:41:26  INFO      [55/2310] Processing: 'bakery' @ 24.828223,55.17266
2026-04-27 20:41:26  ERROR     Error at input 55/2310 ('bakery' @ 24.828223,55.17266): HTTPSConnectionPool(host='api.brightdata.com', port=443): Max retries exceeded with url: /datasets/v3/trigger?dataset_id=gd_m8ebnr0q2qlklc02fz&notify=false&include_errors=true&type=discover_new&discover_by=location (Caused by NameResolutionError("HTTPSConnection(host='api.brightdata.com', port=443): Failed to resolve 'api.brightdata.com' ([Errno 11001] getaddrinfo failed)"))
2026-04-27 20:41:26  INFO      [56/2310] Processing: 'pharmacy' @ 24.828223,55.17266
2026-04-27 20:41:26  ERROR     Error at input 56/2310 ('pharmacy' @ 24.828223,55.17266): HTTPSConnectionPool(host='api.brightdata.com', port=443): Max retries exceeded with url: /datasets/v3/trigger?dataset_id=gd_m8ebnr0q2qlklc02fz&notify=false&include_errors=true&type=discover_new&discover_by=location (Caused by NameResolutionError("HTTPSConnection(host='api.brightdata.com', port=443): Failed to resolve 'api.brightdata.com' ([Errno 11001] getaddrinfo failed)"))
2026-04-27 20:41:26  INFO      [57/2310] Processing: 'clinic' @ 24.828223,55.17266
2026-04-27 20:41:26  ERROR     Error at input 57/2310 ('clinic' @ 24.828223,55.17266): HTTPSConnectionPool(host='api.brightdata.com', port=443): Max retries exceeded with url: /datasets/v3/trigger?dataset_id=gd_m8ebnr0q2qlklc02fz&notify=false&include_errors=true&type=discover_new&discover_by=location (Caused by NameResolutionError("HTTPSConnection(host='api.brightdata.com', port=443): Failed to resolve 'api.brightdata.com' ([Errno 11001] getaddrinfo failed)"))
2026-04-27 20:41:26  INFO      [58/2310] Processing: 'school' @ 24.828223,55.17266
2026-04-27 20:41:26  ERROR     Error at input 58/2310 ('school' @ 24.828223,55.17266): HTTPSConnectionPool(host='api.brightdata.com', port=443): Max retries exceeded with url: /datasets/v3/trigger?dataset_id=gd_m8ebnr0q2qlklc02fz&notify=false&include_errors=true&type=discover_new&discover_by=location (Caused by NameResolutionError("HTTPSConnection(host='api.brightdata.com', port=443): Failed to resolve 'api.brightdata.com' ([Errno 11001] getaddrinfo failed)"))
2026-04-27 20:41:26  INFO      [59/2310] Processing: 'bank' @ 24.828223,55.17266
2026-04-27 20:41:26  ERROR     Error at input 59/2310 ('bank' @ 24.828223,55.17266): HTTPSConnectionPool(host='api.brightdata.com', port=443): Max retries exceeded with url: /datasets/v3/trigger?dataset_id=gd_m8ebnr0q2qlklc02fz&notify=false&include_errors=true&type=discover_new&discover_by=location (Caused by NameResolutionError("HTTPSConnection(host='api.brightdata.com', port=443): Failed to resolve 'api.brightdata.com' ([Errno 11001] getaddrinfo failed)"))
2026-04-27 20:41:26  INFO      [60/2310] Processing: 'supermarket' @ 24.828223,55.17266
2026-04-27 20:41:26  ERROR     Error at input 60/2310 ('supermarket' @ 24.828223,55.17266): HTTPSConnectionPool(host='api.brightdata.com', port=443): Max retries exceeded with url: /datasets/v3/trigger?dataset_id=gd_m8ebnr0q2qlklc02fz&notify=false&include_errors=true&type=discover_new&discover_by=location (Caused by NameResolutionError("HTTPSConnection(host='api.brightdata.com', port=443): Failed to resolve 'api.brightdata.com' ([Errno 11001] getaddrinfo failed)"))
2026-04-27 20:41:26  INFO      [61/2310] Processing: 'restaurant' @ 24.828223,55.247168
2026-04-27 20:41:26  ERROR     Error at input 61/2310 ('restaurant' @ 24.828223,55.247168): HTTPSConnectionPool(host='api.brightdata.com', port=443): Max retries exceeded with url: /datasets/v3/trigger?dataset_id=gd_m8ebnr0q2qlklc02fz&notify=false&include_errors=true&type=discover_new&discover_by=location (Caused by NameResolutionError("HTTPSConnection(host='api.brightdata.com', port=443): Failed to resolve 'api.brightdata.com' ([Errno 11001] getaddrinfo failed)"))
2026-04-27 20:41:26  INFO      [62/2310] Processing: 'cafe' @ 24.828223,55.247168
2026-04-27 20:41:26  ERROR     Error at input 62/2310 ('cafe' @ 24.828223,55.247168): HTTPSConnectionPool(host='api.brightdata.com', port=443): Max retries exceeded with url: /datasets/v3/trigger?dataset_id=gd_m8ebnr0q2qlklc02fz&notify=false&include_errors=true&type=discover_new&discover_by=location (Caused by NameResolutionError("HTTPSConnection(host='api.brightdata.com', port=443): Failed to resolve 'api.brightdata.com' ([Errno 11001] getaddrinfo failed)"))
2026-04-27 20:41:26  INFO      [63/2310] Processing: 'hotel' @ 24.828223,55.247168
2026-04-27 20:41:26  ERROR     Error at input 63/2310 ('hotel' @ 24.828223,55.247168): HTTPSConnectionPool(host='api.brightdata.com', port=443): Max retries exceeded with url: /datasets/v3/trigger?dataset_id=gd_m8ebnr0q2qlklc02fz&notify=false&include_errors=true&type=discover_new&discover_by=location (Caused by NameResolutionError("HTTPSConnection(host='api.brightdata.com', port=443): Failed to resolve 'api.brightdata.com' ([Errno 11001] getaddrinfo failed)"))
2026-04-27 20:41:26  INFO      [64/2310] Processing: 'mall' @ 24.828223,55.247168
2026-04-27 20:41:26  ERROR     Error at input 64/2310 ('mall' @ 24.828223,55.247168): HTTPSConnectionPool(host='api.brightdata.com', port=443): Max retries exceeded with url: /datasets/v3/trigger?dataset_id=gd_m8ebnr0q2qlklc02fz&notify=false&include_errors=true&type=discover_new&discover_by=location (Caused by NameResolutionError("HTTPSConnection(host='api.brightdata.com', port=443): Failed to resolve 'api.brightdata.com' ([Errno 11001] getaddrinfo failed)"))
2026-04-27 20:41:26  INFO      [65/2310] Processing: 'gym' @ 24.828223,55.247168
2026-04-27 20:41:26  ERROR     Error at input 65/2310 ('gym' @ 24.828223,55.247168): HTTPSConnectionPool(host='api.brightdata.com', port=443): Max retries exceeded with url: /datasets/v3/trigger?dataset_id=gd_m8ebnr0q2qlklc02fz&notify=false&include_errors=true&type=discover_new&discover_by=location (Caused by NameResolutionError("HTTPSConnection(host='api.brightdata.com', port=443): Failed to resolve 'api.brightdata.com' ([Errno 11001] getaddrinfo failed)"))
2026-04-27 20:41:26  INFO      [66/2310] Processing: 'hospital' @ 24.828223,55.247168
2026-04-27 20:41:26  ERROR     Error at input 66/2310 ('hospital' @ 24.828223,55.247168): HTTPSConnectionPool(host='api.brightdata.com', port=443): Max retries exceeded with url: /datasets/v3/trigger?dataset_id=gd_m8ebnr0q2qlklc02fz&notify=false&include_errors=true&type=discover_new&discover_by=location (Caused by NameResolutionError("HTTPSConnection(host='api.brightdata.com', port=443): Failed to resolve 'api.brightdata.com' ([Errno 11001] getaddrinfo failed)"))
2026-04-27 20:41:26  INFO      [67/2310] Processing: 'mosque' @ 24.828223,55.247168
2026-04-27 20:41:26  ERROR     Error at input 67/2310 ('mosque' @ 24.828223,55.247168): HTTPSConnectionPool(host='api.brightdata.com', port=443): Max retries exceeded with url: /datasets/v3/trigger?dataset_id=gd_m8ebnr0q2qlklc02fz&notify=false&include_errors=true&type=discover_new&discover_by=location (Caused by NameResolutionError("HTTPSConnection(host='api.brightdata.com', port=443): Failed to resolve 'api.brightdata.com' ([Errno 11001] getaddrinfo failed)"))
2026-04-27 20:41:26  INFO      [68/2310] Processing: 'spa' @ 24.828223,55.247168
2026-04-27 20:41:26  ERROR     Error at input 68/2310 ('spa' @ 24.828223,55.247168): HTTPSConnectionPool(host='api.brightdata.com', port=443): Max retries exceeded with url: /datasets/v3/trigger?dataset_id=gd_m8ebnr0q2qlklc02fz&notify=false&include_errors=true&type=discover_new&discover_by=location (Caused by NameResolutionError("HTTPSConnection(host='api.brightdata.com', port=443): Failed to resolve 'api.brightdata.com' ([Errno 11001] getaddrinfo failed)"))
2026-04-27 20:41:26  INFO      [69/2310] Processing: 'cinema' @ 24.828223,55.247168
2026-04-27 20:41:26  ERROR     Error at input 69/2310 ('cinema' @ 24.828223,55.247168): HTTPSConnectionPool(host='api.brightdata.com', port=443): Max retries exceeded with url: /datasets/v3/trigger?dataset_id=gd_m8ebnr0q2qlklc02fz&notify=false&include_errors=true&type=discover_new&discover_by=location (Caused by NameResolutionError("HTTPSConnection(host='api.brightdata.com', port=443): Failed to resolve 'api.brightdata.com' ([Errno 11001] getaddrinfo failed)"))
2026-04-27 20:41:26  INFO      [70/2310] Processing: 'bakery' @ 24.828223,55.247168
2026-04-27 20:41:26  ERROR     Error at input 70/2310 ('bakery' @ 24.828223,55.247168): HTTPSConnectionPool(host='api.brightdata.com', port=443): Max retries exceeded with url: /datasets/v3/trigger?dataset_id=gd_m8ebnr0q2qlklc02fz&notify=false&include_errors=true&type=discover_new&discover_by=location (Caused by NameResolutionError("HTTPSConnection(host='api.brightdata.com', port=443): Failed to resolve 'api.brightdata.com' ([Errno 11001] getaddrinfo failed)"))
2026-04-27 20:41:26  INFO      [71/2310] Processing: 'pharmacy' @ 24.828223,55.247168
2026-04-27 20:41:26  ERROR     Error at input 71/2310 ('pharmacy' @ 24.828223,55.247168): HTTPSConnectionPool(host='api.brightdata.com', port=443): Max retries exceeded with url: /datasets/v3/trigger?dataset_id=gd_m8ebnr0q2qlklc02fz&notify=false&include_errors=true&type=discover_new&discover_by=location (Caused by NameResolutionError("HTTPSConnection(host='api.brightdata.com', port=443): Failed to resolve 'api.brightdata.com' ([Errno 11001] getaddrinfo failed)"))
2026-04-27 20:41:26  INFO      [72/2310] Processing: 'clinic' @ 24.828223,55.247168
2026-04-27 20:41:26  ERROR     Error at input 72/2310 ('clinic' @ 24.828223,55.247168): HTTPSConnectionPool(host='api.brightdata.com', port=443): Max retries exceeded with url: /datasets/v3/trigger?dataset_id=gd_m8ebnr0q2qlklc02fz&notify=false&include_errors=true&type=discover_new&discover_by=location (Caused by NameResolutionError("HTTPSConnection(host='api.brightdata.com', port=443): Failed to resolve 'api.brightdata.com' ([Errno 11001] getaddrinfo failed)"))
2026-04-27 20:41:26  INFO      [73/2310] Processing: 'school' @ 24.828223,55.247168
2026-04-27 20:41:26  ERROR     Error at input 73/2310 ('school' @ 24.828223,55.247168): HTTPSConnectionPool(host='api.brightdata.com', port=443): Max retries exceeded with url: /datasets/v3/trigger?dataset_id=gd_m8ebnr0q2qlklc02fz&notify=false&include_errors=true&type=discover_new&discover_by=location (Caused by NameResolutionError("HTTPSConnection(host='api.brightdata.com', port=443): Failed to resolve 'api.brightdata.com' ([Errno 11001] getaddrinfo failed)"))
2026-04-27 20:41:26  INFO      [74/2310] Processing: 'bank' @ 24.828223,55.247168
2026-04-27 20:41:27  ERROR     Error at input 74/2310 ('bank' @ 24.828223,55.247168): HTTPSConnectionPool(host='api.brightdata.com', port=443): Max retries exceeded with url: /datasets/v3/trigger?dataset_id=gd_m8ebnr0q2qlklc02fz&notify=false&include_errors=true&type=discover_new&discover_by=location (Caused by NameResolutionError("HTTPSConnection(host='api.brightdata.com', port=443): Failed to resolve 'api.brightdata.com' ([Errno 11001] getaddrinfo failed)"))
2026-04-27 20:41:27  INFO      [75/2310] Processing: 'supermarket' @ 24.828223,55.247168
2026-04-27 20:41:27  ERROR     Error at input 75/2310 ('supermarket' @ 24.828223,55.247168): HTTPSConnectionPool(host='api.brightdata.com', port=443): Max retries exceeded with url: /datasets/v3/trigger?dataset_id=gd_m8ebnr0q2qlklc02fz&notify=false&include_errors=true&type=discover_new&discover_by=location (Caused by NameResolutionError("HTTPSConnection(host='api.brightdata.com', port=443): Failed to resolve 'api.brightdata.com' ([Errno 11001] getaddrinfo failed)"))
2026-04-27 20:41:27  INFO      [76/2310] Processing: 'restaurant' @ 24.89579,54.949136
2026-04-27 20:41:27  ERROR     Error at input 76/2310 ('restaurant' @ 24.89579,54.949136): HTTPSConnectionPool(host='api.brightdata.com', port=443): Max retries exceeded with url: /datasets/v3/trigger?dataset_id=gd_m8ebnr0q2qlklc02fz&notify=false&include_errors=true&type=discover_new&discover_by=location (Caused by NameResolutionError("HTTPSConnection(host='api.brightdata.com', port=443): Failed to resolve 'api.brightdata.com' ([Errno 11001] getaddrinfo failed)"))
2026-04-27 20:41:27  INFO      [77/2310] Processing: 'cafe' @ 24.89579,54.949136
2026-04-27 20:41:27  ERROR     Error at input 77/2310 ('cafe' @ 24.89579,54.949136): HTTPSConnectionPool(host='api.brightdata.com', port=443): Max retries exceeded with url: /datasets/v3/trigger?dataset_id=gd_m8ebnr0q2qlklc02fz&notify=false&include_errors=true&type=discover_new&discover_by=location (Caused by NameResolutionError("HTTPSConnection(host='api.brightdata.com', port=443): Failed to resolve 'api.brightdata.com' ([Errno 11001] getaddrinfo failed)"))
2026-04-27 20:41:27  INFO      [78/2310] Processing: 'hotel' @ 24.89579,54.949136
2026-04-27 20:41:27  ERROR     Error at input 78/2310 ('hotel' @ 24.89579,54.949136): HTTPSConnectionPool(host='api.brightdata.com', port=443): Max retries exceeded with url: /datasets/v3/trigger?dataset_id=gd_m8ebnr0q2qlklc02fz&notify=false&include_errors=true&type=discover_new&discover_by=location (Caused by NameResolutionError("HTTPSConnection(host='api.brightdata.com', port=443): Failed to resolve 'api.brightdata.com' ([Errno 11001] getaddrinfo failed)"))
2026-04-27 20:41:27  INFO      [79/2310] Processing: 'mall' @ 24.89579,54.949136
2026-04-27 20:41:27  ERROR     Error at input 79/2310 ('mall' @ 24.89579,54.949136): HTTPSConnectionPool(host='api.brightdata.com', port=443): Max retries exceeded with url: /datasets/v3/trigger?dataset_id=gd_m8ebnr0q2qlklc02fz&notify=false&include_errors=true&type=discover_new&discover_by=location (Caused by NameResolutionError("HTTPSConnection(host='api.brightdata.com', port=443): Failed to resolve 'api.brightdata.com' ([Errno 11001] getaddrinfo failed)"))
2026-04-27 20:41:27  INFO      [80/2310] Processing: 'gym' @ 24.89579,54.949136
2026-04-27 20:41:27  ERROR     Error at input 80/2310 ('gym' @ 24.89579,54.949136): HTTPSConnectionPool(host='api.brightdata.com', port=443): Max retries exceeded with url: /datasets/v3/trigger?dataset_id=gd_m8ebnr0q2qlklc02fz&notify=false&include_errors=true&type=discover_new&discover_by=location (Caused by NameResolutionError("HTTPSConnection(host='api.brightdata.com', port=443): Failed to resolve 'api.brightdata.com' ([Errno 11001] getaddrinfo failed)"))
2026-04-27 20:41:27  INFO      [81/2310] Processing: 'hospital' @ 24.89579,54.949136
2026-04-27 20:41:27  ERROR     Error at input 81/2310 ('hospital' @ 24.89579,54.949136): HTTPSConnectionPool(host='api.brightdata.com', port=443): Max retries exceeded with url: /datasets/v3/trigger?dataset_id=gd_m8ebnr0q2qlklc02fz&notify=false&include_errors=true&type=discover_new&discover_by=location (Caused by NameResolutionError("HTTPSConnection(host='api.brightdata.com', port=443): Failed to resolve 'api.brightdata.com' ([Errno 11001] getaddrinfo failed)"))
2026-04-27 20:41:27  INFO      [82/2310] Processing: 'mosque' @ 24.89579,54.949136
2026-04-27 20:41:27  ERROR     Error at input 82/2310 ('mosque' @ 24.89579,54.949136): HTTPSConnectionPool(host='api.brightdata.com', port=443): Max retries exceeded with url: /datasets/v3/trigger?dataset_id=gd_m8ebnr0q2qlklc02fz&notify=false&include_errors=true&type=discover_new&discover_by=location (Caused by NameResolutionError("HTTPSConnection(host='api.brightdata.com', port=443): Failed to resolve 'api.brightdata.com' ([Errno 11001] getaddrinfo failed)"))
2026-04-27 20:41:27  INFO      [83/2310] Processing: 'spa' @ 24.89579,54.949136
2026-04-27 20:41:27  ERROR     Error at input 83/2310 ('spa' @ 24.89579,54.949136): HTTPSConnectionPool(host='api.brightdata.com', port=443): Max retries exceeded with url: /datasets/v3/trigger?dataset_id=gd_m8ebnr0q2qlklc02fz&notify=false&include_errors=true&type=discover_new&discover_by=location (Caused by NameResolutionError("HTTPSConnection(host='api.brightdata.com', port=443): Failed to resolve 'api.brightdata.com' ([Errno 11001] getaddrinfo failed)"))
2026-04-27 20:41:27  INFO      [84/2310] Processing: 'cinema' @ 24.89579,54.949136
2026-04-27 20:41:27  ERROR     Error at input 84/2310 ('cinema' @ 24.89579,54.949136): HTTPSConnectionPool(host='api.brightdata.com', port=443): Max retries exceeded with url: /datasets/v3/trigger?dataset_id=gd_m8ebnr0q2qlklc02fz&notify=false&include_errors=true&type=discover_new&discover_by=location (Caused by NameResolutionError("HTTPSConnection(host='api.brightdata.com', port=443): Failed to resolve 'api.brightdata.com' ([Errno 11001] getaddrinfo failed)"))
2026-04-27 20:41:27  INFO      [85/2310] Processing: 'bakery' @ 24.89579,54.949136
2026-04-27 20:41:27  ERROR     Error at input 85/2310 ('bakery' @ 24.89579,54.949136): HTTPSConnectionPool(host='api.brightdata.com', port=443): Max retries exceeded with url: /datasets/v3/trigger?dataset_id=gd_m8ebnr0q2qlklc02fz&notify=false&include_errors=true&type=discover_new&discover_by=location (Caused by NameResolutionError("HTTPSConnection(host='api.brightdata.com', port=443): Failed to resolve 'api.brightdata.com' ([Errno 11001] getaddrinfo failed)"))
2026-04-27 20:41:27  INFO      [86/2310] Processing: 'pharmacy' @ 24.89579,54.949136
2026-04-27 20:41:27  ERROR     Error at input 86/2310 ('pharmacy' @ 24.89579,54.949136): HTTPSConnectionPool(host='api.brightdata.com', port=443): Max retries exceeded with url: /datasets/v3/trigger?dataset_id=gd_m8ebnr0q2qlklc02fz&notify=false&include_errors=true&type=discover_new&discover_by=location (Caused by NameResolutionError("HTTPSConnection(host='api.brightdata.com', port=443): Failed to resolve 'api.brightdata.com' ([Errno 11001] getaddrinfo failed)"))
2026-04-27 20:41:27  INFO      [87/2310] Processing: 'clinic' @ 24.89579,54.949136
2026-04-27 20:41:27  ERROR     Error at input 87/2310 ('clinic' @ 24.89579,54.949136): HTTPSConnectionPool(host='api.brightdata.com', port=443): Max retries exceeded with url: /datasets/v3/trigger?dataset_id=gd_m8ebnr0q2qlklc02fz&notify=false&include_errors=true&type=discover_new&discover_by=location (Caused by NameResolutionError("HTTPSConnection(host='api.brightdata.com', port=443): Failed to resolve 'api.brightdata.com' ([Errno 11001] getaddrinfo failed)"))
2026-04-27 20:41:27  INFO      [88/2310] Processing: 'school' @ 24.89579,54.949136
2026-04-27 20:41:27  ERROR     Error at input 88/2310 ('school' @ 24.89579,54.949136): HTTPSConnectionPool(host='api.brightdata.com', port=443): Max retries exceeded with url: /datasets/v3/trigger?dataset_id=gd_m8ebnr0q2qlklc02fz&notify=false&include_errors=true&type=discover_new&discover_by=location (Caused by NameResolutionError("HTTPSConnection(host='api.brightdata.com', port=443): Failed to resolve 'api.brightdata.com' ([Errno 11001] getaddrinfo failed)"))
2026-04-27 20:41:27  INFO      [89/2310] Processing: 'bank' @ 24.89579,54.949136
2026-04-27 20:41:27  ERROR     Error at input 89/2310 ('bank' @ 24.89579,54.949136): HTTPSConnectionPool(host='api.brightdata.com', port=443): Max retries exceeded with url: /datasets/v3/trigger?dataset_id=gd_m8ebnr0q2qlklc02fz&notify=false&include_errors=true&type=discover_new&discover_by=location (Caused by NameResolutionError("HTTPSConnection(host='api.brightdata.com', port=443): Failed to resolve 'api.brightdata.com' ([Errno 11001] getaddrinfo failed)"))
2026-04-27 20:41:27  INFO      [90/2310] Processing: 'supermarket' @ 24.89579,54.949136
2026-04-27 20:41:27  ERROR     Error at input 90/2310 ('supermarket' @ 24.89579,54.949136): HTTPSConnectionPool(host='api.brightdata.com', port=443): Max retries exceeded with url: /datasets/v3/trigger?dataset_id=gd_m8ebnr0q2qlklc02fz&notify=false&include_errors=true&type=discover_new&discover_by=location (Caused by NameResolutionError("HTTPSConnection(host='api.brightdata.com', port=443): Failed to resolve 'api.brightdata.com' ([Errno 11001] getaddrinfo failed)"))
2026-04-27 20:41:27  INFO      [91/2310] Processing: 'restaurant' @ 24.89579,55.023644
2026-04-27 20:41:27  ERROR     Error at input 91/2310 ('restaurant' @ 24.89579,55.023644): HTTPSConnectionPool(host='api.brightdata.com', port=443): Max retries exceeded with url: /datasets/v3/trigger?dataset_id=gd_m8ebnr0q2qlklc02fz&notify=false&include_errors=true&type=discover_new&discover_by=location (Caused by NameResolutionError("HTTPSConnection(host='api.brightdata.com', port=443): Failed to resolve 'api.brightdata.com' ([Errno 11001] getaddrinfo failed)"))
2026-04-27 20:41:27  INFO      [92/2310] Processing: 'cafe' @ 24.89579,55.023644
2026-04-27 20:41:27  ERROR     Error at input 92/2310 ('cafe' @ 24.89579,55.023644): HTTPSConnectionPool(host='api.brightdata.com', port=443): Max retries exceeded with url: /datasets/v3/trigger?dataset_id=gd_m8ebnr0q2qlklc02fz&notify=false&include_errors=true&type=discover_new&discover_by=location (Caused by NameResolutionError("HTTPSConnection(host='api.brightdata.com', port=443): Failed to resolve 'api.brightdata.com' ([Errno 11001] getaddrinfo failed)"))
2026-04-27 20:41:27  INFO      [93/2310] Processing: 'hotel' @ 24.89579,55.023644
2026-04-27 20:41:27  ERROR     Error at input 93/2310 ('hotel' @ 24.89579,55.023644): HTTPSConnectionPool(host='api.brightdata.com', port=443): Max retries exceeded with url: /datasets/v3/trigger?dataset_id=gd_m8ebnr0q2qlklc02fz&notify=false&include_errors=true&type=discover_new&discover_by=location (Caused by NameResolutionError("HTTPSConnection(host='api.brightdata.com', port=443): Failed to resolve 'api.brightdata.com' ([Errno 11001] getaddrinfo failed)"))
2026-04-27 20:41:27  INFO      [94/2310] Processing: 'mall' @ 24.89579,55.023644
2026-04-27 20:41:27  ERROR     Error at input 94/2310 ('mall' @ 24.89579,55.023644): HTTPSConnectionPool(host='api.brightdata.com', port=443): Max retries exceeded with url: /datasets/v3/trigger?dataset_id=gd_m8ebnr0q2qlklc02fz&notify=false&include_errors=true&type=discover_new&discover_by=location (Caused by NameResolutionError("HTTPSConnection(host='api.brightdata.com', port=443): Failed to resolve 'api.brightdata.com' ([Errno 11001] getaddrinfo failed)"))
2026-04-27 20:41:27  INFO      [95/2310] Processing: 'gym' @ 24.89579,55.023644
2026-04-27 20:41:27  ERROR     Error at input 95/2310 ('gym' @ 24.89579,55.023644): HTTPSConnectionPool(host='api.brightdata.com', port=443): Max retries exceeded with url: /datasets/v3/trigger?dataset_id=gd_m8ebnr0q2qlklc02fz&notify=false&include_errors=true&type=discover_new&discover_by=location (Caused by NameResolutionError("HTTPSConnection(host='api.brightdata.com', port=443): Failed to resolve 'api.brightdata.com' ([Errno 11001] getaddrinfo failed)"))
2026-04-27 20:41:27  INFO      [96/2310] Processing: 'hospital' @ 24.89579,55.023644
2026-04-27 20:41:27  ERROR     Error at input 96/2310 ('hospital' @ 24.89579,55.023644): HTTPSConnectionPool(host='api.brightdata.com', port=443): Max retries exceeded with url: /datasets/v3/trigger?dataset_id=gd_m8ebnr0q2qlklc02fz&notify=false&include_errors=true&type=discover_new&discover_by=location (Caused by NameResolutionError("HTTPSConnection(host='api.brightdata.com', port=443): Failed to resolve 'api.brightdata.com' ([Errno 11001] getaddrinfo failed)"))
2026-04-27 20:41:27  INFO      [97/2310] Processing: 'mosque' @ 24.89579,55.023644
2026-04-27 20:41:27  ERROR     Error at input 97/2310 ('mosque' @ 24.89579,55.023644): HTTPSConnectionPool(host='api.brightdata.com', port=443): Max retries exceeded with url: /datasets/v3/trigger?dataset_id=gd_m8ebnr0q2qlklc02fz&notify=false&include_errors=true&type=discover_new&discover_by=location (Caused by NameResolutionError("HTTPSConnection(host='api.brightdata.com', port=443): Failed to resolve 'api.brightdata.com' ([Errno 11001] getaddrinfo failed)"))
2026-04-27 20:41:27  INFO      [98/2310] Processing: 'spa' @ 24.89579,55.023644
2026-04-27 20:41:27  ERROR     Error at input 98/2310 ('spa' @ 24.89579,55.023644): HTTPSConnectionPool(host='api.brightdata.com', port=443): Max retries exceeded with url: /datasets/v3/trigger?dataset_id=gd_m8ebnr0q2qlklc02fz&notify=false&include_errors=true&type=discover_new&discover_by=location (Caused by NameResolutionError("HTTPSConnection(host='api.brightdata.com', port=443): Failed to resolve 'api.brightdata.com' ([Errno 11001] getaddrinfo failed)"))
2026-04-27 20:41:27  INFO      [99/2310] Processing: 'cinema' @ 24.89579,55.023644
2026-04-27 20:41:27  ERROR     Error at input 99/2310 ('cinema' @ 24.89579,55.023644): HTTPSConnectionPool(host='api.brightdata.com', port=443): Max retries exceeded with url: /datasets/v3/trigger?dataset_id=gd_m8ebnr0q2qlklc02fz&notify=false&include_errors=true&type=discover_new&discover_by=location (Caused by NameResolutionError("HTTPSConnection(host='api.brightdata.com', port=443): Failed to resolve 'api.brightdata.com' ([Errno 11001] getaddrinfo failed)"))
2026-04-27 20:41:27  INFO      [100/2310] Processing: 'bakery' @ 24.89579,55.023644
2026-04-27 20:41:27  ERROR     Error at input 100/2310 ('bakery' @ 24.89579,55.023644): HTTPSConnectionPool(host='api.brightdata.com', port=443): Max retries exceeded with url: /datasets/v3/trigger?dataset_id=gd_m8ebnr0q2qlklc02fz&notify=false&include_errors=true&type=discover_new&discover_by=location (Caused by NameResolutionError("HTTPSConnection(host='api.brightdata.com', port=443): Failed to resolve 'api.brightdata.com' ([Errno 11001] getaddrinfo failed)"))
2026-04-27 20:41:27  INFO      [101/2310] Processing: 'pharmacy' @ 24.89579,55.023644
2026-04-27 20:41:27  ERROR     Error at input 101/2310 ('pharmacy' @ 24.89579,55.023644): HTTPSConnectionPool(host='api.brightdata.com', port=443): Max retries exceeded with url: /datasets/v3/trigger?dataset_id=gd_m8ebnr0q2qlklc02fz&notify=false&include_errors=true&type=discover_new&discover_by=location (Caused by NameResolutionError("HTTPSConnection(host='api.brightdata.com', port=443): Failed to resolve 'api.brightdata.com' ([Errno 11001] getaddrinfo failed)"))
2026-04-27 20:41:27  INFO      [102/2310] Processing: 'clinic' @ 24.89579,55.023644
2026-04-27 20:41:27  ERROR     Error at input 102/2310 ('clinic' @ 24.89579,55.023644): HTTPSConnectionPool(host='api.brightdata.com', port=443): Max retries exceeded with url: /datasets/v3/trigger?dataset_id=gd_m8ebnr0q2qlklc02fz&notify=false&include_errors=true&type=discover_new&discover_by=location (Caused by NameResolutionError("HTTPSConnection(host='api.brightdata.com', port=443): Failed to resolve 'api.brightdata.com' ([Errno 11001] getaddrinfo failed)"))
2026-04-27 20:41:27  INFO      [103/2310] Processing: 'school' @ 24.89579,55.023644
2026-04-27 20:41:27  ERROR     Error at input 103/2310 ('school' @ 24.89579,55.023644): HTTPSConnectionPool(host='api.brightdata.com', port=443): Max retries exceeded with url: /datasets/v3/trigger?dataset_id=gd_m8ebnr0q2qlklc02fz&notify=false&include_errors=true&type=discover_new&discover_by=location (Caused by NameResolutionError("HTTPSConnection(host='api.brightdata.com', port=443): Failed to resolve 'api.brightdata.com' ([Errno 11001] getaddrinfo failed)"))
2026-04-27 20:41:27  INFO      [104/2310] Processing: 'bank' @ 24.89579,55.023644
2026-04-27 20:41:27  ERROR     Error at input 104/2310 ('bank' @ 24.89579,55.023644): HTTPSConnectionPool(host='api.brightdata.com', port=443): Max retries exceeded with url: /datasets/v3/trigger?dataset_id=gd_m8ebnr0q2qlklc02fz&notify=false&include_errors=true&type=discover_new&discover_by=location (Caused by NameResolutionError("HTTPSConnection(host='api.brightdata.com', port=443): Failed to resolve 'api.brightdata.com' ([Errno 11001] getaddrinfo failed)"))
2026-04-27 20:41:27  INFO      [105/2310] Processing: 'supermarket' @ 24.89579,55.023644
2026-04-27 20:41:27  ERROR     Error at input 105/2310 ('supermarket' @ 24.89579,55.023644): HTTPSConnectionPool(host='api.brightdata.com', port=443): Max retries exceeded with url: /datasets/v3/trigger?dataset_id=gd_m8ebnr0q2qlklc02fz&notify=false&include_errors=true&type=discover_new&discover_by=location (Caused by NameResolutionError("HTTPSConnection(host='api.brightdata.com', port=443): Failed to resolve 'api.brightdata.com' ([Errno 11001] getaddrinfo failed)"))
2026-04-27 20:41:27  INFO      [106/2310] Processing: 'restaurant' @ 24.89579,55.098152
2026-04-27 20:41:27  ERROR     Error at input 106/2310 ('restaurant' @ 24.89579,55.098152): HTTPSConnectionPool(host='api.brightdata.com', port=443): Max retries exceeded with url: /datasets/v3/trigger?dataset_id=gd_m8ebnr0q2qlklc02fz&notify=false&include_errors=true&type=discover_new&discover_by=location (Caused by NameResolutionError("HTTPSConnection(host='api.brightdata.com', port=443): Failed to resolve 'api.brightdata.com' ([Errno 11001] getaddrinfo failed)"))
2026-04-27 20:41:27  INFO      [107/2310] Processing: 'cafe' @ 24.89579,55.098152
2026-04-27 20:41:27  ERROR     Error at input 107/2310 ('cafe' @ 24.89579,55.098152): HTTPSConnectionPool(host='api.brightdata.com', port=443): Max retries exceeded with url: /datasets/v3/trigger?dataset_id=gd_m8ebnr0q2qlklc02fz&notify=false&include_errors=true&type=discover_new&discover_by=location (Caused by NameResolutionError("HTTPSConnection(host='api.brightdata.com', port=443): Failed to resolve 'api.brightdata.com' ([Errno 11001] getaddrinfo failed)"))
2026-04-27 20:41:27  INFO      [108/2310] Processing: 'hotel' @ 24.89579,55.098152
2026-04-27 20:41:27  ERROR     Error at input 108/2310 ('hotel' @ 24.89579,55.098152): HTTPSConnectionPool(host='api.brightdata.com', port=443): Max retries exceeded with url: /datasets/v3/trigger?dataset_id=gd_m8ebnr0q2qlklc02fz&notify=false&include_errors=true&type=discover_new&discover_by=location (Caused by NameResolutionError("HTTPSConnection(host='api.brightdata.com', port=443): Failed to resolve 'api.brightdata.com' ([Errno 11001] getaddrinfo failed)"))
2026-04-27 20:41:27  INFO      [109/2310] Processing: 'mall' @ 24.89579,55.098152
2026-04-27 20:41:27  ERROR     Error at input 109/2310 ('mall' @ 24.89579,55.098152): HTTPSConnectionPool(host='api.brightdata.com', port=443): Max retries exceeded with url: /datasets/v3/trigger?dataset_id=gd_m8ebnr0q2qlklc02fz&notify=false&include_errors=true&type=discover_new&discover_by=location (Caused by NameResolutionError("HTTPSConnection(host='api.brightdata.com', port=443): Failed to resolve 'api.brightdata.com' ([Errno 11001] getaddrinfo failed)"))
2026-04-27 20:41:27  INFO      [110/2310] Processing: 'gym' @ 24.89579,55.098152
2026-04-27 20:41:27  ERROR     Error at input 110/2310 ('gym' @ 24.89579,55.098152): HTTPSConnectionPool(host='api.brightdata.com', port=443): Max retries exceeded with url: /datasets/v3/trigger?dataset_id=gd_m8ebnr0q2qlklc02fz&notify=false&include_errors=true&type=discover_new&discover_by=location (Caused by NameResolutionError("HTTPSConnection(host='api.brightdata.com', port=443): Failed to resolve 'api.brightdata.com' ([Errno 11001] getaddrinfo failed)"))
2026-04-27 20:41:27  INFO      [111/2310] Processing: 'hospital' @ 24.89579,55.098152
2026-04-27 20:41:27  ERROR     Error at input 111/2310 ('hospital' @ 24.89579,55.098152): HTTPSConnectionPool(host='api.brightdata.com', port=443): Max retries exceeded with url: /datasets/v3/trigger?dataset_id=gd_m8ebnr0q2qlklc02fz&notify=false&include_errors=true&type=discover_new&discover_by=location (Caused by NameResolutionError("HTTPSConnection(host='api.brightdata.com', port=443): Failed to resolve 'api.brightdata.com' ([Errno 11001] getaddrinfo failed)"))
2026-04-27 20:41:27  INFO      [112/2310] Processing: 'mosque' @ 24.89579,55.098152
2026-04-27 20:41:27  ERROR     Error at input 112/2310 ('mosque' @ 24.89579,55.098152): HTTPSConnectionPool(host='api.brightdata.com', port=443): Max retries exceeded with url: /datasets/v3/trigger?dataset_id=gd_m8ebnr0q2qlklc02fz&notify=false&include_errors=true&type=discover_new&discover_by=location (Caused by NameResolutionError("HTTPSConnection(host='api.brightdata.com', port=443): Failed to resolve 'api.brightdata.com' ([Errno 11001] getaddrinfo failed)"))
2026-04-27 20:41:27  INFO      [113/2310] Processing: 'spa' @ 24.89579,55.098152
2026-04-27 20:41:27  ERROR     Error at input 113/2310 ('spa' @ 24.89579,55.098152): HTTPSConnectionPool(host='api.brightdata.com', port=443): Max retries exceeded with url: /datasets/v3/trigger?dataset_id=gd_m8ebnr0q2qlklc02fz&notify=false&include_errors=true&type=discover_new&discover_by=location (Caused by NameResolutionError("HTTPSConnection(host='api.brightdata.com', port=443): Failed to resolve 'api.brightdata.com' ([Errno 11001] getaddrinfo failed)"))
2026-04-27 20:41:27  INFO      [114/2310] Processing: 'cinema' @ 24.89579,55.098152
2026-04-27 20:41:27  ERROR     Error at input 114/2310 ('cinema' @ 24.89579,55.098152): HTTPSConnectionPool(host='api.brightdata.com', port=443): Max retries exceeded with url: /datasets/v3/trigger?dataset_id=gd_m8ebnr0q2qlklc02fz&notify=false&include_errors=true&type=discover_new&discover_by=location (Caused by NameResolutionError("HTTPSConnection(host='api.brightdata.com', port=443): Failed to resolve 'api.brightdata.com' ([Errno 11001] getaddrinfo failed)"))
2026-04-27 20:41:27  INFO      [115/2310] Processing: 'bakery' @ 24.89579,55.098152
2026-04-27 20:41:27  ERROR     Error at input 115/2310 ('bakery' @ 24.89579,55.098152): HTTPSConnectionPool(host='api.brightdata.com', port=443): Max retries exceeded with url: /datasets/v3/trigger?dataset_id=gd_m8ebnr0q2qlklc02fz&notify=false&include_errors=true&type=discover_new&discover_by=location (Caused by NameResolutionError("HTTPSConnection(host='api.brightdata.com', port=443): Failed to resolve 'api.brightdata.com' ([Errno 11001] getaddrinfo failed)"))
2026-04-27 20:41:27  INFO      [116/2310] Processing: 'pharmacy' @ 24.89579,55.098152
2026-04-27 20:41:27  ERROR     Error at input 116/2310 ('pharmacy' @ 24.89579,55.098152): HTTPSConnectionPool(host='api.brightdata.com', port=443): Max retries exceeded with url: /datasets/v3/trigger?dataset_id=gd_m8ebnr0q2qlklc02fz&notify=false&include_errors=true&type=discover_new&discover_by=location (Caused by NameResolutionError("HTTPSConnection(host='api.brightdata.com', port=443): Failed to resolve 'api.brightdata.com' ([Errno 11001] getaddrinfo failed)"))
2026-04-27 20:41:27  INFO      [117/2310] Processing: 'clinic' @ 24.89579,55.098152
2026-04-27 20:41:27  ERROR     Error at input 117/2310 ('clinic' @ 24.89579,55.098152): HTTPSConnectionPool(host='api.brightdata.com', port=443): Max retries exceeded with url: /datasets/v3/trigger?dataset_id=gd_m8ebnr0q2qlklc02fz&notify=false&include_errors=true&type=discover_new&discover_by=location (Caused by NameResolutionError("HTTPSConnection(host='api.brightdata.com', port=443): Failed to resolve 'api.brightdata.com' ([Errno 11001] getaddrinfo failed)"))
2026-04-27 20:41:27  INFO      [118/2310] Processing: 'school' @ 24.89579,55.098152
2026-04-27 20:41:27  ERROR     Error at input 118/2310 ('school' @ 24.89579,55.098152): HTTPSConnectionPool(host='api.brightdata.com', port=443): Max retries exceeded with url: /datasets/v3/trigger?dataset_id=gd_m8ebnr0q2qlklc02fz&notify=false&include_errors=true&type=discover_new&discover_by=location (Caused by NameResolutionError("HTTPSConnection(host='api.brightdata.com', port=443): Failed to resolve 'api.brightdata.com' ([Errno 11001] getaddrinfo failed)"))
2026-04-27 20:41:27  INFO      [119/2310] Processing: 'bank' @ 24.89579,55.098152
2026-04-27 20:41:27  ERROR     Error at input 119/2310 ('bank' @ 24.89579,55.098152): HTTPSConnectionPool(host='api.brightdata.com', port=443): Max retries exceeded with url: /datasets/v3/trigger?dataset_id=gd_m8ebnr0q2qlklc02fz&notify=false&include_errors=true&type=discover_new&discover_by=location (Caused by NameResolutionError("HTTPSConnection(host='api.brightdata.com', port=443): Failed to resolve 'api.brightdata.com' ([Errno 11001] getaddrinfo failed)"))
2026-04-27 20:41:28  INFO      [120/2310] Processing: 'supermarket' @ 24.89579,55.098152
2026-04-27 20:41:28  ERROR     Error at input 120/2310 ('supermarket' @ 24.89579,55.098152): HTTPSConnectionPool(host='api.brightdata.com', port=443): Max retries exceeded with url: /datasets/v3/trigger?dataset_id=gd_m8ebnr0q2qlklc02fz&notify=false&include_errors=true&type=discover_new&discover_by=location (Caused by NameResolutionError("HTTPSConnection(host='api.brightdata.com', port=443): Failed to resolve 'api.brightdata.com' ([Errno 11001] getaddrinfo failed)"))
2026-04-27 20:41:28  INFO      [121/2310] Processing: 'restaurant' @ 24.89579,55.17266
2026-04-27 20:41:28  ERROR     Error at input 121/2310 ('restaurant' @ 24.89579,55.17266): HTTPSConnectionPool(host='api.brightdata.com', port=443): Max retries exceeded with url: /datasets/v3/trigger?dataset_id=gd_m8ebnr0q2qlklc02fz&notify=false&include_errors=true&type=discover_new&discover_by=location (Caused by NameResolutionError("HTTPSConnection(host='api.brightdata.com', port=443): Failed to resolve 'api.brightdata.com' ([Errno 11001] getaddrinfo failed)"))
2026-04-27 20:41:28  INFO      [122/2310] Processing: 'cafe' @ 24.89579,55.17266
2026-04-27 20:41:28  ERROR     Error at input 122/2310 ('cafe' @ 24.89579,55.17266): HTTPSConnectionPool(host='api.brightdata.com', port=443): Max retries exceeded with url: /datasets/v3/trigger?dataset_id=gd_m8ebnr0q2qlklc02fz&notify=false&include_errors=true&type=discover_new&discover_by=location (Caused by NameResolutionError("HTTPSConnection(host='api.brightdata.com', port=443): Failed to resolve 'api.brightdata.com' ([Errno 11001] getaddrinfo failed)"))
2026-04-27 20:41:28  INFO      [123/2310] Processing: 'hotel' @ 24.89579,55.17266
2026-04-27 20:41:28  ERROR     Error at input 123/2310 ('hotel' @ 24.89579,55.17266): HTTPSConnectionPool(host='api.brightdata.com', port=443): Max retries exceeded with url: /datasets/v3/trigger?dataset_id=gd_m8ebnr0q2qlklc02fz&notify=false&include_errors=true&type=discover_new&discover_by=location (Caused by NameResolutionError("HTTPSConnection(host='api.brightdata.com', port=443): Failed to resolve 'api.brightdata.com' ([Errno 11001] getaddrinfo failed)"))
2026-04-27 20:41:28  INFO      [124/2310] Processing: 'mall' @ 24.89579,55.17266
2026-04-27 20:41:28  ERROR     Error at input 124/2310 ('mall' @ 24.89579,55.17266): HTTPSConnectionPool(host='api.brightdata.com', port=443): Max retries exceeded with url: /datasets/v3/trigger?dataset_id=gd_m8ebnr0q2qlklc02fz&notify=false&include_errors=true&type=discover_new&discover_by=location (Caused by NameResolutionError("HTTPSConnection(host='api.brightdata.com', port=443): Failed to resolve 'api.brightdata.com' ([Errno 11001] getaddrinfo failed)"))
2026-04-27 20:41:28  INFO      [125/2310] Processing: 'gym' @ 24.89579,55.17266
2026-04-27 20:41:28  ERROR     Error at input 125/2310 ('gym' @ 24.89579,55.17266): HTTPSConnectionPool(host='api.brightdata.com', port=443): Max retries exceeded with url: /datasets/v3/trigger?dataset_id=gd_m8ebnr0q2qlklc02fz&notify=false&include_errors=true&type=discover_new&discover_by=location (Caused by NameResolutionError("HTTPSConnection(host='api.brightdata.com', port=443): Failed to resolve 'api.brightdata.com' ([Errno 11001] getaddrinfo failed)"))
2026-04-27 20:41:28  INFO      [126/2310] Processing: 'hospital' @ 24.89579,55.17266
2026-04-27 20:41:28  ERROR     Error at input 126/2310 ('hospital' @ 24.89579,55.17266): HTTPSConnectionPool(host='api.brightdata.com', port=443): Max retries exceeded with url: /datasets/v3/trigger?dataset_id=gd_m8ebnr0q2qlklc02fz&notify=false&include_errors=true&type=discover_new&discover_by=location (Caused by NameResolutionError("HTTPSConnection(host='api.brightdata.com', port=443): Failed to resolve 'api.brightdata.com' ([Errno 11001] getaddrinfo failed)"))
2026-04-27 20:41:28  INFO      [127/2310] Processing: 'mosque' @ 24.89579,55.17266
2026-04-27 20:41:28  ERROR     Error at input 127/2310 ('mosque' @ 24.89579,55.17266): HTTPSConnectionPool(host='api.brightdata.com', port=443): Max retries exceeded with url: /datasets/v3/trigger?dataset_id=gd_m8ebnr0q2qlklc02fz&notify=false&include_errors=true&type=discover_new&discover_by=location (Caused by NameResolutionError("HTTPSConnection(host='api.brightdata.com', port=443): Failed to resolve 'api.brightdata.com' ([Errno 11001] getaddrinfo failed)"))
2026-04-27 20:41:28  INFO      [128/2310] Processing: 'spa' @ 24.89579,55.17266
2026-04-27 20:41:28  ERROR     Error at input 128/2310 ('spa' @ 24.89579,55.17266): HTTPSConnectionPool(host='api.brightdata.com', port=443): Max retries exceeded with url: /datasets/v3/trigger?dataset_id=gd_m8ebnr0q2qlklc02fz&notify=false&include_errors=true&type=discover_new&discover_by=location (Caused by NameResolutionError("HTTPSConnection(host='api.brightdata.com', port=443): Failed to resolve 'api.brightdata.com' ([Errno 11001] getaddrinfo failed)"))
2026-04-27 20:41:28  INFO      [129/2310] Processing: 'cinema' @ 24.89579,55.17266
2026-04-27 20:41:28  ERROR     Error at input 129/2310 ('cinema' @ 24.89579,55.17266): HTTPSConnectionPool(host='api.brightdata.com', port=443): Max retries exceeded with url: /datasets/v3/trigger?dataset_id=gd_m8ebnr0q2qlklc02fz&notify=false&include_errors=true&type=discover_new&discover_by=location (Caused by NameResolutionError("HTTPSConnection(host='api.brightdata.com', port=443): Failed to resolve 'api.brightdata.com' ([Errno 11001] getaddrinfo failed)"))
2026-04-27 20:41:28  INFO      [130/2310] Processing: 'bakery' @ 24.89579,55.17266
2026-04-27 20:41:28  ERROR     Error at input 130/2310 ('bakery' @ 24.89579,55.17266): HTTPSConnectionPool(host='api.brightdata.com', port=443): Max retries exceeded with url: /datasets/v3/trigger?dataset_id=gd_m8ebnr0q2qlklc02fz&notify=false&include_errors=true&type=discover_new&discover_by=location (Caused by NameResolutionError("HTTPSConnection(host='api.brightdata.com', port=443): Failed to resolve 'api.brightdata.com' ([Errno 11001] getaddrinfo failed)"))
2026-04-27 20:41:28  INFO      [131/2310] Processing: 'pharmacy' @ 24.89579,55.17266
2026-04-27 20:41:28  ERROR     Error at input 131/2310 ('pharmacy' @ 24.89579,55.17266): HTTPSConnectionPool(host='api.brightdata.com', port=443): Max retries exceeded with url: /datasets/v3/trigger?dataset_id=gd_m8ebnr0q2qlklc02fz&notify=false&include_errors=true&type=discover_new&discover_by=location (Caused by NameResolutionError("HTTPSConnection(host='api.brightdata.com', port=443): Failed to resolve 'api.brightdata.com' ([Errno 11001] getaddrinfo failed)"))
2026-04-27 20:41:28  INFO      [132/2310] Processing: 'clinic' @ 24.89579,55.17266
2026-04-27 20:41:28  ERROR     Error at input 132/2310 ('clinic' @ 24.89579,55.17266): HTTPSConnectionPool(host='api.brightdata.com', port=443): Max retries exceeded with url: /datasets/v3/trigger?dataset_id=gd_m8ebnr0q2qlklc02fz&notify=false&include_errors=true&type=discover_new&discover_by=location (Caused by NameResolutionError("HTTPSConnection(host='api.brightdata.com', port=443): Failed to resolve 'api.brightdata.com' ([Errno 11001] getaddrinfo failed)"))
2026-04-27 20:41:28  INFO      [133/2310] Processing: 'school' @ 24.89579,55.17266
2026-04-27 20:41:28  ERROR     Error at input 133/2310 ('school' @ 24.89579,55.17266): HTTPSConnectionPool(host='api.brightdata.com', port=443): Max retries exceeded with url: /datasets/v3/trigger?dataset_id=gd_m8ebnr0q2qlklc02fz&notify=false&include_errors=true&type=discover_new&discover_by=location (Caused by NameResolutionError("HTTPSConnection(host='api.brightdata.com', port=443): Failed to resolve 'api.brightdata.com' ([Errno 11001] getaddrinfo failed)"))
2026-04-27 20:41:28  INFO      [134/2310] Processing: 'bank' @ 24.89579,55.17266
2026-04-27 20:41:28  ERROR     Error at input 134/2310 ('bank' @ 24.89579,55.17266): HTTPSConnectionPool(host='api.brightdata.com', port=443): Max retries exceeded with url: /datasets/v3/trigger?dataset_id=gd_m8ebnr0q2qlklc02fz&notify=false&include_errors=true&type=discover_new&discover_by=location (Caused by NameResolutionError("HTTPSConnection(host='api.brightdata.com', port=443): Failed to resolve 'api.brightdata.com' ([Errno 11001] getaddrinfo failed)"))
2026-04-27 20:41:28  INFO      [135/2310] Processing: 'supermarket' @ 24.89579,55.17266
2026-04-27 20:41:28  ERROR     Error at input 135/2310 ('supermarket' @ 24.89579,55.17266): HTTPSConnectionPool(host='api.brightdata.com', port=443): Max retries exceeded with url: /datasets/v3/trigger?dataset_id=gd_m8ebnr0q2qlklc02fz&notify=false&include_errors=true&type=discover_new&discover_by=location (Caused by NameResolutionError("HTTPSConnection(host='api.brightdata.com', port=443): Failed to resolve 'api.brightdata.com' ([Errno 11001] getaddrinfo failed)"))
2026-04-27 20:41:28  INFO      [136/2310] Processing: 'restaurant' @ 24.89579,55.247168
2026-04-27 20:41:28  ERROR     Error at input 136/2310 ('restaurant' @ 24.89579,55.247168): HTTPSConnectionPool(host='api.brightdata.com', port=443): Max retries exceeded with url: /datasets/v3/trigger?dataset_id=gd_m8ebnr0q2qlklc02fz&notify=false&include_errors=true&type=discover_new&discover_by=location (Caused by NameResolutionError("HTTPSConnection(host='api.brightdata.com', port=443): Failed to resolve 'api.brightdata.com' ([Errno 11001] getaddrinfo failed)"))
2026-04-27 20:41:28  INFO      [137/2310] Processing: 'cafe' @ 24.89579,55.247168
2026-04-27 20:41:28  ERROR     Error at input 137/2310 ('cafe' @ 24.89579,55.247168): HTTPSConnectionPool(host='api.brightdata.com', port=443): Max retries exceeded with url: /datasets/v3/trigger?dataset_id=gd_m8ebnr0q2qlklc02fz&notify=false&include_errors=true&type=discover_new&discover_by=location (Caused by NameResolutionError("HTTPSConnection(host='api.brightdata.com', port=443): Failed to resolve 'api.brightdata.com' ([Errno 11001] getaddrinfo failed)"))
2026-04-27 20:41:28  INFO      [138/2310] Processing: 'hotel' @ 24.89579,55.247168
2026-04-27 20:41:28  ERROR     Error at input 138/2310 ('hotel' @ 24.89579,55.247168): HTTPSConnectionPool(host='api.brightdata.com', port=443): Max retries exceeded with url: /datasets/v3/trigger?dataset_id=gd_m8ebnr0q2qlklc02fz&notify=false&include_errors=true&type=discover_new&discover_by=location (Caused by NameResolutionError("HTTPSConnection(host='api.brightdata.com', port=443): Failed to resolve 'api.brightdata.com' ([Errno 11001] getaddrinfo failed)"))
2026-04-27 20:41:28  INFO      [139/2310] Processing: 'mall' @ 24.89579,55.247168
2026-04-27 20:41:28  ERROR     Error at input 139/2310 ('mall' @ 24.89579,55.247168): HTTPSConnectionPool(host='api.brightdata.com', port=443): Max retries exceeded with url: /datasets/v3/trigger?dataset_id=gd_m8ebnr0q2qlklc02fz&notify=false&include_errors=true&type=discover_new&discover_by=location (Caused by NameResolutionError("HTTPSConnection(host='api.brightdata.com', port=443): Failed to resolve 'api.brightdata.com' ([Errno 11001] getaddrinfo failed)"))
2026-04-27 20:41:28  INFO      [140/2310] Processing: 'gym' @ 24.89579,55.247168
2026-04-27 20:41:28  ERROR     Error at input 140/2310 ('gym' @ 24.89579,55.247168): HTTPSConnectionPool(host='api.brightdata.com', port=443): Max retries exceeded with url: /datasets/v3/trigger?dataset_id=gd_m8ebnr0q2qlklc02fz&notify=false&include_errors=true&type=discover_new&discover_by=location (Caused by NameResolutionError("HTTPSConnection(host='api.brightdata.com', port=443): Failed to resolve 'api.brightdata.com' ([Errno 11001] getaddrinfo failed)"))
2026-04-27 20:41:28  INFO      [141/2310] Processing: 'hospital' @ 24.89579,55.247168
2026-04-27 20:41:28  ERROR     Error at input 141/2310 ('hospital' @ 24.89579,55.247168): HTTPSConnectionPool(host='api.brightdata.com', port=443): Max retries exceeded with url: /datasets/v3/trigger?dataset_id=gd_m8ebnr0q2qlklc02fz&notify=false&include_errors=true&type=discover_new&discover_by=location (Caused by NameResolutionError("HTTPSConnection(host='api.brightdata.com', port=443): Failed to resolve 'api.brightdata.com' ([Errno 11001] getaddrinfo failed)"))
2026-04-27 20:41:28  INFO      [142/2310] Processing: 'mosque' @ 24.89579,55.247168
2026-04-27 20:41:28  ERROR     Error at input 142/2310 ('mosque' @ 24.89579,55.247168): HTTPSConnectionPool(host='api.brightdata.com', port=443): Max retries exceeded with url: /datasets/v3/trigger?dataset_id=gd_m8ebnr0q2qlklc02fz&notify=false&include_errors=true&type=discover_new&discover_by=location (Caused by NameResolutionError("HTTPSConnection(host='api.brightdata.com', port=443): Failed to resolve 'api.brightdata.com' ([Errno 11001] getaddrinfo failed)"))
2026-04-27 20:41:28  INFO      [143/2310] Processing: 'spa' @ 24.89579,55.247168
2026-04-27 20:41:28  ERROR     Error at input 143/2310 ('spa' @ 24.89579,55.247168): HTTPSConnectionPool(host='api.brightdata.com', port=443): Max retries exceeded with url: /datasets/v3/trigger?dataset_id=gd_m8ebnr0q2qlklc02fz&notify=false&include_errors=true&type=discover_new&discover_by=location (Caused by NameResolutionError("HTTPSConnection(host='api.brightdata.com', port=443): Failed to resolve 'api.brightdata.com' ([Errno 11001] getaddrinfo failed)"))
2026-04-27 20:41:28  INFO      [144/2310] Processing: 'cinema' @ 24.89579,55.247168
2026-04-27 20:41:28  ERROR     Error at input 144/2310 ('cinema' @ 24.89579,55.247168): HTTPSConnectionPool(host='api.brightdata.com', port=443): Max retries exceeded with url: /datasets/v3/trigger?dataset_id=gd_m8ebnr0q2qlklc02fz&notify=false&include_errors=true&type=discover_new&discover_by=location (Caused by NameResolutionError("HTTPSConnection(host='api.brightdata.com', port=443): Failed to resolve 'api.brightdata.com' ([Errno 11001] getaddrinfo failed)"))
2026-04-27 20:41:28  INFO      [145/2310] Processing: 'bakery' @ 24.89579,55.247168
2026-04-27 20:41:28  ERROR     Error at input 145/2310 ('bakery' @ 24.89579,55.247168): HTTPSConnectionPool(host='api.brightdata.com', port=443): Max retries exceeded with url: /datasets/v3/trigger?dataset_id=gd_m8ebnr0q2qlklc02fz&notify=false&include_errors=true&type=discover_new&discover_by=location (Caused by NameResolutionError("HTTPSConnection(host='api.brightdata.com', port=443): Failed to resolve 'api.brightdata.com' ([Errno 11001] getaddrinfo failed)"))
2026-04-27 20:41:28  INFO      [146/2310] Processing: 'pharmacy' @ 24.89579,55.247168
2026-04-27 20:41:28  ERROR     Error at input 146/2310 ('pharmacy' @ 24.89579,55.247168): HTTPSConnectionPool(host='api.brightdata.com', port=443): Max retries exceeded with url: /datasets/v3/trigger?dataset_id=gd_m8ebnr0q2qlklc02fz&notify=false&include_errors=true&type=discover_new&discover_by=location (Caused by NameResolutionError("HTTPSConnection(host='api.brightdata.com', port=443): Failed to resolve 'api.brightdata.com' ([Errno 11001] getaddrinfo failed)"))
2026-04-27 20:41:28  INFO      [147/2310] Processing: 'clinic' @ 24.89579,55.247168
2026-04-27 20:41:28  ERROR     Error at input 147/2310 ('clinic' @ 24.89579,55.247168): HTTPSConnectionPool(host='api.brightdata.com', port=443): Max retries exceeded with url: /datasets/v3/trigger?dataset_id=gd_m8ebnr0q2qlklc02fz&notify=false&include_errors=true&type=discover_new&discover_by=location (Caused by NameResolutionError("HTTPSConnection(host='api.brightdata.com', port=443): Failed to resolve 'api.brightdata.com' ([Errno 11001] getaddrinfo failed)"))
2026-04-27 20:41:28  INFO      [148/2310] Processing: 'school' @ 24.89579,55.247168
2026-04-27 20:41:28  ERROR     Error at input 148/2310 ('school' @ 24.89579,55.247168): HTTPSConnectionPool(host='api.brightdata.com', port=443): Max retries exceeded with url: /datasets/v3/trigger?dataset_id=gd_m8ebnr0q2qlklc02fz&notify=false&include_errors=true&type=discover_new&discover_by=location (Caused by NameResolutionError("HTTPSConnection(host='api.brightdata.com', port=443): Failed to resolve 'api.brightdata.com' ([Errno 11001] getaddrinfo failed)"))
2026-04-27 20:41:28  INFO      [149/2310] Processing: 'bank' @ 24.89579,55.247168
2026-04-27 20:41:28  ERROR     Error at input 149/2310 ('bank' @ 24.89579,55.247168): HTTPSConnectionPool(host='api.brightdata.com', port=443): Max retries exceeded with url: /datasets/v3/trigger?dataset_id=gd_m8ebnr0q2qlklc02fz&notify=false&include_errors=true&type=discover_new&discover_by=location (Caused by NameResolutionError("HTTPSConnection(host='api.brightdata.com', port=443): Failed to resolve 'api.brightdata.com' ([Errno 11001] getaddrinfo failed)"))
2026-04-27 20:41:28  INFO      [150/2310] Processing: 'supermarket' @ 24.89579,55.247168
2026-04-27 20:41:28  ERROR     Error at input 150/2310 ('supermarket' @ 24.89579,55.247168): HTTPSConnectionPool(host='api.brightdata.com', port=443): Max retries exceeded with url: /datasets/v3/trigger?dataset_id=gd_m8ebnr0q2qlklc02fz&notify=false&include_errors=true&type=discover_new&discover_by=location (Caused by NameResolutionError("HTTPSConnection(host='api.brightdata.com', port=443): Failed to resolve 'api.brightdata.com' ([Errno 11001] getaddrinfo failed)"))
2026-04-27 20:41:28  INFO      [151/2310] Processing: 'restaurant' @ 24.963358,54.949136
2026-04-27 20:41:28  ERROR     Error at input 151/2310 ('restaurant' @ 24.963358,54.949136): HTTPSConnectionPool(host='api.brightdata.com', port=443): Max retries exceeded with url: /datasets/v3/trigger?dataset_id=gd_m8ebnr0q2qlklc02fz&notify=false&include_errors=true&type=discover_new&discover_by=location (Caused by NameResolutionError("HTTPSConnection(host='api.brightdata.com', port=443): Failed to resolve 'api.brightdata.com' ([Errno 11001] getaddrinfo failed)"))
2026-04-27 20:41:28  INFO      [152/2310] Processing: 'cafe' @ 24.963358,54.949136
2026-04-27 20:41:28  ERROR     Error at input 152/2310 ('cafe' @ 24.963358,54.949136): HTTPSConnectionPool(host='api.brightdata.com', port=443): Max retries exceeded with url: /datasets/v3/trigger?dataset_id=gd_m8ebnr0q2qlklc02fz&notify=false&include_errors=true&type=discover_new&discover_by=location (Caused by NameResolutionError("HTTPSConnection(host='api.brightdata.com', port=443): Failed to resolve 'api.brightdata.com' ([Errno 11001] getaddrinfo failed)"))
2026-04-27 20:41:28  INFO      [153/2310] Processing: 'hotel' @ 24.963358,54.949136
2026-04-27 20:41:28  ERROR     Error at input 153/2310 ('hotel' @ 24.963358,54.949136): HTTPSConnectionPool(host='api.brightdata.com', port=443): Max retries exceeded with url: /datasets/v3/trigger?dataset_id=gd_m8ebnr0q2qlklc02fz&notify=false&include_errors=true&type=discover_new&discover_by=location (Caused by NameResolutionError("HTTPSConnection(host='api.brightdata.com', port=443): Failed to resolve 'api.brightdata.com' ([Errno 11001] getaddrinfo failed)"))
2026-04-27 20:41:28  INFO      [154/2310] Processing: 'mall' @ 24.963358,54.949136
2026-04-27 20:41:28  ERROR     Error at input 154/2310 ('mall' @ 24.963358,54.949136): HTTPSConnectionPool(host='api.brightdata.com', port=443): Max retries exceeded with url: /datasets/v3/trigger?dataset_id=gd_m8ebnr0q2qlklc02fz&notify=false&include_errors=true&type=discover_new&discover_by=location (Caused by NameResolutionError("HTTPSConnection(host='api.brightdata.com', port=443): Failed to resolve 'api.brightdata.com' ([Errno 11001] getaddrinfo failed)"))
2026-04-27 20:41:28  INFO      [155/2310] Processing: 'gym' @ 24.963358,54.949136
2026-04-27 20:41:28  ERROR     Error at input 155/2310 ('gym' @ 24.963358,54.949136): HTTPSConnectionPool(host='api.brightdata.com', port=443): Max retries exceeded with url: /datasets/v3/trigger?dataset_id=gd_m8ebnr0q2qlklc02fz&notify=false&include_errors=true&type=discover_new&discover_by=location (Caused by NameResolutionError("HTTPSConnection(host='api.brightdata.com', port=443): Failed to resolve 'api.brightdata.com' ([Errno 11001] getaddrinfo failed)"))
2026-04-27 20:41:28  INFO      [156/2310] Processing: 'hospital' @ 24.963358,54.949136
2026-04-27 20:41:28  ERROR     Error at input 156/2310 ('hospital' @ 24.963358,54.949136): HTTPSConnectionPool(host='api.brightdata.com', port=443): Max retries exceeded with url: /datasets/v3/trigger?dataset_id=gd_m8ebnr0q2qlklc02fz&notify=false&include_errors=true&type=discover_new&discover_by=location (Caused by NameResolutionError("HTTPSConnection(host='api.brightdata.com', port=443): Failed to resolve 'api.brightdata.com' ([Errno 11001] getaddrinfo failed)"))
2026-04-27 20:41:28  INFO      [157/2310] Processing: 'mosque' @ 24.963358,54.949136
2026-04-27 20:41:28  ERROR     Error at input 157/2310 ('mosque' @ 24.963358,54.949136): HTTPSConnectionPool(host='api.brightdata.com', port=443): Max retries exceeded with url: /datasets/v3/trigger?dataset_id=gd_m8ebnr0q2qlklc02fz&notify=false&include_errors=true&type=discover_new&discover_by=location (Caused by NameResolutionError("HTTPSConnection(host='api.brightdata.com', port=443): Failed to resolve 'api.brightdata.com' ([Errno 11001] getaddrinfo failed)"))
2026-04-27 20:41:28  INFO      [158/2310] Processing: 'spa' @ 24.963358,54.949136
2026-04-27 20:41:28  ERROR     Error at input 158/2310 ('spa' @ 24.963358,54.949136): HTTPSConnectionPool(host='api.brightdata.com', port=443): Max retries exceeded with url: /datasets/v3/trigger?dataset_id=gd_m8ebnr0q2qlklc02fz&notify=false&include_errors=true&type=discover_new&discover_by=location (Caused by NameResolutionError("HTTPSConnection(host='api.brightdata.com', port=443): Failed to resolve 'api.brightdata.com' ([Errno 11001] getaddrinfo failed)"))
2026-04-27 20:41:28  INFO      [159/2310] Processing: 'cinema' @ 24.963358,54.949136
2026-04-27 20:41:28  ERROR     Error at input 159/2310 ('cinema' @ 24.963358,54.949136): HTTPSConnectionPool(host='api.brightdata.com', port=443): Max retries exceeded with url: /datasets/v3/trigger?dataset_id=gd_m8ebnr0q2qlklc02fz&notify=false&include_errors=true&type=discover_new&discover_by=location (Caused by NameResolutionError("HTTPSConnection(host='api.brightdata.com', port=443): Failed to resolve 'api.brightdata.com' ([Errno 11001] getaddrinfo failed)"))
2026-04-27 20:41:28  INFO      [160/2310] Processing: 'bakery' @ 24.963358,54.949136
2026-04-27 20:41:28  ERROR     Error at input 160/2310 ('bakery' @ 24.963358,54.949136): HTTPSConnectionPool(host='api.brightdata.com', port=443): Max retries exceeded with url: /datasets/v3/trigger?dataset_id=gd_m8ebnr0q2qlklc02fz&notify=false&include_errors=true&type=discover_new&discover_by=location (Caused by NameResolutionError("HTTPSConnection(host='api.brightdata.com', port=443): Failed to resolve 'api.brightdata.com' ([Errno 11001] getaddrinfo failed)"))
2026-04-27 20:41:28  INFO      [161/2310] Processing: 'pharmacy' @ 24.963358,54.949136
2026-04-27 20:41:28  ERROR     Error at input 161/2310 ('pharmacy' @ 24.963358,54.949136): HTTPSConnectionPool(host='api.brightdata.com', port=443): Max retries exceeded with url: /datasets/v3/trigger?dataset_id=gd_m8ebnr0q2qlklc02fz&notify=false&include_errors=true&type=discover_new&discover_by=location (Caused by NameResolutionError("HTTPSConnection(host='api.brightdata.com', port=443): Failed to resolve 'api.brightdata.com' ([Errno 11001] getaddrinfo failed)"))
2026-04-27 20:41:28  INFO      [162/2310] Processing: 'clinic' @ 24.963358,54.949136
2026-04-27 20:41:28  ERROR     Error at input 162/2310 ('clinic' @ 24.963358,54.949136): HTTPSConnectionPool(host='api.brightdata.com', port=443): Max retries exceeded with url: /datasets/v3/trigger?dataset_id=gd_m8ebnr0q2qlklc02fz&notify=false&include_errors=true&type=discover_new&discover_by=location (Caused by NameResolutionError("HTTPSConnection(host='api.brightdata.com', port=443): Failed to resolve 'api.brightdata.com' ([Errno 11001] getaddrinfo failed)"))
2026-04-27 20:41:28  INFO      [163/2310] Processing: 'school' @ 24.963358,54.949136
2026-04-27 20:41:28  ERROR     Error at input 163/2310 ('school' @ 24.963358,54.949136): HTTPSConnectionPool(host='api.brightdata.com', port=443): Max retries exceeded with url: /datasets/v3/trigger?dataset_id=gd_m8ebnr0q2qlklc02fz&notify=false&include_errors=true&type=discover_new&discover_by=location (Caused by NameResolutionError("HTTPSConnection(host='api.brightdata.com', port=443): Failed to resolve 'api.brightdata.com' ([Errno 11001] getaddrinfo failed)"))
2026-04-27 20:41:28  INFO      [164/2310] Processing: 'bank' @ 24.963358,54.949136
2026-04-27 20:41:28  ERROR     Error at input 164/2310 ('bank' @ 24.963358,54.949136): HTTPSConnectionPool(host='api.brightdata.com', port=443): Max retries exceeded with url: /datasets/v3/trigger?dataset_id=gd_m8ebnr0q2qlklc02fz&notify=false&include_errors=true&type=discover_new&discover_by=location (Caused by NameResolutionError("HTTPSConnection(host='api.brightdata.com', port=443): Failed to resolve 'api.brightdata.com' ([Errno 11001] getaddrinfo failed)"))
2026-04-27 20:41:28  INFO      [165/2310] Processing: 'supermarket' @ 24.963358,54.949136
2026-04-27 20:41:28  ERROR     Error at input 165/2310 ('supermarket' @ 24.963358,54.949136): HTTPSConnectionPool(host='api.brightdata.com', port=443): Max retries exceeded with url: /datasets/v3/trigger?dataset_id=gd_m8ebnr0q2qlklc02fz&notify=false&include_errors=true&type=discover_new&discover_by=location (Caused by NameResolutionError("HTTPSConnection(host='api.brightdata.com', port=443): Failed to resolve 'api.brightdata.com' ([Errno 11001] getaddrinfo failed)"))
2026-04-27 20:41:28  INFO      [166/2310] Processing: 'restaurant' @ 24.963358,55.023644
2026-04-27 20:41:28  ERROR     Error at input 166/2310 ('restaurant' @ 24.963358,55.023644): HTTPSConnectionPool(host='api.brightdata.com', port=443): Max retries exceeded with url: /datasets/v3/trigger?dataset_id=gd_m8ebnr0q2qlklc02fz&notify=false&include_errors=true&type=discover_new&discover_by=location (Caused by NameResolutionError("HTTPSConnection(host='api.brightdata.com', port=443): Failed to resolve 'api.brightdata.com' ([Errno 11001] getaddrinfo failed)"))
2026-04-27 20:41:28  INFO      [167/2310] Processing: 'cafe' @ 24.963358,55.023644
2026-04-27 20:41:28  ERROR     Error at input 167/2310 ('cafe' @ 24.963358,55.023644): HTTPSConnectionPool(host='api.brightdata.com', port=443): Max retries exceeded with url: /datasets/v3/trigger?dataset_id=gd_m8ebnr0q2qlklc02fz&notify=false&include_errors=true&type=discover_new&discover_by=location (Caused by NameResolutionError("HTTPSConnection(host='api.brightdata.com', port=443): Failed to resolve 'api.brightdata.com' ([Errno 11001] getaddrinfo failed)"))
2026-04-27 20:41:28  INFO      [168/2310] Processing: 'hotel' @ 24.963358,55.023644
2026-04-27 20:41:28  ERROR     Error at input 168/2310 ('hotel' @ 24.963358,55.023644): HTTPSConnectionPool(host='api.brightdata.com', port=443): Max retries exceeded with url: /datasets/v3/trigger?dataset_id=gd_m8ebnr0q2qlklc02fz&notify=false&include_errors=true&type=discover_new&discover_by=location (Caused by NameResolutionError("HTTPSConnection(host='api.brightdata.com', port=443): Failed to resolve 'api.brightdata.com' ([Errno 11001] getaddrinfo failed)"))
2026-04-27 20:41:28  INFO      [169/2310] Processing: 'mall' @ 24.963358,55.023644
2026-04-27 20:41:28  ERROR     Error at input 169/2310 ('mall' @ 24.963358,55.023644): HTTPSConnectionPool(host='api.brightdata.com', port=443): Max retries exceeded with url: /datasets/v3/trigger?dataset_id=gd_m8ebnr0q2qlklc02fz&notify=false&include_errors=true&type=discover_new&discover_by=location (Caused by NameResolutionError("HTTPSConnection(host='api.brightdata.com', port=443): Failed to resolve 'api.brightdata.com' ([Errno 11001] getaddrinfo failed)"))
2026-04-27 20:41:28  INFO      [170/2310] Processing: 'gym' @ 24.963358,55.023644
2026-04-27 20:41:28  ERROR     Error at input 170/2310 ('gym' @ 24.963358,55.023644): HTTPSConnectionPool(host='api.brightdata.com', port=443): Max retries exceeded with url: /datasets/v3/trigger?dataset_id=gd_m8ebnr0q2qlklc02fz&notify=false&include_errors=true&type=discover_new&discover_by=location (Caused by NameResolutionError("HTTPSConnection(host='api.brightdata.com', port=443): Failed to resolve 'api.brightdata.com' ([Errno 11001] getaddrinfo failed)"))
2026-04-27 20:41:28  INFO      [171/2310] Processing: 'hospital' @ 24.963358,55.023644
2026-04-27 20:41:28  ERROR     Error at input 171/2310 ('hospital' @ 24.963358,55.023644): HTTPSConnectionPool(host='api.brightdata.com', port=443): Max retries exceeded with url: /datasets/v3/trigger?dataset_id=gd_m8ebnr0q2qlklc02fz&notify=false&include_errors=true&type=discover_new&discover_by=location (Caused by NameResolutionError("HTTPSConnection(host='api.brightdata.com', port=443): Failed to resolve 'api.brightdata.com' ([Errno 11001] getaddrinfo failed)"))
2026-04-27 20:41:28  INFO      [172/2310] Processing: 'mosque' @ 24.963358,55.023644
2026-04-27 20:41:28  ERROR     Error at input 172/2310 ('mosque' @ 24.963358,55.023644): HTTPSConnectionPool(host='api.brightdata.com', port=443): Max retries exceeded with url: /datasets/v3/trigger?dataset_id=gd_m8ebnr0q2qlklc02fz&notify=false&include_errors=true&type=discover_new&discover_by=location (Caused by NameResolutionError("HTTPSConnection(host='api.brightdata.com', port=443): Failed to resolve 'api.brightdata.com' ([Errno 11001] getaddrinfo failed)"))
2026-04-27 20:41:28  INFO      [173/2310] Processing: 'spa' @ 24.963358,55.023644
2026-04-27 20:41:28  ERROR     Error at input 173/2310 ('spa' @ 24.963358,55.023644): HTTPSConnectionPool(host='api.brightdata.com', port=443): Max retries exceeded with url: /datasets/v3/trigger?dataset_id=gd_m8ebnr0q2qlklc02fz&notify=false&include_errors=true&type=discover_new&discover_by=location (Caused by NameResolutionError("HTTPSConnection(host='api.brightdata.com', port=443): Failed to resolve 'api.brightdata.com' ([Errno 11001] getaddrinfo failed)"))
2026-04-27 20:41:28  INFO      [174/2310] Processing: 'cinema' @ 24.963358,55.023644
2026-04-27 20:41:28  ERROR     Error at input 174/2310 ('cinema' @ 24.963358,55.023644): HTTPSConnectionPool(host='api.brightdata.com', port=443): Max retries exceeded with url: /datasets/v3/trigger?dataset_id=gd_m8ebnr0q2qlklc02fz&notify=false&include_errors=true&type=discover_new&discover_by=location (Caused by NameResolutionError("HTTPSConnection(host='api.brightdata.com', port=443): Failed to resolve 'api.brightdata.com' ([Errno 11001] getaddrinfo failed)"))
2026-04-27 20:41:28  INFO      [175/2310] Processing: 'bakery' @ 24.963358,55.023644
2026-04-27 20:41:28  ERROR     Error at input 175/2310 ('bakery' @ 24.963358,55.023644): HTTPSConnectionPool(host='api.brightdata.com', port=443): Max retries exceeded with url: /datasets/v3/trigger?dataset_id=gd_m8ebnr0q2qlklc02fz&notify=false&include_errors=true&type=discover_new&discover_by=location (Caused by NameResolutionError("HTTPSConnection(host='api.brightdata.com', port=443): Failed to resolve 'api.brightdata.com' ([Errno 11001] getaddrinfo failed)"))
2026-04-27 20:41:28  INFO      [176/2310] Processing: 'pharmacy' @ 24.963358,55.023644
2026-04-27 20:41:28  ERROR     Error at input 176/2310 ('pharmacy' @ 24.963358,55.023644): HTTPSConnectionPool(host='api.brightdata.com', port=443): Max retries exceeded with url: /datasets/v3/trigger?dataset_id=gd_m8ebnr0q2qlklc02fz&notify=false&include_errors=true&type=discover_new&discover_by=location (Caused by NameResolutionError("HTTPSConnection(host='api.brightdata.com', port=443): Failed to resolve 'api.brightdata.com' ([Errno 11001] getaddrinfo failed)"))
2026-04-27 20:41:28  INFO      [177/2310] Processing: 'clinic' @ 24.963358,55.023644
2026-04-27 20:41:28  ERROR     Error at input 177/2310 ('clinic' @ 24.963358,55.023644): HTTPSConnectionPool(host='api.brightdata.com', port=443): Max retries exceeded with url: /datasets/v3/trigger?dataset_id=gd_m8ebnr0q2qlklc02fz&notify=false&include_errors=true&type=discover_new&discover_by=location (Caused by NameResolutionError("HTTPSConnection(host='api.brightdata.com', port=443): Failed to resolve 'api.brightdata.com' ([Errno 11001] getaddrinfo failed)"))
2026-04-27 20:41:28  INFO      [178/2310] Processing: 'school' @ 24.963358,55.023644
2026-04-27 20:41:28  ERROR     Error at input 178/2310 ('school' @ 24.963358,55.023644): HTTPSConnectionPool(host='api.brightdata.com', port=443): Max retries exceeded with url: /datasets/v3/trigger?dataset_id=gd_m8ebnr0q2qlklc02fz&notify=false&include_errors=true&type=discover_new&discover_by=location (Caused by NameResolutionError("HTTPSConnection(host='api.brightdata.com', port=443): Failed to resolve 'api.brightdata.com' ([Errno 11001] getaddrinfo failed)"))
2026-04-27 20:41:28  INFO      [179/2310] Processing: 'bank' @ 24.963358,55.023644
2026-04-27 20:41:28  ERROR     Error at input 179/2310 ('bank' @ 24.963358,55.023644): HTTPSConnectionPool(host='api.brightdata.com', port=443): Max retries exceeded with url: /datasets/v3/trigger?dataset_id=gd_m8ebnr0q2qlklc02fz&notify=false&include_errors=true&type=discover_new&discover_by=location (Caused by NameResolutionError("HTTPSConnection(host='api.brightdata.com', port=443): Failed to resolve 'api.brightdata.com' ([Errno 11001] getaddrinfo failed)"))
2026-04-27 20:41:28  INFO      [180/2310] Processing: 'supermarket' @ 24.963358,55.023644
2026-04-27 20:41:28  ERROR     Error at input 180/2310 ('supermarket' @ 24.963358,55.023644): HTTPSConnectionPool(host='api.brightdata.com', port=443): Max retries exceeded with url: /datasets/v3/trigger?dataset_id=gd_m8ebnr0q2qlklc02fz&notify=false&include_errors=true&type=discover_new&discover_by=location (Caused by NameResolutionError("HTTPSConnection(host='api.brightdata.com', port=443): Failed to resolve 'api.brightdata.com' ([Errno 11001] getaddrinfo failed)"))
2026-04-27 20:41:28  INFO      [181/2310] Processing: 'restaurant' @ 24.963358,55.098152
2026-04-27 20:41:28  ERROR     Error at input 181/2310 ('restaurant' @ 24.963358,55.098152): HTTPSConnectionPool(host='api.brightdata.com', port=443): Max retries exceeded with url: /datasets/v3/trigger?dataset_id=gd_m8ebnr0q2qlklc02fz&notify=false&include_errors=true&type=discover_new&discover_by=location (Caused by NameResolutionError("HTTPSConnection(host='api.brightdata.com', port=443): Failed to resolve 'api.brightdata.com' ([Errno 11001] getaddrinfo failed)"))
2026-04-27 20:41:28  INFO      [182/2310] Processing: 'cafe' @ 24.963358,55.098152
2026-04-27 20:41:28  ERROR     Error at input 182/2310 ('cafe' @ 24.963358,55.098152): HTTPSConnectionPool(host='api.brightdata.com', port=443): Max retries exceeded with url: /datasets/v3/trigger?dataset_id=gd_m8ebnr0q2qlklc02fz&notify=false&include_errors=true&type=discover_new&discover_by=location (Caused by NameResolutionError("HTTPSConnection(host='api.brightdata.com', port=443): Failed to resolve 'api.brightdata.com' ([Errno 11001] getaddrinfo failed)"))
2026-04-27 20:41:28  INFO      [183/2310] Processing: 'hotel' @ 24.963358,55.098152
2026-04-27 20:41:28  ERROR     Error at input 183/2310 ('hotel' @ 24.963358,55.098152): HTTPSConnectionPool(host='api.brightdata.com', port=443): Max retries exceeded with url: /datasets/v3/trigger?dataset_id=gd_m8ebnr0q2qlklc02fz&notify=false&include_errors=true&type=discover_new&discover_by=location (Caused by NameResolutionError("HTTPSConnection(host='api.brightdata.com', port=443): Failed to resolve 'api.brightdata.com' ([Errno 11001] getaddrinfo failed)"))
2026-04-27 20:41:28  INFO      [184/2310] Processing: 'mall' @ 24.963358,55.098152
2026-04-27 20:41:28  ERROR     Error at input 184/2310 ('mall' @ 24.963358,55.098152): HTTPSConnectionPool(host='api.brightdata.com', port=443): Max retries exceeded with url: /datasets/v3/trigger?dataset_id=gd_m8ebnr0q2qlklc02fz&notify=false&include_errors=true&type=discover_new&discover_by=location (Caused by NameResolutionError("HTTPSConnection(host='api.brightdata.com', port=443): Failed to resolve 'api.brightdata.com' ([Errno 11001] getaddrinfo failed)"))
2026-04-27 20:41:28  INFO      [185/2310] Processing: 'gym' @ 24.963358,55.098152
2026-04-27 20:41:28  ERROR     Error at input 185/2310 ('gym' @ 24.963358,55.098152): HTTPSConnectionPool(host='api.brightdata.com', port=443): Max retries exceeded with url: /datasets/v3/trigger?dataset_id=gd_m8ebnr0q2qlklc02fz&notify=false&include_errors=true&type=discover_new&discover_by=location (Caused by NameResolutionError("HTTPSConnection(host='api.brightdata.com', port=443): Failed to resolve 'api.brightdata.com' ([Errno 11001] getaddrinfo failed)"))
2026-04-27 20:41:28  INFO      [186/2310] Processing: 'hospital' @ 24.963358,55.098152
2026-04-27 20:41:28  ERROR     Error at input 186/2310 ('hospital' @ 24.963358,55.098152): HTTPSConnectionPool(host='api.brightdata.com', port=443): Max retries exceeded with url: /datasets/v3/trigger?dataset_id=gd_m8ebnr0q2qlklc02fz&notify=false&include_errors=true&type=discover_new&discover_by=location (Caused by NameResolutionError("HTTPSConnection(host='api.brightdata.com', port=443): Failed to resolve 'api.brightdata.com' ([Errno 11001] getaddrinfo failed)"))
2026-04-27 20:41:28  INFO      [187/2310] Processing: 'mosque' @ 24.963358,55.098152
2026-04-27 20:41:28  ERROR     Error at input 187/2310 ('mosque' @ 24.963358,55.098152): HTTPSConnectionPool(host='api.brightdata.com', port=443): Max retries exceeded with url: /datasets/v3/trigger?dataset_id=gd_m8ebnr0q2qlklc02fz&notify=false&include_errors=true&type=discover_new&discover_by=location (Caused by NameResolutionError("HTTPSConnection(host='api.brightdata.com', port=443): Failed to resolve 'api.brightdata.com' ([Errno 11001] getaddrinfo failed)"))
2026-04-27 20:41:28  INFO      [188/2310] Processing: 'spa' @ 24.963358,55.098152
2026-04-27 20:41:28  ERROR     Error at input 188/2310 ('spa' @ 24.963358,55.098152): HTTPSConnectionPool(host='api.brightdata.com', port=443): Max retries exceeded with url: /datasets/v3/trigger?dataset_id=gd_m8ebnr0q2qlklc02fz&notify=false&include_errors=true&type=discover_new&discover_by=location (Caused by NameResolutionError("HTTPSConnection(host='api.brightdata.com', port=443): Failed to resolve 'api.brightdata.com' ([Errno 11001] getaddrinfo failed)"))
2026-04-27 20:41:28  INFO      [189/2310] Processing: 'cinema' @ 24.963358,55.098152
2026-04-27 20:41:28  ERROR     Error at input 189/2310 ('cinema' @ 24.963358,55.098152): HTTPSConnectionPool(host='api.brightdata.com', port=443): Max retries exceeded with url: /datasets/v3/trigger?dataset_id=gd_m8ebnr0q2qlklc02fz&notify=false&include_errors=true&type=discover_new&discover_by=location (Caused by NameResolutionError("HTTPSConnection(host='api.brightdata.com', port=443): Failed to resolve 'api.brightdata.com' ([Errno 11001] getaddrinfo failed)"))
2026-04-27 20:41:28  INFO      [190/2310] Processing: 'bakery' @ 24.963358,55.098152
2026-04-27 20:41:28  ERROR     Error at input 190/2310 ('bakery' @ 24.963358,55.098152): HTTPSConnectionPool(host='api.brightdata.com', port=443): Max retries exceeded with url: /datasets/v3/trigger?dataset_id=gd_m8ebnr0q2qlklc02fz&notify=false&include_errors=true&type=discover_new&discover_by=location (Caused by NameResolutionError("HTTPSConnection(host='api.brightdata.com', port=443): Failed to resolve 'api.brightdata.com' ([Errno 11001] getaddrinfo failed)"))
2026-04-27 20:41:28  INFO      [191/2310] Processing: 'pharmacy' @ 24.963358,55.098152
2026-04-27 20:41:28  ERROR     Error at input 191/2310 ('pharmacy' @ 24.963358,55.098152): HTTPSConnectionPool(host='api.brightdata.com', port=443): Max retries exceeded with url: /datasets/v3/trigger?dataset_id=gd_m8ebnr0q2qlklc02fz&notify=false&include_errors=true&type=discover_new&discover_by=location (Caused by NameResolutionError("HTTPSConnection(host='api.brightdata.com', port=443): Failed to resolve 'api.brightdata.com' ([Errno 11001] getaddrinfo failed)"))
2026-04-27 20:41:28  INFO      [192/2310] Processing: 'clinic' @ 24.963358,55.098152
2026-04-27 20:41:28  ERROR     Error at input 192/2310 ('clinic' @ 24.963358,55.098152): HTTPSConnectionPool(host='api.brightdata.com', port=443): Max retries exceeded with url: /datasets/v3/trigger?dataset_id=gd_m8ebnr0q2qlklc02fz&notify=false&include_errors=true&type=discover_new&discover_by=location (Caused by NameResolutionError("HTTPSConnection(host='api.brightdata.com', port=443): Failed to resolve 'api.brightdata.com' ([Errno 11001] getaddrinfo failed)"))
2026-04-27 20:41:28  INFO      [193/2310] Processing: 'school' @ 24.963358,55.098152
2026-04-27 20:41:28  ERROR     Error at input 193/2310 ('school' @ 24.963358,55.098152): HTTPSConnectionPool(host='api.brightdata.com', port=443): Max retries exceeded with url: /datasets/v3/trigger?dataset_id=gd_m8ebnr0q2qlklc02fz&notify=false&include_errors=true&type=discover_new&discover_by=location (Caused by NameResolutionError("HTTPSConnection(host='api.brightdata.com', port=443): Failed to resolve 'api.brightdata.com' ([Errno 11001] getaddrinfo failed)"))
2026-04-27 20:41:28  INFO      [194/2310] Processing: 'bank' @ 24.963358,55.098152
2026-04-27 20:41:28  ERROR     Error at input 194/2310 ('bank' @ 24.963358,55.098152): HTTPSConnectionPool(host='api.brightdata.com', port=443): Max retries exceeded with url: /datasets/v3/trigger?dataset_id=gd_m8ebnr0q2qlklc02fz&notify=false&include_errors=true&type=discover_new&discover_by=location (Caused by NameResolutionError("HTTPSConnection(host='api.brightdata.com', port=443): Failed to resolve 'api.brightdata.com' ([Errno 11001] getaddrinfo failed)"))
2026-04-27 20:41:28  INFO      [195/2310] Processing: 'supermarket' @ 24.963358,55.098152
2026-04-27 20:41:28  ERROR     Error at input 195/2310 ('supermarket' @ 24.963358,55.098152): HTTPSConnectionPool(host='api.brightdata.com', port=443): Max retries exceeded with url: /datasets/v3/trigger?dataset_id=gd_m8ebnr0q2qlklc02fz&notify=false&include_errors=true&type=discover_new&discover_by=location (Caused by NameResolutionError("HTTPSConnection(host='api.brightdata.com', port=443): Failed to resolve 'api.brightdata.com' ([Errno 11001] getaddrinfo failed)"))
2026-04-27 20:41:28  INFO      [196/2310] Processing: 'restaurant' @ 24.963358,55.17266
2026-04-27 20:41:28  ERROR     Error at input 196/2310 ('restaurant' @ 24.963358,55.17266): HTTPSConnectionPool(host='api.brightdata.com', port=443): Max retries exceeded with url: /datasets/v3/trigger?dataset_id=gd_m8ebnr0q2qlklc02fz&notify=false&include_errors=true&type=discover_new&discover_by=location (Caused by NameResolutionError("HTTPSConnection(host='api.brightdata.com', port=443): Failed to resolve 'api.brightdata.com' ([Errno 11001] getaddrinfo failed)"))
2026-04-27 20:41:29  INFO      [197/2310] Processing: 'cafe' @ 24.963358,55.17266
2026-04-27 20:41:29  ERROR     Error at input 197/2310 ('cafe' @ 24.963358,55.17266): HTTPSConnectionPool(host='api.brightdata.com', port=443): Max retries exceeded with url: /datasets/v3/trigger?dataset_id=gd_m8ebnr0q2qlklc02fz&notify=false&include_errors=true&type=discover_new&discover_by=location (Caused by NameResolutionError("HTTPSConnection(host='api.brightdata.com', port=443): Failed to resolve 'api.brightdata.com' ([Errno 11001] getaddrinfo failed)"))
2026-04-27 20:41:29  INFO      [198/2310] Processing: 'hotel' @ 24.963358,55.17266
2026-04-27 20:41:29  ERROR     Error at input 198/2310 ('hotel' @ 24.963358,55.17266): HTTPSConnectionPool(host='api.brightdata.com', port=443): Max retries exceeded with url: /datasets/v3/trigger?dataset_id=gd_m8ebnr0q2qlklc02fz&notify=false&include_errors=true&type=discover_new&discover_by=location (Caused by NameResolutionError("HTTPSConnection(host='api.brightdata.com', port=443): Failed to resolve 'api.brightdata.com' ([Errno 11001] getaddrinfo failed)"))
2026-04-27 20:41:29  INFO      [199/2310] Processing: 'mall' @ 24.963358,55.17266
2026-04-27 20:41:31  INFO      Triggered sd_mohfcjpk281ko3xmg2  ('mall' @ 24.963358,55.17266)
2026-04-27 20:41:35  INFO      [sd_mohfcjpk281ko3xmg2] Status: running
2026-04-27 20:44:34  INFO      [sd_mohfcjpk281ko3xmg2] Status: ready
2026-04-27 20:44:37  INFO      Skipped 54 duplicate(s)
2026-04-27 20:44:39  INFO      Retrieved 82 record(s) — 11802 total | This run: 2468 / $8.8155 | All-time: $52.8555
2026-04-27 20:44:39  INFO      [200/2310] Processing: 'gym' @ 24.963358,55.17266
2026-04-27 20:44:41  INFO      Triggered sd_mohfgmbgs27l2o3xt  ('gym' @ 24.963358,55.17266)
2026-04-27 20:44:43  INFO      [sd_mohfgmbgs27l2o3xt] Status: running
2026-04-27 20:48:03  INFO      [sd_mohfgmbgs27l2o3xt] Status: ready
2026-04-27 20:48:05  INFO      Skipped 109 duplicate(s)
2026-04-27 20:48:06  INFO      Retrieved 217 record(s) — 12019 total | This run: 2685 / $9.3045 | All-time: $53.3445
2026-04-27 20:48:06  INFO      [201/2310] Processing: 'hospital' @ 24.963358,55.17266
2026-04-27 20:48:07  INFO      Triggered sd_mohfl15r29jecbscuj  ('hospital' @ 24.963358,55.17266)
2026-04-27 20:48:08  INFO      [sd_mohfl15r29jecbscuj] Status: running
2026-04-27 20:49:59  INFO      [sd_mohfl15r29jecbscuj] Status: ready
2026-04-27 20:50:00  INFO      Skipped 43 duplicate(s)
2026-04-27 20:50:01  INFO      Retrieved 29 record(s) — 12048 total | This run: 2714 / $9.4125 | All-time: $53.4525
2026-04-27 20:50:01  INFO      [202/2310] Processing: 'mosque' @ 24.963358,55.17266
2026-04-27 20:50:02  INFO      Triggered sd_mohfni1f2qbr460zyr  ('mosque' @ 24.963358,55.17266)
2026-04-27 20:50:03  INFO      [sd_mohfni1f2qbr460zyr] Status: running
2026-04-27 20:52:24  INFO      [sd_mohfni1f2qbr460zyr] Status: ready
2026-04-27 20:52:26  INFO      Skipped 97 duplicate(s)
2026-04-27 20:52:26  INFO      Retrieved 168 record(s) — 12216 total | This run: 2882 / $9.8100 | All-time: $53.8500
2026-04-27 20:52:26  INFO      [203/2310] Processing: 'spa' @ 24.963358,55.17266
2026-04-27 20:52:27  INFO      Triggered sd_mohfqm7y20po8jz8a  ('spa' @ 24.963358,55.17266)
2026-04-27 20:52:28  INFO      [sd_mohfqm7y20po8jz8a] Status: running
2026-04-27 21:01:52  INFO      === Run started — existing records: 12216 (prior cost: $44.0400) ===
2026-04-27 21:01:52  INFO      [1/2274] Processing: 'cafe' @ 24.828223,55.098152
2026-04-27 21:01:53  INFO      Triggered sd_mohg2qxd1wj02at6p4  ('cafe' @ 24.828223,55.098152)
2026-04-27 21:01:54  INFO      [sd_mohg2qxd1wj02at6p4] Status: running
2026-04-27 21:09:36  INFO      [sd_mohg2qxd1wj02at6p4] Status: ready
2026-04-27 21:09:39  INFO      Skipped 336 duplicate(s)
2026-04-27 21:09:39  INFO      Retrieved 1 record(s) — 12217 total | This run: 1 / $0.5055 | All-time: $44.5455
2026-04-27 21:09:39  INFO      [2/2274] Processing: 'hotel' @ 24.828223,55.098152
2026-04-27 21:09:40  INFO      Triggered sd_mohgcr9a1f6wkxuooh  ('hotel' @ 24.828223,55.098152)
2026-04-27 21:09:41  INFO      [sd_mohgcr9a1f6wkxuooh] Status: running
2026-04-27 21:11:04  INFO      [sd_mohgcr9a1f6wkxuooh] Status: ready
2026-04-27 21:11:06  INFO      Skipped 6 duplicate(s)
2026-04-27 21:11:06  INFO      Retrieved 2 record(s) — 12219 total | This run: 3 / $0.5175 | All-time: $44.5575
2026-04-27 21:11:06  INFO      [3/2274] Processing: 'mall' @ 24.828223,55.098152
2026-04-27 21:11:07  INFO      Triggered sd_mohgemcw1ewis5ds9y  ('mall' @ 24.828223,55.098152)
2026-04-27 21:11:08  INFO      [sd_mohgemcw1ewis5ds9y] Status: running
2026-04-27 21:17:24  INFO      [sd_mohgemcw1ewis5ds9y] Status: ready
2026-04-27 21:17:26  INFO      Skipped 135 duplicate(s)
2026-04-27 21:17:27  INFO      Retrieved 12 record(s) — 12231 total | This run: 15 / $0.7380 | All-time: $44.7780
2026-04-27 21:17:27  INFO      [4/2274] Processing: 'gym' @ 24.828223,55.098152
2026-04-27 21:17:28  INFO      Triggered sd_mohgmru82djg1y67zg  ('gym' @ 24.828223,55.098152)
2026-04-27 21:17:29  INFO      [sd_mohgmru82djg1y67zg] Status: running
2026-04-27 21:22:14  INFO      [sd_mohgmru82djg1y67zg] Status: ready
2026-04-27 21:22:16  INFO      Skipped 285 duplicate(s)
2026-04-27 21:22:17  INFO      Retrieved 64 record(s) — 12295 total | This run: 79 / $1.2615 | All-time: $45.3015
2026-04-27 21:22:17  INFO      [5/2274] Processing: 'hospital' @ 24.828223,55.098152
2026-04-27 21:22:18  INFO      Triggered sd_mohgszllcl55x2uav  ('hospital' @ 24.828223,55.098152)
2026-04-27 21:22:18  INFO      [sd_mohgszllcl55x2uav] Status: running
2026-04-27 21:28:49  INFO      [sd_mohgszllcl55x2uav] Status: ready
2026-04-27 21:28:51  INFO      Skipped 79 duplicate(s)
2026-04-27 21:28:52  INFO      Retrieved 9 record(s) — 12304 total | This run: 88 / $1.3935 | All-time: $45.4335
2026-04-27 21:28:52  INFO      [6/2274] Processing: 'mosque' @ 24.828223,55.098152
2026-04-27 21:28:53  INFO      Triggered sd_mohh1g9myeyx1xso  ('mosque' @ 24.828223,55.098152)
2026-04-27 21:28:53  INFO      [sd_mohh1g9myeyx1xso] Status: running
2026-04-27 21:31:26  INFO      [sd_mohh1g9myeyx1xso] Status: ready
2026-04-27 21:31:28  INFO      Skipped 241 duplicate(s)
2026-04-27 21:31:28  INFO      Retrieved 83 record(s) — 12387 total | This run: 171 / $1.8795 | All-time: $45.9195
2026-04-27 21:31:28  INFO      [7/2274] Processing: 'spa' @ 24.828223,55.098152
2026-04-27 21:31:29  INFO      Triggered sd_mohh4tcp24jj6dcljr  ('spa' @ 24.828223,55.098152)
2026-04-27 21:31:30  INFO      [sd_mohh4tcp24jj6dcljr] Status: running
2026-04-27 21:39:05  INFO      [sd_mohh4tcp24jj6dcljr] Status: ready
2026-04-27 21:39:07  INFO      Skipped 199 duplicate(s)
2026-04-27 21:39:08  INFO      Retrieved 171 record(s) — 12558 total | This run: 342 / $2.4345 | All-time: $46.4745
2026-04-27 21:39:08  INFO      [8/2274] Processing: 'cinema' @ 24.828223,55.098152
2026-04-27 21:39:08  INFO      Triggered sd_mohhenir1sp9do2ovu  ('cinema' @ 24.828223,55.098152)
2026-04-27 21:39:09  INFO      [sd_mohhenir1sp9do2ovu] Status: running
2026-04-27 21:42:16  INFO      [sd_mohhenir1sp9do2ovu] Status: ready
2026-04-27 21:42:17  INFO      Skipped 67 duplicate(s)
2026-04-27 21:42:18  INFO      Retrieved 38 record(s) — 12596 total | This run: 380 / $2.5920 | All-time: $46.6320
2026-04-27 21:42:18  INFO      [9/2274] Processing: 'bakery' @ 24.828223,55.098152
2026-04-27 21:42:19  INFO      Triggered sd_mohhiqq73fzz69pqm  ('bakery' @ 24.828223,55.098152)
2026-04-27 21:42:20  INFO      [sd_mohhiqq73fzz69pqm] Status: running
2026-04-27 21:48:45  INFO      [sd_mohhiqq73fzz69pqm] Status: ready
2026-04-27 21:48:47  INFO      Skipped 195 duplicate(s)
2026-04-27 21:48:48  INFO      Retrieved 105 record(s) — 12701 total | This run: 485 / $3.0420 | All-time: $47.0820
2026-04-27 21:48:48  INFO      [10/2274] Processing: 'pharmacy' @ 24.828223,55.098152
2026-04-27 21:48:49  INFO      Triggered sd_mohhr3941ev8pxoul0  ('pharmacy' @ 24.828223,55.098152)
2026-04-27 21:48:50  INFO      [sd_mohhr3941ev8pxoul0] Status: running
2026-04-27 21:54:55  INFO      [sd_mohhr3941ev8pxoul0] Status: ready
2026-04-27 21:54:57  INFO      Skipped 160 duplicate(s)
2026-04-27 21:54:58  INFO      Retrieved 151 record(s) — 12852 total | This run: 636 / $3.5085 | All-time: $47.5485
2026-04-27 21:54:58  INFO      [11/2274] Processing: 'clinic' @ 24.828223,55.098152
2026-04-27 21:54:59  INFO      Triggered sd_mohhz14ldx2sz24tt  ('clinic' @ 24.828223,55.098152)
2026-04-27 21:55:00  INFO      [sd_mohhz14ldx2sz24tt] Status: running
2026-04-27 22:01:47  INFO      [sd_mohhz14ldx2sz24tt] Status: ready
2026-04-27 22:01:49  INFO      Skipped 187 duplicate(s)
2026-04-27 22:01:50  INFO      Retrieved 82 record(s) — 12934 total | This run: 718 / $3.9120 | All-time: $47.9520
2026-04-27 22:01:50  INFO      [12/2274] Processing: 'school' @ 24.828223,55.098152
2026-04-27 22:01:51  INFO      Triggered sd_mohi7unbx11w8eynf  ('school' @ 24.828223,55.098152)
2026-04-27 22:01:52  INFO      [sd_mohi7unbx11w8eynf] Status: running
2026-04-27 22:08:50  INFO      [sd_mohi7unbx11w8eynf] Status: ready
2026-04-27 22:08:52  INFO      Skipped 157 duplicate(s)
2026-04-27 22:08:53  INFO      Retrieved 95 record(s) — 13029 total | This run: 813 / $4.2900 | All-time: $48.3300
2026-04-27 22:08:53  INFO      [13/2274] Processing: 'bank' @ 24.828223,55.098152
2026-04-27 22:08:54  INFO      Triggered sd_mohigxap1v2g22jr57  ('bank' @ 24.828223,55.098152)
2026-04-27 22:08:55  INFO      [sd_mohigxap1v2g22jr57] Status: running
2026-04-27 22:11:21  INFO      [sd_mohigxap1v2g22jr57] Status: ready
2026-04-27 22:11:23  INFO      Skipped 113 duplicate(s)
2026-04-27 22:11:24  INFO      Retrieved 14 record(s) — 13043 total | This run: 827 / $4.4805 | All-time: $48.5205
2026-04-27 22:11:24  INFO      [14/2274] Processing: 'supermarket' @ 24.828223,55.098152
2026-04-27 22:11:25  INFO      Triggered sd_mohik5l5pkvy04s5  ('supermarket' @ 24.828223,55.098152)
2026-04-27 22:11:26  INFO      [sd_mohik5l5pkvy04s5] Status: running
2026-04-27 22:15:44  INFO      [sd_mohik5l5pkvy04s5] Status: ready
2026-04-27 22:15:47  INFO      Skipped 169 duplicate(s)
2026-04-27 22:15:47  INFO      Retrieved 161 record(s) — 13204 total | This run: 988 / $4.9755 | All-time: $49.0155
2026-04-27 22:15:47  INFO      [15/2274] Processing: 'restaurant' @ 24.828223,55.17266
2026-04-27 22:15:48  INFO      Triggered sd_mohipsysswis6phgh  ('restaurant' @ 24.828223,55.17266)
2026-04-27 22:15:49  INFO      [sd_mohipsysswis6phgh] Status: running
2026-04-27 22:20:42  INFO      [sd_mohipsysswis6phgh] Status: ready
2026-04-27 22:20:45  INFO      Skipped 234 duplicate(s)
2026-04-27 22:20:46  INFO      Retrieved 52 record(s) — 13256 total | This run: 1040 / $5.4045 | All-time: $49.4445
2026-04-27 22:20:46  INFO      [16/2274] Processing: 'cafe' @ 24.828223,55.17266
2026-04-27 22:20:47  INFO      Triggered sd_mohiw73dk5pcvuocq  ('cafe' @ 24.828223,55.17266)
2026-04-27 22:20:47  INFO      [sd_mohiw73dk5pcvuocq] Status: running
2026-04-27 22:26:46  INFO      [sd_mohiw73dk5pcvuocq] Status: ready
2026-04-27 22:26:55  INFO      Skipped 215 duplicate(s)
2026-04-27 22:26:56  INFO      Retrieved 24 record(s) — 13280 total | This run: 1064 / $5.7630 | All-time: $49.8030
2026-04-27 22:26:56  INFO      [17/2274] Processing: 'hotel' @ 24.828223,55.17266
2026-04-27 22:26:57  INFO      Triggered sd_mohj450428qgtbq7xo  ('hotel' @ 24.828223,55.17266)
2026-04-27 22:26:58  INFO      [sd_mohj450428qgtbq7xo] Status: running
2026-04-27 22:29:13  INFO      [sd_mohj450428qgtbq7xo] Status: ready
2026-04-27 22:29:14  INFO      Skipped 13 duplicate(s)
2026-04-27 22:29:15  INFO      Retrieved 10 record(s) — 13290 total | This run: 1074 / $5.7975 | All-time: $49.8375
2026-04-27 22:29:15  INFO      [18/2274] Processing: 'mall' @ 24.828223,55.17266
2026-04-27 22:29:16  INFO      Triggered sd_mohj73vi1yhe7f7vrz  ('mall' @ 24.828223,55.17266)
2026-04-27 22:29:17  INFO      [sd_mohj73vi1yhe7f7vrz] Status: running
2026-04-27 22:33:00  INFO      [sd_mohj73vi1yhe7f7vrz] Status: ready
2026-04-27 22:33:03  INFO      Skipped 126 duplicate(s)
2026-04-27 22:33:03  INFO      Retrieved 7 record(s) — 13297 total | This run: 1081 / $5.9970 | All-time: $50.0370
2026-04-27 22:33:03  INFO      [19/2274] Processing: 'gym' @ 24.828223,55.17266
2026-04-27 22:33:04  INFO      Triggered sd_mohjc0e22en9g5ef8h  ('gym' @ 24.828223,55.17266)
2026-04-27 22:33:05  INFO      [sd_mohjc0e22en9g5ef8h] Status: running
2026-04-27 22:39:26  INFO      [sd_mohjc0e22en9g5ef8h] Status: ready
2026-04-27 22:39:28  INFO      Skipped 267 duplicate(s)
2026-04-27 22:39:29  INFO      Retrieved 8 record(s) — 13305 total | This run: 1089 / $6.4095 | All-time: $50.4495
2026-04-27 22:39:29  INFO      [20/2274] Processing: 'hospital' @ 24.828223,55.17266
2026-04-27 22:39:30  INFO      Triggered sd_mohjk9wecteoz0yyl  ('hospital' @ 24.828223,55.17266)
2026-04-27 22:39:31  INFO      [sd_mohjk9wecteoz0yyl] Status: running
2026-04-27 22:44:58  INFO      [sd_mohjk9wecteoz0yyl] Status: ready
2026-04-27 22:44:59  INFO      Skipped 59 duplicate(s)
2026-04-27 22:45:00  INFO      Retrieved 1 record(s) — 13306 total | This run: 1090 / $6.4995 | All-time: $50.5395
2026-04-27 22:45:00  INFO      [21/2274] Processing: 'mosque' @ 24.828223,55.17266
2026-04-27 22:45:01  INFO      Triggered sd_mohjrdln4waqtm2j4  ('mosque' @ 24.828223,55.17266)
2026-04-27 22:45:02  INFO      [sd_mohjrdln4waqtm2j4] Status: running
2026-04-27 22:49:01  INFO      [sd_mohjrdln4waqtm2j4] Status: ready
2026-04-27 22:49:03  INFO      Skipped 302 duplicate(s)
2026-04-27 22:49:04  INFO      Retrieved 35 record(s) — 13341 total | This run: 1125 / $7.0050 | All-time: $51.0450
2026-04-27 22:49:04  INFO      [22/2274] Processing: 'spa' @ 24.828223,55.17266
2026-04-27 22:49:05  INFO      Triggered sd_mohjwlrw2fgeks8a2v  ('spa' @ 24.828223,55.17266)
2026-04-27 22:49:06  INFO      [sd_mohjwlrw2fgeks8a2v] Status: running
2026-04-27 23:00:47  INFO      [sd_mohjwlrw2fgeks8a2v] Status: ready
2026-04-27 23:00:49  INFO      Skipped 309 duplicate(s)
2026-04-27 23:00:50  INFO      Retrieved 22 record(s) — 13363 total | This run: 1147 / $7.5015 | All-time: $51.5415
2026-04-27 23:00:50  INFO      [23/2274] Processing: 'cinema' @ 24.828223,55.17266
2026-04-27 23:00:51  INFO      Triggered sd_mohkbqew2oabwsk5va  ('cinema' @ 24.828223,55.17266)
2026-04-27 23:00:52  INFO      [sd_mohkbqew2oabwsk5va] Status: running
2026-04-27 23:03:06  INFO      [sd_mohkbqew2oabwsk5va] Status: ready
2026-04-27 23:03:08  INFO      Skipped 90 duplicate(s)
2026-04-27 23:03:09  INFO      Retrieved 12 record(s) — 13375 total | This run: 1159 / $7.6545 | All-time: $51.6945
2026-04-27 23:03:09  INFO      [24/2274] Processing: 'bakery' @ 24.828223,55.17266
2026-04-27 23:03:10  INFO      Triggered sd_mohkepp5191bx3ax4l  ('bakery' @ 24.828223,55.17266)
2026-04-27 23:03:11  INFO      [sd_mohkepp5191bx3ax4l] Status: running
2026-04-27 23:10:04  INFO      [sd_mohkepp5191bx3ax4l] Status: ready
2026-04-27 23:10:06  INFO      Skipped 226 duplicate(s)
2026-04-27 23:10:07  INFO      Retrieved 8 record(s) — 13383 total | This run: 1167 / $8.0055 | All-time: $52.0455
2026-04-27 23:10:07  INFO      [25/2274] Processing: 'pharmacy' @ 24.828223,55.17266
2026-04-27 23:10:08  INFO      Triggered sd_mohkno6xrp45cx3nx  ('pharmacy' @ 24.828223,55.17266)
2026-04-27 23:10:09  INFO      [sd_mohkno6xrp45cx3nx] Status: running
2026-04-27 23:16:53  INFO      [sd_mohkno6xrp45cx3nx] Status: ready
2026-04-27 23:16:54  INFO      Skipped 208 duplicate(s)
2026-04-27 23:16:55  INFO      Retrieved 15 record(s) — 13398 total | This run: 1182 / $8.3400 | All-time: $52.3800
2026-04-27 23:16:55  INFO      [26/2274] Processing: 'clinic' @ 24.828223,55.17266
2026-04-27 23:16:56  INFO      Triggered sd_mohkwf681fz2sdwxvt  ('clinic' @ 24.828223,55.17266)
2026-04-27 23:16:57  INFO      [sd_mohkwf681fz2sdwxvt] Status: running
2026-04-27 23:19:23  INFO      [sd_mohkwf681fz2sdwxvt] Status: ready
2026-04-27 23:19:25  INFO      Skipped 197 duplicate(s)
2026-04-27 23:19:26  INFO      Retrieved 10 record(s) — 13408 total | This run: 1192 / $8.6505 | All-time: $52.6905
2026-04-27 23:19:26  INFO      [27/2274] Processing: 'school' @ 24.828223,55.17266
2026-04-27 23:19:27  INFO      Triggered sd_mohkznfy1ji9pwlpt  ('school' @ 24.828223,55.17266)
2026-04-27 23:19:28  INFO      [sd_mohkznfy1ji9pwlpt] Status: running
2026-04-27 23:23:57  INFO      [sd_mohkznfy1ji9pwlpt] Status: ready
2026-04-27 23:23:59  INFO      Skipped 166 duplicate(s)
2026-04-27 23:24:00  INFO      Retrieved 17 record(s) — 13425 total | This run: 1209 / $8.9250 | All-time: $52.9650
2026-04-27 23:24:00  INFO      [28/2274] Processing: 'bank' @ 24.828223,55.17266
2026-04-27 23:24:01  INFO      Triggered sd_mohl5iqn2qfdfohmai  ('bank' @ 24.828223,55.17266)
2026-04-27 23:24:02  INFO      [sd_mohl5iqn2qfdfohmai] Status: running
2026-04-27 23:28:08  INFO      [sd_mohl5iqn2qfdfohmai] Status: ready
2026-04-27 23:28:10  INFO      Skipped 101 duplicate(s)
2026-04-27 23:28:11  INFO      Retrieved 11 record(s) — 13436 total | This run: 1220 / $9.0930 | All-time: $53.1330
2026-04-27 23:28:11  INFO      [29/2274] Processing: 'supermarket' @ 24.828223,55.17266
2026-04-27 23:28:12  INFO      Triggered sd_mohlawjo2etdcq7wt  ('supermarket' @ 24.828223,55.17266)
2026-04-27 23:28:13  INFO      [sd_mohlawjo2etdcq7wt] Status: running
2026-04-27 23:31:57  INFO      [sd_mohlawjo2etdcq7wt] Status: ready
2026-04-27 23:31:59  INFO      Skipped 255 duplicate(s)
2026-04-27 23:32:00  INFO      Retrieved 22 record(s) — 13458 total | This run: 1242 / $9.5085 | All-time: $53.5485
2026-04-27 23:32:00  INFO      [30/2274] Processing: 'restaurant' @ 24.828223,55.247168
2026-04-27 23:32:01  INFO      Triggered sd_mohlfsxu1c52qaf6oi  ('restaurant' @ 24.828223,55.247168)
2026-04-27 23:32:02  INFO      [sd_mohlfsxu1c52qaf6oi] Status: running
2026-04-27 23:37:12  INFO      [sd_mohlfsxu1c52qaf6oi] Status: ready
2026-04-27 23:37:14  INFO      Skipped 225 duplicate(s)
2026-04-27 23:37:15  INFO      Retrieved 51 record(s) — 13509 total | This run: 1293 / $9.9225 | All-time: $53.9625
2026-04-27 23:37:15  INFO      [31/2274] Processing: 'cafe' @ 24.828223,55.247168
2026-04-27 23:37:16  INFO      Triggered sd_mohlmke325pmng9tlh  ('cafe' @ 24.828223,55.247168)
2026-04-27 23:37:17  INFO      [sd_mohlmke325pmng9tlh] Status: running
2026-04-27 23:41:11  INFO      [sd_mohlmke325pmng9tlh] Status: ready
2026-04-27 23:41:13  INFO      Skipped 229 duplicate(s)
2026-04-27 23:41:14  INFO      Retrieved 21 record(s) — 13530 total | This run: 1314 / $10.2975 | All-time: $54.3375
2026-04-27 23:41:14  INFO      [32/2274] Processing: 'hotel' @ 24.828223,55.247168
2026-04-27 23:41:15  INFO      Triggered sd_mohlroee174p7iwvvq  ('hotel' @ 24.828223,55.247168)
2026-04-27 23:41:15  INFO      [sd_mohlroee174p7iwvvq] Status: running
2026-04-27 23:44:39  INFO      [sd_mohlroee174p7iwvvq] Status: ready
2026-04-27 23:44:41  INFO      Skipped 15 duplicate(s)
2026-04-27 23:44:42  INFO      Retrieved 3 record(s) — 13533 total | This run: 1317 / $10.3245 | All-time: $54.3645
2026-04-27 23:44:42  INFO      [33/2274] Processing: 'mall' @ 24.828223,55.247168
2026-04-27 23:44:43  INFO      Triggered sd_mohlw4x5239t1ig5uv  ('mall' @ 24.828223,55.247168)
2026-04-27 23:44:43  INFO      [sd_mohlw4x5239t1ig5uv] Status: running
2026-04-27 23:47:38  INFO      [sd_mohlw4x5239t1ig5uv] Status: ready
2026-04-27 23:47:41  INFO      Skipped 135 duplicate(s)
2026-04-27 23:47:41  INFO      Retrieved 14 record(s) — 13547 total | This run: 1331 / $10.5480 | All-time: $54.5880
2026-04-27 23:47:41  INFO      [34/2274] Processing: 'gym' @ 24.828223,55.247168
2026-04-27 23:47:42  INFO      Triggered sd_mohlzzmz2fca3f5bho  ('gym' @ 24.828223,55.247168)
2026-04-27 23:47:43  INFO      [sd_mohlzzmz2fca3f5bho] Status: running
2026-04-27 23:51:37  INFO      [sd_mohlzzmz2fca3f5bho] Status: ready
2026-04-27 23:51:39  INFO      Skipped 274 duplicate(s)
2026-04-27 23:51:40  INFO      Retrieved 4 record(s) — 13551 total | This run: 1335 / $10.9650 | All-time: $55.0050
2026-04-27 23:51:40  INFO      [35/2274] Processing: 'hospital' @ 24.828223,55.247168
2026-04-27 23:51:41  INFO      Triggered sd_mohm53j42qguqgkqsa  ('hospital' @ 24.828223,55.247168)
2026-04-27 23:51:42  INFO      [sd_mohm53j42qguqgkqsa] Status: running
2026-04-27 23:58:32  INFO      [sd_mohm53j42qguqgkqsa] Status: ready
2026-04-27 23:58:33  INFO      Skipped 68 duplicate(s)
2026-04-27 23:58:34  INFO      Retrieved 7 record(s) — 13558 total | This run: 1342 / $11.0775 | All-time: $55.1175
2026-04-27 23:58:34  INFO      [36/2274] Processing: 'mosque' @ 24.828223,55.247168
2026-04-27 23:58:35  INFO      Triggered sd_mohmdzba2jbcmv02av  ('mosque' @ 24.828223,55.247168)
2026-04-27 23:58:36  INFO      [sd_mohmdzba2jbcmv02av] Status: running
2026-04-28 00:02:01  INFO      [sd_mohmdzba2jbcmv02av] Status: ready
2026-04-28 00:02:03  INFO      Skipped 315 duplicate(s)
2026-04-28 00:02:04  INFO      Retrieved 28 record(s) — 13586 total | This run: 1370 / $11.5920 | All-time: $55.6320
2026-04-28 00:02:04  INFO      [37/2274] Processing: 'spa' @ 24.828223,55.247168
2026-04-28 00:02:05  INFO      Triggered sd_mohmih3012b9957kr6  ('spa' @ 24.828223,55.247168)
2026-04-28 00:02:06  INFO      [sd_mohmih3012b9957kr6] Status: running
2026-04-28 00:06:46  INFO      [sd_mohmih3012b9957kr6] Status: ready
2026-04-28 00:06:48  INFO      Skipped 315 duplicate(s)
2026-04-28 00:06:48  INFO      Retrieved 10 record(s) — 13596 total | This run: 1380 / $12.0795 | All-time: $56.1195
2026-04-28 00:06:48  INFO      [38/2274] Processing: 'cinema' @ 24.828223,55.247168
2026-04-28 00:06:49  INFO      Triggered sd_mohmokpf1ot7b1yhp8  ('cinema' @ 24.828223,55.247168)
2026-04-28 00:06:50  INFO      [sd_mohmokpf1ot7b1yhp8] Status: running
2026-04-28 00:09:27  INFO      [sd_mohmokpf1ot7b1yhp8] Status: ready
2026-04-28 00:09:29  INFO      Skipped 87 duplicate(s)
2026-04-28 00:09:29  INFO      Retrieved 7 record(s) — 13603 total | This run: 1387 / $12.2205 | All-time: $56.2605
2026-04-28 00:09:29  INFO      [39/2274] Processing: 'bakery' @ 24.828223,55.247168
2026-04-28 00:09:30  INFO      Triggered sd_mohms0uirs1mxvchk  ('bakery' @ 24.828223,55.247168)
2026-04-28 00:09:31  INFO      [sd_mohms0uirs1mxvchk] Status: running
2026-04-28 00:10:36  ERROR     Error at input 39/2274 ('bakery' @ 24.828223,55.247168): HTTPSConnectionPool(host='api.brightdata.com', port=443): Read timed out. (read timeout=None)
2026-04-28 00:10:36  INFO      [40/2274] Processing: 'pharmacy' @ 24.828223,55.247168
2026-04-28 00:10:45  INFO      Triggered sd_mohmtklx1wifewgjkm  ('pharmacy' @ 24.828223,55.247168)
2026-04-28 00:10:46  INFO      [sd_mohmtklx1wifewgjkm] Status: running
2026-04-28 00:16:48  INFO      [sd_mohmtklx1wifewgjkm] Status: ready
2026-04-28 00:16:50  INFO      Skipped 214 duplicate(s)
2026-04-28 00:16:51  INFO      Retrieved 13 record(s) — 13616 total | This run: 1400 / $12.5610 | All-time: $56.6010
2026-04-28 00:16:51  INFO      [41/2274] Processing: 'clinic' @ 24.828223,55.247168
2026-04-28 00:16:52  INFO      Triggered sd_mohn1hjz1vjij16gk9  ('clinic' @ 24.828223,55.247168)
2026-04-28 00:16:53  INFO      [sd_mohn1hjz1vjij16gk9] Status: running
2026-04-28 00:22:48  INFO      [sd_mohn1hjz1vjij16gk9] Status: ready
2026-04-28 00:22:49  INFO      Skipped 214 duplicate(s)
2026-04-28 00:22:50  INFO      Retrieved 13 record(s) — 13629 total | This run: 1413 / $12.9015 | All-time: $56.9415
2026-04-28 00:22:50  INFO      [42/2274] Processing: 'school' @ 24.828223,55.247168
2026-04-28 00:22:51  INFO      Triggered sd_mohn96tiqfujxpgxi  ('school' @ 24.828223,55.247168)
2026-04-28 00:22:52  INFO      [sd_mohn96tiqfujxpgxi] Status: running
2026-04-28 00:26:04  INFO      [sd_mohn96tiqfujxpgxi] Status: ready
2026-04-28 00:26:06  INFO      Skipped 196 duplicate(s)
2026-04-28 00:26:07  INFO      Retrieved 11 record(s) — 13640 total | This run: 1424 / $13.2120 | All-time: $57.2520
2026-04-28 00:26:07  INFO      [43/2274] Processing: 'bank' @ 24.828223,55.247168
2026-04-28 00:26:08  INFO      Triggered sd_mohndedd35e82dyeq  ('bank' @ 24.828223,55.247168)
2026-04-28 00:26:08  INFO      [sd_mohndedd35e82dyeq] Status: running
2026-04-28 00:30:21  INFO      [sd_mohndedd35e82dyeq] Status: ready
2026-04-28 00:30:23  INFO      Skipped 104 duplicate(s)
2026-04-28 00:30:23  INFO      Retrieved 15 record(s) — 13655 total | This run: 1439 / $13.3905 | All-time: $57.4305
2026-04-28 00:30:23  INFO      [44/2274] Processing: 'supermarket' @ 24.828223,55.247168
2026-04-28 00:30:25  INFO      Triggered sd_mohniwl12orrs6elv2  ('supermarket' @ 24.828223,55.247168)
2026-04-28 00:30:25  INFO      [sd_mohniwl12orrs6elv2] Status: running
2026-04-28 00:43:28  INFO      [sd_mohniwl12orrs6elv2] Status: ready
2026-04-28 00:43:31  INFO      Skipped 254 duplicate(s)
2026-04-28 00:43:32  INFO      Retrieved 18 record(s) — 13673 total | This run: 1457 / $13.7985 | All-time: $57.8385
2026-04-28 00:43:32  INFO      [45/2274] Processing: 'restaurant' @ 24.89579,54.949136
2026-04-28 00:43:33  INFO      Triggered sd_mohnzspt57u6njh2b  ('restaurant' @ 24.89579,54.949136)
2026-04-28 00:43:33  INFO      [sd_mohnzspt57u6njh2b] Status: running
2026-04-28 00:48:19  INFO      [sd_mohnzspt57u6njh2b] Status: ready
2026-04-28 00:48:21  INFO      Skipped 230 duplicate(s)
2026-04-28 00:48:22  INFO      Retrieved 29 record(s) — 13702 total | This run: 1486 / $14.1870 | All-time: $58.2270
2026-04-28 00:48:22  INFO      [46/2274] Processing: 'cafe' @ 24.89579,54.949136
2026-04-28 00:48:23  INFO      Triggered sd_moho60vcya9sim4a3  ('cafe' @ 24.89579,54.949136)
2026-04-28 00:48:24  INFO      [sd_moho60vcya9sim4a3] Status: running
2026-04-28 00:57:12  INFO      [sd_moho60vcya9sim4a3] Status: ready
2026-04-28 00:57:14  INFO      Skipped 252 duplicate(s)
2026-04-28 00:57:15  INFO      Retrieved 18 record(s) — 13720 total | This run: 1504 / $14.5920 | All-time: $58.6320
2026-04-28 00:57:15  INFO      [47/2274] Processing: 'hotel' @ 24.89579,54.949136
2026-04-28 00:57:16  INFO      Triggered sd_mohohg4g26p4zkvlhp  ('hotel' @ 24.89579,54.949136)
2026-04-28 00:57:17  INFO      [sd_mohohg4g26p4zkvlhp] Status: running
2026-04-28 01:06:15  INFO      [sd_mohohg4g26p4zkvlhp] Status: ready
2026-04-28 01:06:16  INFO      Skipped 12 duplicate(s)
2026-04-28 01:06:17  INFO      Retrieved 0 record(s) — 13720 total | This run: 1504 / $14.6100 | All-time: $58.6500
2026-04-28 01:06:17  INFO      [48/2274] Processing: 'mall' @ 24.89579,54.949136
2026-04-28 01:06:18  INFO      Triggered sd_mohot28b6r4g1k7d8  ('mall' @ 24.89579,54.949136)
2026-04-28 01:06:19  INFO      [sd_mohot28b6r4g1k7d8] Status: running
2026-04-28 01:08:57  INFO      [sd_mohot28b6r4g1k7d8] Status: ready
2026-04-28 01:08:59  INFO      Skipped 128 duplicate(s)
2026-04-28 01:09:00  INFO      Retrieved 12 record(s) — 13732 total | This run: 1516 / $14.8200 | All-time: $58.8600
2026-04-28 01:09:00  INFO      [49/2274] Processing: 'gym' @ 24.89579,54.949136
2026-04-28 01:09:01  INFO      Triggered sd_mohowjxk28nyiz9et8  ('gym' @ 24.89579,54.949136)
2026-04-28 01:09:02  INFO      [sd_mohowjxk28nyiz9et8] Status: running
2026-04-28 01:13:41  INFO      [sd_mohowjxk28nyiz9et8] Status: ready
2026-04-28 01:13:45  INFO      Skipped 308 duplicate(s)
2026-04-28 01:13:45  INFO      Retrieved 61 record(s) — 13793 total | This run: 1577 / $15.3735 | All-time: $59.4135
2026-04-28 01:13:45  INFO      [50/2274] Processing: 'hospital' @ 24.89579,54.949136
2026-04-28 01:13:46  INFO      Triggered sd_mohp2o6cqc8hvo0iz  ('hospital' @ 24.89579,54.949136)
2026-04-28 01:13:47  INFO      [sd_mohp2o6cqc8hvo0iz] Status: running
2026-04-28 01:18:57  INFO      [sd_mohp2o6cqc8hvo0iz] Status: ready
2026-04-28 01:18:59  INFO      Skipped 94 duplicate(s)
2026-04-28 01:19:00  INFO      Retrieved 0 record(s) — 13793 total | This run: 1577 / $15.5145 | All-time: $59.5545
2026-04-28 01:19:00  INFO      [51/2274] Processing: 'mosque' @ 24.89579,54.949136
2026-04-28 01:19:01  INFO      Triggered sd_mohp9eu0lp626mysf  ('mosque' @ 24.89579,54.949136)
2026-04-28 01:19:02  INFO      [sd_mohp9eu0lp626mysf] Status: running
2026-04-28 01:24:55  INFO      [sd_mohp9eu0lp626mysf] Status: ready
2026-04-28 01:24:57  INFO      Skipped 307 duplicate(s)
2026-04-28 01:24:58  INFO      Retrieved 28 record(s) — 13821 total | This run: 1605 / $16.0170 | All-time: $60.0570
2026-04-28 01:24:58  INFO      [52/2274] Processing: 'spa' @ 24.89579,54.949136
2026-04-28 01:24:59  INFO      Triggered sd_mohph38q1u9o3c91et  ('spa' @ 24.89579,54.949136)
2026-04-28 01:25:00  INFO      [sd_mohph38q1u9o3c91et] Status: running
2026-04-28 01:29:13  INFO      [sd_mohph38q1u9o3c91et] Status: ready
2026-04-28 01:29:15  INFO      Skipped 295 duplicate(s)
2026-04-28 01:29:16  INFO      Retrieved 81 record(s) — 13902 total | This run: 1686 / $16.5810 | All-time: $60.6210
2026-04-28 01:29:16  INFO      [53/2274] Processing: 'cinema' @ 24.89579,54.949136
2026-04-28 01:29:17  INFO      Triggered sd_mohpmme11i17joakih  ('cinema' @ 24.89579,54.949136)
2026-04-28 01:29:18  INFO      [sd_mohpmme11i17joakih] Status: running
2026-04-28 01:31:12  INFO      [sd_mohpmme11i17joakih] Status: ready
2026-04-28 01:31:14  INFO      Skipped 71 duplicate(s)
2026-04-28 01:31:14  INFO      Retrieved 10 record(s) — 13912 total | This run: 1696 / $16.7025 | All-time: $60.7425
2026-04-28 01:31:14  INFO      [54/2274] Processing: 'bakery' @ 24.89579,54.949136
2026-04-28 01:31:15  INFO      Triggered sd_mohpp5p12oclesecq3  ('bakery' @ 24.89579,54.949136)
2026-04-28 01:31:16  INFO      [sd_mohpp5p12oclesecq3] Status: running
2026-04-28 01:35:33  INFO      [sd_mohpp5p12oclesecq3] Status: ready
2026-04-28 01:35:35  INFO      Skipped 241 duplicate(s)
2026-04-28 01:35:36  INFO      Retrieved 23 record(s) — 13935 total | This run: 1719 / $17.0985 | All-time: $61.1385
2026-04-28 01:35:36  INFO      [55/2274] Processing: 'pharmacy' @ 24.89579,54.949136
2026-04-28 01:35:37  INFO      Triggered sd_mohpuri91o5l9powmr  ('pharmacy' @ 24.89579,54.949136)
2026-04-28 01:35:38  INFO      [sd_mohpuri91o5l9powmr] Status: running
2026-04-28 01:45:37  INFO      [sd_mohpuri91o5l9powmr] Status: ready
2026-04-28 01:45:39  INFO      Skipped 242 duplicate(s)
2026-04-28 01:45:39  INFO      Retrieved 31 record(s) — 13966 total | This run: 1750 / $17.5080 | All-time: $61.5480
2026-04-28 01:45:39  INFO      [56/2274] Processing: 'clinic' @ 24.89579,54.949136
2026-04-28 01:45:40  INFO      Triggered sd_mohq7p5b2qnux5t8r6  ('clinic' @ 24.89579,54.949136)
2026-04-28 01:45:41  INFO      [sd_mohq7p5b2qnux5t8r6] Status: running
2026-04-28 01:50:11  INFO      [sd_mohq7p5b2qnux5t8r6] Status: ready
2026-04-28 01:50:13  INFO      Skipped 221 duplicate(s)
2026-04-28 01:50:14  INFO      Retrieved 27 record(s) — 13993 total | This run: 1777 / $17.8800 | All-time: $61.9200
2026-04-28 01:50:14  INFO      [57/2274] Processing: 'school' @ 24.89579,54.949136
2026-04-28 01:50:15  INFO      Triggered sd_mohqdkv815i6ga5gj6  ('school' @ 24.89579,54.949136)
2026-04-28 01:50:16  INFO      [sd_mohqdkv815i6ga5gj6] Status: running
2026-04-28 01:56:25  INFO      [sd_mohqdkv815i6ga5gj6] Status: ready
2026-04-28 01:56:27  INFO      Skipped 207 duplicate(s)
2026-04-28 01:56:28  INFO      Retrieved 32 record(s) — 14025 total | This run: 1809 / $18.2385 | All-time: $62.2785
2026-04-28 01:56:28  INFO      [58/2274] Processing: 'bank' @ 24.89579,54.949136
2026-04-28 01:56:29  INFO      Triggered sd_mohqlloohq3gwzbsa  ('bank' @ 24.89579,54.949136)
2026-04-28 01:56:30  INFO      [sd_mohqlloohq3gwzbsa] Status: running
2026-04-28 01:59:43  INFO      [sd_mohqlloohq3gwzbsa] Status: ready
2026-04-28 01:59:45  INFO      Skipped 105 duplicate(s)
2026-04-28 01:59:45  INFO      Retrieved 17 record(s) — 14042 total | This run: 1826 / $18.4215 | All-time: $62.4615
2026-04-28 01:59:45  INFO      [59/2274] Processing: 'supermarket' @ 24.89579,54.949136
2026-04-28 01:59:46  INFO      Triggered sd_mohqptsi234hqmo5t0  ('supermarket' @ 24.89579,54.949136)
2026-04-28 01:59:47  INFO      [sd_mohqptsi234hqmo5t0] Status: running
2026-04-28 02:04:46  INFO      [sd_mohqptsi234hqmo5t0] Status: ready
2026-04-28 02:04:48  INFO      Skipped 292 duplicate(s)
2026-04-28 02:04:48  INFO      Retrieved 45 record(s) — 14087 total | This run: 1871 / $18.9270 | All-time: $62.9670
2026-04-28 02:04:48  INFO      [60/2274] Processing: 'restaurant' @ 24.89579,55.023644
2026-04-28 02:04:49  INFO      Triggered sd_mohqwbmbnkz9ccrpb  ('restaurant' @ 24.89579,55.023644)
2026-04-28 02:04:50  INFO      [sd_mohqwbmbnkz9ccrpb] Status: running
2026-04-28 02:11:37  INFO      [sd_mohqwbmbnkz9ccrpb] Status: ready
2026-04-28 02:11:38  INFO      Skipped 175 duplicate(s)
2026-04-28 02:11:39  INFO      Retrieved 9 record(s) — 14096 total | This run: 1880 / $19.2030 | All-time: $63.2430
2026-04-28 02:11:39  INFO      [61/2274] Processing: 'cafe' @ 24.89579,55.023644
2026-04-28 02:11:40  INFO      Triggered sd_mohr54l61aj1kcwkb  ('cafe' @ 24.89579,55.023644)
2026-04-28 02:11:41  INFO      [sd_mohr54l61aj1kcwkb] Status: running
2026-04-28 02:18:06  INFO      [sd_mohr54l61aj1kcwkb] Status: ready
2026-04-28 02:18:08  INFO      Skipped 271 duplicate(s)
2026-04-28 02:18:08  INFO      Retrieved 3 record(s) — 14099 total | This run: 1883 / $19.6140 | All-time: $63.6540
2026-04-28 02:18:08  INFO      [62/2274] Processing: 'hotel' @ 24.89579,55.023644
2026-04-28 02:18:10  INFO      Triggered sd_mohrdh2l241ib5un9d  ('hotel' @ 24.89579,55.023644)
2026-04-28 02:18:10  INFO      [sd_mohrdh2l241ib5un9d] Status: running
2026-04-28 02:27:53  INFO      [sd_mohrdh2l241ib5un9d] Status: ready
2026-04-28 02:27:55  INFO      Skipped 26 duplicate(s)
2026-04-28 02:27:55  INFO      Retrieved 59 record(s) — 14158 total | This run: 1942 / $19.7415 | All-time: $63.7815
2026-04-28 02:27:55  INFO      [63/2274] Processing: 'mall' @ 24.89579,55.023644
2026-04-28 02:27:56  INFO      Triggered sd_mohrq1rb1c1z26rbcw  ('mall' @ 24.89579,55.023644)
2026-04-28 02:27:57  INFO      [sd_mohrq1rb1c1z26rbcw] Status: running
2026-04-28 02:34:22  INFO      [sd_mohrq1rb1c1z26rbcw] Status: ready
2026-04-28 02:34:24  INFO      Skipped 176 duplicate(s)
2026-04-28 02:34:25  INFO      Retrieved 30 record(s) — 14188 total | This run: 1972 / $20.0505 | All-time: $64.0905
2026-04-28 02:34:25  INFO      [64/2274] Processing: 'gym' @ 24.89579,55.023644
2026-04-28 02:34:26  INFO      Triggered sd_mohryelryut0iryxq  ('gym' @ 24.89579,55.023644)
2026-04-28 02:34:27  INFO      [sd_mohryelryut0iryxq] Status: running
2026-04-28 02:40:08  INFO      [sd_mohryelryut0iryxq] Status: ready
2026-04-28 02:40:10  INFO      Skipped 330 duplicate(s)
2026-04-28 02:40:11  INFO      Retrieved 23 record(s) — 14211 total | This run: 1995 / $20.5800 | All-time: $64.6200
2026-04-28 02:40:11  INFO      [65/2274] Processing: 'hospital' @ 24.89579,55.023644
2026-04-28 02:40:12  INFO      Triggered sd_mohs5td82nfc33kw3i  ('hospital' @ 24.89579,55.023644)
2026-04-28 02:40:13  INFO      [sd_mohs5td82nfc33kw3i] Status: running
2026-04-28 02:43:45  INFO      [sd_mohs5td82nfc33kw3i] Status: ready
2026-04-28 02:43:47  INFO      Skipped 88 duplicate(s)
2026-04-28 02:43:48  INFO      Retrieved 0 record(s) — 14211 total | This run: 1995 / $20.7120 | All-time: $64.7520
2026-04-28 02:43:48  INFO      [66/2274] Processing: 'mosque' @ 24.89579,55.023644
2026-04-28 02:43:49  INFO      Triggered sd_mohsagmk16ojxfoclp  ('mosque' @ 24.89579,55.023644)
2026-04-28 02:43:49  INFO      [sd_mohsagmk16ojxfoclp] Status: running
2026-04-28 02:50:07  INFO      [sd_mohsagmk16ojxfoclp] Status: ready
2026-04-28 02:50:09  INFO      Skipped 333 duplicate(s)
2026-04-28 02:50:09  INFO      Retrieved 15 record(s) — 14226 total | This run: 2010 / $21.2340 | All-time: $65.2740
2026-04-28 02:50:09  INFO      [67/2274] Processing: 'spa' @ 24.89579,55.023644
2026-04-28 02:50:10  INFO      Triggered sd_mohsin582qlboqpozh  ('spa' @ 24.89579,55.023644)
2026-04-28 02:50:12  INFO      [sd_mohsin582qlboqpozh] Status: running
2026-04-28 02:57:50  INFO      [sd_mohsin582qlboqpozh] Status: ready
2026-04-28 02:57:52  INFO      Skipped 285 duplicate(s)
2026-04-28 02:57:53  INFO      Retrieved 58 record(s) — 14284 total | This run: 2068 / $21.7485 | All-time: $65.7885
2026-04-28 02:57:53  INFO      [68/2274] Processing: 'cinema' @ 24.89579,55.023644
2026-04-28 02:57:54  INFO      Triggered sd_mohsskrr1jxyjp8m4k  ('cinema' @ 24.89579,55.023644)
2026-04-28 02:57:55  INFO      [sd_mohsskrr1jxyjp8m4k] Status: running
2026-04-28 03:01:29  INFO      [sd_mohsskrr1jxyjp8m4k] Status: ready
2026-04-28 03:01:31  INFO      Skipped 99 duplicate(s)
2026-04-28 03:01:32  INFO      Retrieved 33 record(s) — 14317 total | This run: 2101 / $21.9465 | All-time: $65.9865
2026-04-28 03:01:32  INFO      [69/2274] Processing: 'bakery' @ 24.89579,55.023644
2026-04-28 03:01:33  INFO      Triggered sd_mohsx9ii2cxyq36hxg  ('bakery' @ 24.89579,55.023644)
2026-04-28 03:01:33  INFO      [sd_mohsx9ii2cxyq36hxg] Status: running
2026-04-28 03:05:14  INFO      [sd_mohsx9ii2cxyq36hxg] Status: ready
2026-04-28 03:05:16  INFO      Skipped 225 duplicate(s)
2026-04-28 03:05:17  INFO      Retrieved 38 record(s) — 14355 total | This run: 2139 / $22.3410 | All-time: $66.3810
2026-04-28 03:05:17  INFO      [70/2274] Processing: 'pharmacy' @ 24.89579,55.023644
2026-04-28 03:05:18  INFO      Triggered sd_moht23cwwgk5oh2w  ('pharmacy' @ 24.89579,55.023644)
2026-04-28 03:05:19  INFO      [sd_moht23cwwgk5oh2w] Status: running
2026-04-28 03:09:45  INFO      [sd_moht23cwwgk5oh2w] Status: ready
2026-04-28 03:09:47  INFO      Skipped 263 duplicate(s)
2026-04-28 03:09:48  INFO      Retrieved 0 record(s) — 14355 total | This run: 2139 / $22.7355 | All-time: $66.7755
2026-04-28 03:09:48  INFO      [71/2274] Processing: 'clinic' @ 24.89579,55.023644
2026-04-28 03:09:49  INFO      Triggered sd_moht7wbx1lc9x59thj  ('clinic' @ 24.89579,55.023644)
2026-04-28 03:09:49  INFO      [sd_moht7wbx1lc9x59thj] Status: running
2026-04-28 03:17:41  INFO      [sd_moht7wbx1lc9x59thj] Status: ready
2026-04-28 03:17:43  INFO      Skipped 191 duplicate(s)
2026-04-28 03:17:44  INFO      Retrieved 79 record(s) — 14434 total | This run: 2218 / $23.1405 | All-time: $67.1805
2026-04-28 03:17:44  INFO      [72/2274] Processing: 'school' @ 24.89579,55.023644
2026-04-28 03:17:45  INFO      Triggered sd_mohti3x7bw7l7p28  ('school' @ 24.89579,55.023644)
2026-04-28 03:17:46  INFO      [sd_mohti3x7bw7l7p28] Status: running
2026-04-28 03:25:08  INFO      [sd_mohti3x7bw7l7p28] Status: ready
2026-04-28 03:25:10  INFO      Skipped 179 duplicate(s)
2026-04-28 03:25:10  INFO      Retrieved 61 record(s) — 14495 total | This run: 2279 / $23.5005 | All-time: $67.5405
2026-04-28 03:25:10  INFO      [73/2274] Processing: 'bank' @ 24.89579,55.023644
2026-04-28 03:25:12  INFO      Triggered sd_mohtrof71js55o77c0  ('bank' @ 24.89579,55.023644)
2026-04-28 03:25:12  INFO      [sd_mohtrof71js55o77c0] Status: running
2026-04-28 03:26:46  INFO      [sd_mohtrof71js55o77c0] Status: ready
2026-04-28 03:26:48  INFO      Skipped 103 duplicate(s)
2026-04-28 03:26:48  INFO      Retrieved 22 record(s) — 14517 total | This run: 2301 / $23.6880 | All-time: $67.7280
2026-04-28 03:26:48  INFO      [74/2274] Processing: 'supermarket' @ 24.89579,55.023644
2026-04-28 03:26:49  INFO      Triggered sd_mohttruu1gdcodrfx3  ('supermarket' @ 24.89579,55.023644)
2026-04-28 03:26:50  INFO      [sd_mohttruu1gdcodrfx3] Status: running
2026-04-28 03:32:23  INFO      [sd_mohttruu1gdcodrfx3] Status: ready
2026-04-28 03:32:25  INFO      Skipped 310 duplicate(s)
2026-04-28 03:32:26  INFO      Retrieved 24 record(s) — 14541 total | This run: 2325 / $24.1890 | All-time: $68.2290
2026-04-28 03:32:26  INFO      [75/2274] Processing: 'restaurant' @ 24.89579,55.098152
2026-04-28 03:32:27  INFO      Triggered sd_mohu103t1w3j4181ag  ('restaurant' @ 24.89579,55.098152)
2026-04-28 03:32:27  INFO      [sd_mohu103t1w3j4181ag] Status: running
2026-04-28 03:38:44  INFO      [sd_mohu103t1w3j4181ag] Status: ready
2026-04-28 03:38:46  INFO      Skipped 204 duplicate(s)
2026-04-28 03:38:47  INFO      Retrieved 14 record(s) — 14555 total | This run: 2339 / $24.5160 | All-time: $68.5560
2026-04-28 03:38:47  INFO      [76/2274] Processing: 'cafe' @ 24.89579,55.098152
2026-04-28 03:38:48  INFO      Triggered sd_mohu96hkzbu0l31of  ('cafe' @ 24.89579,55.098152)
2026-04-28 03:38:49  INFO      [sd_mohu96hkzbu0l31of] Status: running
2026-04-28 03:45:23  INFO      [sd_mohu96hkzbu0l31of] Status: ready
2026-04-28 03:45:25  INFO      Skipped 204 duplicate(s)
2026-04-28 03:45:26  INFO      Retrieved 10 record(s) — 14565 total | This run: 2349 / $24.8370 | All-time: $68.8770
2026-04-28 03:45:26  INFO      [77/2274] Processing: 'hotel' @ 24.89579,55.098152
2026-04-28 03:45:27  INFO      Triggered sd_mohuhpyr1wtf0187sq  ('hotel' @ 24.89579,55.098152)
2026-04-28 03:45:27  INFO      [sd_mohuhpyr1wtf0187sq] Status: running
2026-04-28 03:53:20  INFO      [sd_mohuhpyr1wtf0187sq] Status: ready
2026-04-28 03:53:21  INFO      Skipped 33 duplicate(s)
2026-04-28 03:53:22  INFO      Retrieved 0 record(s) — 14565 total | This run: 2349 / $24.8865 | All-time: $68.9265
2026-04-28 03:53:22  INFO      [78/2274] Processing: 'mall' @ 24.89579,55.098152
2026-04-28 03:53:23  INFO      Triggered sd_mohurxf41tkxbb1y57  ('mall' @ 24.89579,55.098152)
2026-04-28 03:53:24  INFO      [sd_mohurxf41tkxbb1y57] Status: running
2026-04-28 04:00:07  INFO      [sd_mohurxf41tkxbb1y57] Status: ready
2026-04-28 04:00:10  INFO      Skipped 185 duplicate(s)
2026-04-28 04:00:11  INFO      Retrieved 16 record(s) — 14581 total | This run: 2365 / $25.1880 | All-time: $69.2280
2026-04-28 04:00:11  INFO      [79/2274] Processing: 'gym' @ 24.89579,55.098152
2026-04-28 04:00:12  INFO      Triggered sd_mohv0owz2fywhubjr1  ('gym' @ 24.89579,55.098152)
2026-04-28 04:00:13  INFO      [sd_mohv0owz2fywhubjr1] Status: running
2026-04-28 04:05:34  INFO      [sd_mohv0owz2fywhubjr1] Status: ready
2026-04-28 04:05:36  INFO      Skipped 230 duplicate(s)
2026-04-28 04:05:37  INFO      Retrieved 10 record(s) — 14591 total | This run: 2375 / $25.5480 | All-time: $69.5880
2026-04-28 04:05:37  INFO      [80/2274] Processing: 'hospital' @ 24.89579,55.098152
2026-04-28 04:05:38  INFO      Triggered sd_mohv7ove10x1mlweu3  ('hospital' @ 24.89579,55.098152)
2026-04-28 04:05:39  INFO      [sd_mohv7ove10x1mlweu3] Status: running
2026-04-28 04:12:48  INFO      [sd_mohv7ove10x1mlweu3] Status: ready
2026-04-28 04:12:49  INFO      Skipped 64 duplicate(s)
2026-04-28 04:12:50  INFO      Retrieved 0 record(s) — 14591 total | This run: 2375 / $25.6440 | All-time: $69.6840
2026-04-28 04:12:50  INFO      [81/2274] Processing: 'mosque' @ 24.89579,55.098152
2026-04-28 04:12:51  INFO      Triggered sd_mohvgyxi22agfzeasr  ('mosque' @ 24.89579,55.098152)
2026-04-28 04:12:52  INFO      [sd_mohvgyxi22agfzeasr] Status: running
2026-04-28 04:20:14  INFO      [sd_mohvgyxi22agfzeasr] Status: ready
2026-04-28 04:20:16  INFO      Skipped 245 duplicate(s)
2026-04-28 04:20:17  INFO      Retrieved 5 record(s) — 14596 total | This run: 2380 / $26.0190 | All-time: $70.0590
2026-04-28 04:20:17  INFO      [82/2274] Processing: 'spa' @ 24.89579,55.098152
2026-04-28 04:20:19  INFO      Triggered sd_mohvqkc02kehuxyizx  ('spa' @ 24.89579,55.098152)
2026-04-28 04:20:20  INFO      [sd_mohvqkc02kehuxyizx] Status: running
2026-04-28 04:25:00  INFO      [sd_mohvqkc02kehuxyizx] Status: ready
2026-04-28 04:25:02  INFO      Skipped 248 duplicate(s)
2026-04-28 04:25:03  INFO      Retrieved 21 record(s) — 14617 total | This run: 2401 / $26.4225 | All-time: $70.4625
2026-04-28 04:25:03  INFO      [83/2274] Processing: 'cinema' @ 24.89579,55.098152
2026-04-28 04:25:04  INFO      Triggered sd_mohvwohh25gtpoyo9  ('cinema' @ 24.89579,55.098152)
2026-04-28 04:25:05  INFO      [sd_mohvwohh25gtpoyo9] Status: running
2026-04-28 04:32:34  INFO      [sd_mohvwohh25gtpoyo9] Status: ready
2026-04-28 04:32:36  INFO      Skipped 117 duplicate(s)
2026-04-28 04:32:37  INFO      Retrieved 12 record(s) — 14629 total | This run: 2413 / $26.6160 | All-time: $70.6560
2026-04-28 04:32:37  INFO      [84/2274] Processing: 'bakery' @ 24.89579,55.098152
2026-04-28 04:32:38  INFO      Triggered sd_mohw6ejj24fpt1826o  ('bakery' @ 24.89579,55.098152)
2026-04-28 04:32:39  INFO      [sd_mohw6ejj24fpt1826o] Status: running
2026-04-28 04:36:54  INFO      [sd_mohw6ejj24fpt1826o] Status: ready
2026-04-28 04:36:56  INFO      Skipped 194 duplicate(s)
2026-04-28 04:36:57  INFO      Retrieved 14 record(s) — 14643 total | This run: 2427 / $26.9280 | All-time: $70.9680
2026-04-28 04:36:57  INFO      [85/2274] Processing: 'pharmacy' @ 24.89579,55.098152
2026-04-28 04:36:58  INFO      Triggered sd_mohwbzmcgw50mcauk  ('pharmacy' @ 24.89579,55.098152)
2026-04-28 04:36:59  INFO      [sd_mohwbzmcgw50mcauk] Status: running
2026-04-28 04:41:09  INFO      [sd_mohwbzmcgw50mcauk] Status: ready
2026-04-28 04:41:10  INFO      Skipped 173 duplicate(s)
2026-04-28 04:41:11  INFO      Retrieved 7 record(s) — 14650 total | This run: 2434 / $27.1980 | All-time: $71.2380
2026-04-28 04:41:11  INFO      [86/2274] Processing: 'clinic' @ 24.89579,55.098152
2026-04-28 04:41:12  INFO      Triggered sd_mohwhfhb2mige48s7c  ('clinic' @ 24.89579,55.098152)
2026-04-28 04:41:13  INFO      [sd_mohwhfhb2mige48s7c] Status: running
2026-04-28 04:43:15  INFO      [sd_mohwhfhb2mige48s7c] Status: ready
2026-04-28 04:43:17  INFO      Skipped 195 duplicate(s)
2026-04-28 04:43:18  INFO      Retrieved 23 record(s) — 14673 total | This run: 2457 / $27.5250 | All-time: $71.5650
2026-04-28 04:43:18  INFO      [87/2274] Processing: 'school' @ 24.89579,55.098152
2026-04-28 04:43:19  INFO      Triggered sd_mohwk5ch94ui41kc6  ('school' @ 24.89579,55.098152)
2026-04-28 04:43:20  INFO      [sd_mohwk5ch94ui41kc6] Status: running
2026-04-28 04:50:12  INFO      [sd_mohwk5ch94ui41kc6] Status: ready
2026-04-28 04:50:14  INFO      Skipped 170 duplicate(s)
2026-04-28 04:50:15  INFO      Retrieved 20 record(s) — 14693 total | This run: 2477 / $27.8100 | All-time: $71.8500
2026-04-28 04:50:15  INFO      [88/2274] Processing: 'bank' @ 24.89579,55.098152
2026-04-28 04:50:17  INFO      Triggered sd_mohwt3v0176ejkz31w  ('bank' @ 24.89579,55.098152)
2026-04-28 04:50:18  INFO      [sd_mohwt3v0176ejkz31w] Status: running
2026-04-28 04:54:40  INFO      [sd_mohwt3v0176ejkz31w] Status: ready
2026-04-28 04:54:42  INFO      Skipped 103 duplicate(s)
2026-04-28 04:54:42  INFO      Retrieved 11 record(s) — 14704 total | This run: 2488 / $27.9810 | All-time: $72.0210
2026-04-28 04:54:42  INFO      [89/2274] Processing: 'supermarket' @ 24.89579,55.098152
2026-04-28 04:54:43  INFO      Triggered sd_mohwytf79sm1wwkdb  ('supermarket' @ 24.89579,55.098152)
2026-04-28 04:54:44  INFO      [sd_mohwytf79sm1wwkdb] Status: running
2026-04-28 04:59:58  INFO      [sd_mohwytf79sm1wwkdb] Status: ready
2026-04-28 05:00:00  INFO      Skipped 178 duplicate(s)
2026-04-28 05:00:01  INFO      Retrieved 11 record(s) — 14715 total | This run: 2499 / $28.2645 | All-time: $72.3045
2026-04-28 05:00:01  INFO      [90/2274] Processing: 'restaurant' @ 24.89579,55.17266
2026-04-28 05:00:02  INFO      Triggered sd_mohx5mv21zyag2nmvj  ('restaurant' @ 24.89579,55.17266)
2026-04-28 05:00:02  INFO      [sd_mohx5mv21zyag2nmvj] Status: running
2026-04-28 05:06:43  INFO      [sd_mohx5mv21zyag2nmvj] Status: ready
2026-04-28 05:06:45  INFO      Skipped 201 duplicate(s)
2026-04-28 05:06:46  INFO      Retrieved 25 record(s) — 14740 total | This run: 2524 / $28.6035 | All-time: $72.6435
2026-04-28 05:06:46  INFO      [91/2274] Processing: 'cafe' @ 24.89579,55.17266
2026-04-28 05:06:47  INFO      Triggered sd_mohxebqr1xu5l5i96j  ('cafe' @ 24.89579,55.17266)
2026-04-28 05:06:48  INFO      [sd_mohxebqr1xu5l5i96j] Status: running
2026-04-28 05:13:23  INFO      [sd_mohxebqr1xu5l5i96j] Status: ready
2026-04-28 05:13:25  INFO      Skipped 207 duplicate(s)
2026-04-28 05:13:26  INFO      Retrieved 81 record(s) — 14821 total | This run: 2605 / $29.0355 | All-time: $73.0755
2026-04-28 05:13:26  INFO      [92/2274] Processing: 'hotel' @ 24.89579,55.17266
2026-04-28 05:13:27  INFO      Triggered sd_mohxmw9bt5mag22ha  ('hotel' @ 24.89579,55.17266)
2026-04-28 05:13:28  INFO      [sd_mohxmw9bt5mag22ha] Status: running
2026-04-28 05:14:20  INFO      [sd_mohxmw9bt5mag22ha] Status: ready
2026-04-28 05:14:21  INFO      Skipped 12 duplicate(s)
2026-04-28 05:14:22  INFO      Retrieved 0 record(s) — 14821 total | This run: 2605 / $29.0535 | All-time: $73.0935
2026-04-28 05:14:22  INFO      [93/2274] Processing: 'mall' @ 24.89579,55.17266
2026-04-28 05:14:23  INFO      Triggered sd_mohxo3to1on3dsxk1y  ('mall' @ 24.89579,55.17266)
2026-04-28 05:14:24  INFO      [sd_mohxo3to1on3dsxk1y] Status: running
2026-04-28 05:19:26  INFO      [sd_mohxo3to1on3dsxk1y] Status: ready
2026-04-28 05:19:27  INFO      Skipped 196 duplicate(s)
2026-04-28 05:19:28  INFO      Retrieved 4 record(s) — 14825 total | This run: 2609 / $29.3535 | All-time: $73.3935
2026-04-28 05:19:28  INFO      [94/2274] Processing: 'gym' @ 24.89579,55.17266
2026-04-28 05:19:29  INFO      Triggered sd_mohxunpjafuj5f88f  ('gym' @ 24.89579,55.17266)
2026-04-28 05:19:30  INFO      [sd_mohxunpjafuj5f88f] Status: running
2026-04-28 05:25:14  INFO      [sd_mohxunpjafuj5f88f] Status: ready
2026-04-28 05:25:16  INFO      Skipped 291 duplicate(s)
2026-04-28 05:25:17  INFO      Retrieved 28 record(s) — 14853 total | This run: 2637 / $29.8320 | All-time: $73.8720
2026-04-28 05:25:17  INFO      [95/2274] Processing: 'hospital' @ 24.89579,55.17266
2026-04-28 05:25:18  INFO      Triggered sd_mohy24rzj4emsh271  ('hospital' @ 24.89579,55.17266)
2026-04-28 05:25:19  INFO      [sd_mohy24rzj4emsh271] Status: running
2026-04-28 05:26:58  INFO      [sd_mohy24rzj4emsh271] Status: ready
2026-04-28 05:27:00  INFO      Skipped 76 duplicate(s)
2026-04-28 05:27:00  INFO      Retrieved 3 record(s) — 14856 total | This run: 2640 / $29.9505 | All-time: $73.9905
2026-04-28 05:27:00  INFO      [96/2274] Processing: 'mosque' @ 24.89579,55.17266
2026-04-28 05:27:02  INFO      Triggered sd_mohy4cqe1i8i0h9saz  ('mosque' @ 24.89579,55.17266)
2026-04-28 05:27:02  INFO      [sd_mohy4cqe1i8i0h9saz] Status: running
2026-04-28 05:31:43  INFO      [sd_mohy4cqe1i8i0h9saz] Status: ready
2026-04-28 05:31:45  INFO      Skipped 293 duplicate(s)
2026-04-28 05:31:46  INFO      Retrieved 25 record(s) — 14881 total | This run: 2665 / $30.4275 | All-time: $74.4675
2026-04-28 05:31:46  INFO      [97/2274] Processing: 'spa' @ 24.89579,55.17266
2026-04-28 05:31:47  INFO      Triggered sd_mohyagzn1fo48ji23k  ('spa' @ 24.89579,55.17266)
2026-04-28 05:31:48  INFO      [sd_mohyagzn1fo48ji23k] Status: running
2026-04-28 05:36:57  INFO      [sd_mohyagzn1fo48ji23k] Status: ready
2026-04-28 05:36:59  INFO      Skipped 294 duplicate(s)
2026-04-28 05:37:00  INFO      Retrieved 87 record(s) — 14968 total | This run: 2752 / $30.9990 | All-time: $75.0390
2026-04-28 05:37:00  INFO      [98/2274] Processing: 'cinema' @ 24.89579,55.17266
2026-04-28 05:37:01  INFO      Triggered sd_mohyh7eu17eap794lq  ('cinema' @ 24.89579,55.17266)
2026-04-28 05:37:02  INFO      [sd_mohyh7eu17eap794lq] Status: running
2026-04-28 05:42:24  INFO      [sd_mohyh7eu17eap794lq] Status: ready
2026-04-28 05:42:26  INFO      Skipped 135 duplicate(s)
2026-04-28 05:42:27  INFO      Retrieved 4 record(s) — 14972 total | This run: 2756 / $31.2075 | All-time: $75.2475
2026-04-28 05:42:27  INFO      [99/2274] Processing: 'bakery' @ 24.89579,55.17266
2026-04-28 05:42:28  INFO      Triggered sd_mohyo7lf2clr1m0wlr  ('bakery' @ 24.89579,55.17266)
2026-04-28 05:42:29  INFO      [sd_mohyo7lf2clr1m0wlr] Status: running
2026-04-28 05:46:15  INFO      [sd_mohyo7lf2clr1m0wlr] Status: ready
2026-04-28 05:46:17  INFO      Skipped 224 duplicate(s)
2026-04-28 05:46:18  INFO      Retrieved 33 record(s) — 15005 total | This run: 2789 / $31.5930 | All-time: $75.6330
2026-04-28 05:46:18  INFO      [100/2274] Processing: 'pharmacy' @ 24.89579,55.17266
2026-04-28 05:46:19  INFO      Triggered sd_mohyt5rhe98dqqyyq  ('pharmacy' @ 24.89579,55.17266)
2026-04-28 05:46:19  INFO      [sd_mohyt5rhe98dqqyyq] Status: running
2026-04-28 05:49:25  INFO      [sd_mohyt5rhe98dqqyyq] Status: ready
2026-04-28 05:49:27  INFO      Skipped 222 duplicate(s)
2026-04-28 05:49:28  INFO      Retrieved 84 record(s) — 15089 total | This run: 2873 / $32.0520 | All-time: $76.0920
2026-04-28 05:49:28  INFO      [101/2274] Processing: 'clinic' @ 24.89579,55.17266
2026-04-28 05:49:29  INFO      Triggered sd_mohyx8k02rev15paxw  ('clinic' @ 24.89579,55.17266)
2026-04-28 05:49:30  INFO      [sd_mohyx8k02rev15paxw] Status: running
2026-04-28 05:54:38  INFO      [sd_mohyx8k02rev15paxw] Status: ready
2026-04-28 05:54:40  INFO      Skipped 232 duplicate(s)
2026-04-28 05:54:41  INFO      Retrieved 57 record(s) — 15146 total | This run: 2930 / $32.4855 | All-time: $76.5255
2026-04-28 05:54:41  INFO      [102/2274] Processing: 'school' @ 24.89579,55.17266
2026-04-28 05:54:42  INFO      Triggered sd_mohz3xpn10c3pctuxn  ('school' @ 24.89579,55.17266)
2026-04-28 05:54:42  INFO      [sd_mohz3xpn10c3pctuxn] Status: running
2026-04-28 05:58:25  INFO      [sd_mohz3xpn10c3pctuxn] Status: ready
2026-04-28 05:58:27  INFO      Skipped 206 duplicate(s)
2026-04-28 05:58:27  INFO      Retrieved 19 record(s) — 15165 total | This run: 2949 / $32.8230 | All-time: $76.8630
2026-04-28 05:58:27  INFO      [103/2274] Processing: 'bank' @ 24.89579,55.17266
2026-04-28 05:58:28  INFO      Triggered sd_mohz8sq02dkcff302t  ('bank' @ 24.89579,55.17266)
2026-04-28 05:58:29  INFO      [sd_mohz8sq02dkcff302t] Status: running
2026-04-28 06:00:38  INFO      [sd_mohz8sq02dkcff302t] Status: ready
2026-04-28 06:00:39  INFO      Skipped 113 duplicate(s)
2026-04-28 06:00:40  INFO      Retrieved 32 record(s) — 15197 total | This run: 2981 / $33.0405 | All-time: $77.0805
2026-04-28 06:00:40  INFO      [104/2274] Processing: 'supermarket' @ 24.89579,55.17266
2026-04-28 06:00:41  INFO      Triggered sd_mohzbn0e296oo3fe1q  ('supermarket' @ 24.89579,55.17266)
2026-04-28 06:00:42  INFO      [sd_mohzbn0e296oo3fe1q] Status: running
2026-04-28 06:04:29  INFO      [sd_mohzbn0e296oo3fe1q] Status: ready
2026-04-28 06:04:31  INFO      Skipped 215 duplicate(s)
2026-04-28 06:04:31  INFO      Retrieved 139 record(s) — 15336 total | This run: 3120 / $33.5715 | All-time: $77.6115
2026-04-28 06:04:31  INFO      [105/2274] Processing: 'restaurant' @ 24.89579,55.247168
2026-04-28 06:04:32  INFO      Triggered sd_mohzglj3217r5zpsy0  ('restaurant' @ 24.89579,55.247168)
2026-04-28 06:04:33  INFO      [sd_mohzglj3217r5zpsy0] Status: running
2026-04-28 06:10:28  INFO      [sd_mohzglj3217r5zpsy0] Status: ready
2026-04-28 06:10:30  INFO      Skipped 195 duplicate(s)
2026-04-28 06:10:30  INFO      Retrieved 32 record(s) — 15368 total | This run: 3152 / $33.9120 | All-time: $77.9520
2026-04-28 06:10:30  INFO      [106/2274] Processing: 'cafe' @ 24.89579,55.247168
2026-04-28 06:10:32  INFO      Triggered sd_mohzobd6oqg5tdr79  ('cafe' @ 24.89579,55.247168)
2026-04-28 06:10:33  INFO      [sd_mohzobd6oqg5tdr79] Status: running
2026-04-28 06:16:04  INFO      [sd_mohzobd6oqg5tdr79] Status: ready
2026-04-28 06:16:06  INFO      Skipped 186 duplicate(s)
2026-04-28 06:16:07  INFO      Retrieved 22 record(s) — 15390 total | This run: 3174 / $34.2240 | All-time: $78.2640
2026-04-28 06:16:07  INFO      [107/2274] Processing: 'hotel' @ 24.89579,55.247168
2026-04-28 06:16:08  INFO      Triggered sd_mohzvi0y21z14l4904  ('hotel' @ 24.89579,55.247168)
2026-04-28 06:16:08  INFO      [sd_mohzvi0y21z14l4904] Status: running
2026-04-28 06:17:29  INFO      [sd_mohzvi0y21z14l4904] Status: ready
2026-04-28 06:17:30  INFO      Skipped 5 duplicate(s)
2026-04-28 06:17:31  INFO      Retrieved 0 record(s) — 15390 total | This run: 3174 / $34.2315 | All-time: $78.2715
2026-04-28 06:17:31  INFO      [108/2274] Processing: 'mall' @ 24.89579,55.247168
2026-04-28 06:17:32  INFO      Triggered sd_mohzxb5c2kw1wb85n5  ('mall' @ 24.89579,55.247168)
2026-04-28 06:17:33  INFO      [sd_mohzxb5c2kw1wb85n5] Status: running
2026-04-28 06:25:34  INFO      [sd_mohzxb5c2kw1wb85n5] Status: ready
2026-04-28 06:25:36  INFO      Skipped 143 duplicate(s)
2026-04-28 06:25:37  INFO      Retrieved 22 record(s) — 15412 total | This run: 3196 / $34.4790 | All-time: $78.5190
2026-04-28 06:25:37  INFO      [109/2274] Processing: 'gym' @ 24.89579,55.247168
2026-04-28 06:25:38  INFO      Triggered sd_moi07pww2ja851xzd4  ('gym' @ 24.89579,55.247168)
2026-04-28 06:25:38  INFO      [sd_moi07pww2ja851xzd4] Status: running
2026-04-28 06:32:58  INFO      [sd_moi07pww2ja851xzd4] Status: ready
2026-04-28 06:33:00  INFO      Skipped 226 duplicate(s)
2026-04-28 06:33:01  INFO      Retrieved 8 record(s) — 15420 total | This run: 3204 / $34.8300 | All-time: $78.8700
2026-04-28 06:33:01  INFO      [110/2274] Processing: 'hospital' @ 24.89579,55.247168
2026-04-28 06:33:02  INFO      Triggered sd_moi0h8kf1n14vxoj5y  ('hospital' @ 24.89579,55.247168)
2026-04-28 06:33:03  INFO      [sd_moi0h8kf1n14vxoj5y] Status: running
2026-04-28 06:35:35  INFO      [sd_moi0h8kf1n14vxoj5y] Status: ready
2026-04-28 06:35:37  INFO      Skipped 59 duplicate(s)
2026-04-28 06:35:37  INFO      Retrieved 0 record(s) — 15420 total | This run: 3204 / $34.9185 | All-time: $78.9585
2026-04-28 06:35:37  INFO      [111/2274] Processing: 'mosque' @ 24.89579,55.247168
2026-04-28 06:35:38  INFO      Triggered sd_moi0kla31yfygbskzz  ('mosque' @ 24.89579,55.247168)
2026-04-28 06:35:39  INFO      [sd_moi0kla31yfygbskzz] Status: running
2026-04-28 06:37:59  INFO      [sd_moi0kla31yfygbskzz] Status: ready
2026-04-28 06:38:01  INFO      Skipped 240 duplicate(s)
2026-04-28 06:38:02  INFO      Retrieved 9 record(s) — 15429 total | This run: 3213 / $35.2920 | All-time: $79.3320
2026-04-28 06:38:02  INFO      [112/2274] Processing: 'spa' @ 24.89579,55.247168
2026-04-28 06:38:03  INFO      Triggered sd_moi0noph29ngvdp7jd  ('spa' @ 24.89579,55.247168)
2026-04-28 06:38:03  INFO      [sd_moi0noph29ngvdp7jd] Status: running
2026-04-28 06:41:44  INFO      [sd_moi0noph29ngvdp7jd] Status: ready
2026-04-28 06:41:46  INFO      Skipped 263 duplicate(s)
2026-04-28 06:41:46  INFO      Retrieved 18 record(s) — 15447 total | This run: 3231 / $35.7135 | All-time: $79.7535
2026-04-28 06:41:46  INFO      [113/2274] Processing: 'cinema' @ 24.89579,55.247168
2026-04-28 06:41:47  INFO      Triggered sd_moi0si031s44c5f8qh  ('cinema' @ 24.89579,55.247168)
2026-04-28 06:41:48  INFO      [sd_moi0si031s44c5f8qh] Status: starting
2026-04-28 06:41:54  INFO      [sd_moi0si031s44c5f8qh] Status: running
2026-04-28 06:46:13  INFO      [sd_moi0si031s44c5f8qh] Status: ready
2026-04-28 06:46:15  INFO      Skipped 134 duplicate(s)
2026-04-28 06:46:16  INFO      Retrieved 10 record(s) — 15457 total | This run: 3241 / $35.9295 | All-time: $79.9695
2026-04-28 06:46:16  INFO      [114/2274] Processing: 'bakery' @ 24.89579,55.247168
2026-04-28 06:46:17  INFO      Triggered sd_moi0y9wv2fgxm1i375  ('bakery' @ 24.89579,55.247168)
2026-04-28 06:46:17  INFO      [sd_moi0y9wv2fgxm1i375] Status: running
2026-04-28 06:51:04  INFO      [sd_moi0y9wv2fgxm1i375] Status: ready
2026-04-28 06:51:06  INFO      Skipped 193 duplicate(s)
2026-04-28 06:51:06  INFO      Retrieved 6 record(s) — 15463 total | This run: 3247 / $36.2280 | All-time: $80.2680
2026-04-28 06:51:06  INFO      [115/2274] Processing: 'pharmacy' @ 24.89579,55.247168
2026-04-28 06:51:07  INFO      Triggered sd_moi14ia91xburgvi4f  ('pharmacy' @ 24.89579,55.247168)
2026-04-28 06:51:08  INFO      [sd_moi14ia91xburgvi4f] Status: running
2026-04-28 06:57:28  INFO      [sd_moi14ia91xburgvi4f] Status: ready
2026-04-28 06:57:29  INFO      Skipped 179 duplicate(s)
2026-04-28 06:57:30  INFO      Retrieved 8 record(s) — 15471 total | This run: 3255 / $36.5085 | All-time: $80.5485
2026-04-28 06:57:30  INFO      [116/2274] Processing: 'clinic' @ 24.89579,55.247168
2026-04-28 06:57:31  INFO      Triggered sd_moi1cq9r1s51tu7j4b  ('clinic' @ 24.89579,55.247168)
2026-04-28 06:57:32  INFO      [sd_moi1cq9r1s51tu7j4b] Status: running
2026-04-28 07:02:38  INFO      [sd_moi1cq9r1s51tu7j4b] Status: ready
2026-04-28 07:02:40  INFO      Skipped 212 duplicate(s)
2026-04-28 07:02:41  INFO      Retrieved 13 record(s) — 15484 total | This run: 3268 / $36.8460 | All-time: $80.8860
2026-04-28 07:02:41  INFO      [117/2274] Processing: 'school' @ 24.89579,55.247168
2026-04-28 07:02:42  INFO      Triggered sd_moi1je6kxfcbv61r8  ('school' @ 24.89579,55.247168)
2026-04-28 07:02:43  INFO      [sd_moi1je6kxfcbv61r8] Status: running
2026-04-28 07:05:28  INFO      [sd_moi1je6kxfcbv61r8] Status: ready
2026-04-28 07:05:30  INFO      Skipped 181 duplicate(s)
2026-04-28 07:05:30  INFO      Retrieved 7 record(s) — 15491 total | This run: 3275 / $37.1280 | All-time: $81.1680
2026-04-28 07:05:30  INFO      [118/2274] Processing: 'bank' @ 24.89579,55.247168
2026-04-28 07:05:31  INFO      Triggered sd_moi1n0q2vbcht3x6k  ('bank' @ 24.89579,55.247168)
2026-04-28 07:05:32  INFO      [sd_moi1n0q2vbcht3x6k] Status: running
2026-04-28 07:07:59  INFO      [sd_moi1n0q2vbcht3x6k] Status: ready
2026-04-28 07:08:01  INFO      Skipped 106 duplicate(s)
2026-04-28 07:08:01  INFO      Retrieved 17 record(s) — 15508 total | This run: 3292 / $37.3125 | All-time: $81.3525
2026-04-28 07:08:01  INFO      [119/2274] Processing: 'supermarket' @ 24.89579,55.247168
2026-04-28 07:08:03  INFO      Triggered sd_moi1qa8v20nr27ve1u  ('supermarket' @ 24.89579,55.247168)
2026-04-28 07:08:04  INFO      [sd_moi1qa8v20nr27ve1u] Status: running
2026-04-28 07:12:14  INFO      [sd_moi1qa8v20nr27ve1u] Status: ready
2026-04-28 07:12:16  INFO      Skipped 166 duplicate(s)
2026-04-28 07:12:17  INFO      Retrieved 22 record(s) — 15530 total | This run: 3314 / $37.5945 | All-time: $81.6345
2026-04-28 07:12:17  INFO      [120/2274] Processing: 'restaurant' @ 24.963358,54.949136
2026-04-28 07:12:18  INFO      Triggered sd_moi1vqqr1kh0cvj4il  ('restaurant' @ 24.963358,54.949136)
2026-04-28 07:12:19  INFO      [sd_moi1vqqr1kh0cvj4il] Status: running
2026-04-28 07:18:59  INFO      [sd_moi1vqqr1kh0cvj4il] Status: ready
2026-04-28 07:19:01  INFO      Skipped 203 duplicate(s)
2026-04-28 07:19:02  INFO      Retrieved 55 record(s) — 15585 total | This run: 3369 / $37.9815 | All-time: $82.0215
2026-04-28 07:19:02  INFO      [121/2274] Processing: 'cafe' @ 24.963358,54.949136
2026-04-28 07:19:03  INFO      Triggered sd_moi24f8e2dvzth3pqj  ('cafe' @ 24.963358,54.949136)
2026-04-28 07:19:04  INFO      [sd_moi24f8e2dvzth3pqj] Status: running
2026-04-28 07:23:02  INFO      [sd_moi24f8e2dvzth3pqj] Status: ready
2026-04-28 07:23:04  INFO      Skipped 285 duplicate(s)
2026-04-28 07:23:05  INFO      Retrieved 64 record(s) — 15649 total | This run: 3433 / $38.5050 | All-time: $82.5450
2026-04-28 07:23:05  INFO      [122/2274] Processing: 'hotel' @ 24.963358,54.949136
2026-04-28 07:23:06  INFO      Triggered sd_moi29mci10ga5y2agx  ('hotel' @ 24.963358,54.949136)
2026-04-28 07:23:06  INFO      [sd_moi29mci10ga5y2agx] Status: running
2026-04-28 07:25:08  INFO      [sd_moi29mci10ga5y2agx] Status: ready
2026-04-28 07:25:09  INFO      Skipped 11 duplicate(s)
2026-04-28 07:25:09  INFO      Retrieved 0 record(s) — 15649 total | This run: 3433 / $38.5215 | All-time: $82.5615
2026-04-28 07:25:09  INFO      [123/2274] Processing: 'mall' @ 24.963358,54.949136
2026-04-28 07:25:11  INFO      Triggered sd_moi2casm1cdlyj01gc  ('mall' @ 24.963358,54.949136)
2026-04-28 07:25:11  INFO      [sd_moi2casm1cdlyj01gc] Status: running
2026-04-28 07:29:16  INFO      [sd_moi2casm1cdlyj01gc] Status: ready
2026-04-28 07:29:18  INFO      Skipped 158 duplicate(s)
2026-04-28 07:29:19  INFO      Retrieved 13 record(s) — 15662 total | This run: 3446 / $38.7780 | All-time: $82.8180
2026-04-28 07:29:19  INFO      [124/2274] Processing: 'gym' @ 24.963358,54.949136
2026-04-28 07:29:20  INFO      Triggered sd_moi2hmx41fjjz064wl  ('gym' @ 24.963358,54.949136)
2026-04-28 07:29:20  INFO      [sd_moi2hmx41fjjz064wl] Status: running
2026-04-28 07:36:10  INFO      [sd_moi2hmx41fjjz064wl] Status: ready
2026-04-28 07:36:12  INFO      Skipped 349 duplicate(s)
2026-04-28 07:36:12  INFO      Retrieved 24 record(s) — 15686 total | This run: 3470 / $39.3375 | All-time: $83.3775
2026-04-28 07:36:12  INFO      [125/2274] Processing: 'hospital' @ 24.963358,54.949136
2026-04-28 07:36:13  INFO      Triggered sd_moi2qi5x26gz3k1srq  ('hospital' @ 24.963358,54.949136)
2026-04-28 07:36:14  INFO      [sd_moi2qi5x26gz3k1srq] Status: running
2026-04-28 07:39:38  INFO      [sd_moi2qi5x26gz3k1srq] Status: ready
2026-04-28 07:39:40  INFO      Skipped 91 duplicate(s)
2026-04-28 07:39:41  INFO      Retrieved 4 record(s) — 15690 total | This run: 3474 / $39.4800 | All-time: $83.5200
2026-04-28 07:39:41  INFO      [126/2274] Processing: 'mosque' @ 24.963358,54.949136
2026-04-28 07:39:42  INFO      Triggered sd_moi2uytd2did40ymjs  ('mosque' @ 24.963358,54.949136)
2026-04-28 07:39:42  INFO      [sd_moi2uytd2did40ymjs] Status: running
2026-04-28 07:42:20  INFO      [sd_moi2uytd2did40ymjs] Status: ready
2026-04-28 07:42:22  INFO      Skipped 309 duplicate(s)
2026-04-28 07:42:23  INFO      Retrieved 16 record(s) — 15706 total | This run: 3490 / $39.9675 | All-time: $84.0075
2026-04-28 07:42:23  INFO      [127/2274] Processing: 'spa' @ 24.963358,54.949136
2026-04-28 07:42:24  INFO      Triggered sd_moi2yfw11skp6crmyd  ('spa' @ 24.963358,54.949136)
2026-04-28 07:42:24  INFO      [sd_moi2yfw11skp6crmyd] Status: running
2026-04-28 07:48:33  INFO      [sd_moi2yfw11skp6crmyd] Status: ready
2026-04-28 07:48:35  INFO      Skipped 356 duplicate(s)
2026-04-28 07:48:36  INFO      Retrieved 14 record(s) — 15720 total | This run: 3504 / $40.5225 | All-time: $84.5625
2026-04-28 07:48:36  INFO      [128/2274] Processing: 'cinema' @ 24.963358,54.949136
2026-04-28 07:48:37  INFO      Triggered sd_moi36fud1uy513sqm7  ('cinema' @ 24.963358,54.949136)
2026-04-28 07:48:38  INFO      [sd_moi36fud1uy513sqm7] Status: running
2026-04-28 07:55:08  INFO      [sd_moi36fud1uy513sqm7] Status: ready
2026-04-28 07:55:11  INFO      Skipped 94 duplicate(s)
2026-04-28 07:55:11  INFO      Retrieved 1 record(s) — 15721 total | This run: 3505 / $40.6650 | All-time: $84.7050
2026-04-28 07:55:11  INFO      [129/2274] Processing: 'bakery' @ 24.963358,54.949136
2026-04-28 07:55:12  INFO      Triggered sd_moi3ewzb2q64xyo8l0  ('bakery' @ 24.963358,54.949136)
2026-04-28 07:55:13  INFO      [sd_moi3ewzb2q64xyo8l0] Status: running
2026-04-28 07:59:37  INFO      [sd_moi3ewzb2q64xyo8l0] Status: ready
2026-04-28 07:59:39  INFO      Skipped 271 duplicate(s)
2026-04-28 07:59:40  INFO      Retrieved 37 record(s) — 15758 total | This run: 3542 / $41.1270 | All-time: $85.1670
2026-04-28 07:59:40  INFO      [130/2274] Processing: 'pharmacy' @ 24.963358,54.949136
2026-04-28 07:59:41  INFO      Triggered sd_moi3ko395759533ip  ('pharmacy' @ 24.963358,54.949136)
2026-04-28 07:59:41  INFO      [sd_moi3ko395759533ip] Status: running
2026-04-28 08:02:14  INFO      [sd_moi3ko395759533ip] Status: ready
2026-04-28 08:02:16  INFO      Skipped 276 duplicate(s)
2026-04-28 08:02:17  INFO      Retrieved 35 record(s) — 15793 total | This run: 3577 / $41.5935 | All-time: $85.6335
2026-04-28 08:02:17  INFO      [131/2274] Processing: 'clinic' @ 24.963358,54.949136
2026-04-28 08:02:18  INFO      Triggered sd_moi3o1541nkpf552ws  ('clinic' @ 24.963358,54.949136)
2026-04-28 08:02:18  INFO      [sd_moi3o1541nkpf552ws] Status: running
2026-04-28 08:06:53  INFO      [sd_moi3o1541nkpf552ws] Status: ready
2026-04-28 08:06:55  INFO      Skipped 225 duplicate(s)
2026-04-28 08:06:56  INFO      Retrieved 11 record(s) — 15804 total | This run: 3588 / $41.9475 | All-time: $85.9875
2026-04-28 08:06:56  INFO      [132/2274] Processing: 'school' @ 24.963358,54.949136
2026-04-28 08:06:56  INFO      Triggered sd_moi3u0edqxw1su3n6  ('school' @ 24.963358,54.949136)
2026-04-28 08:06:57  INFO      [sd_moi3u0edqxw1su3n6] Status: running
2026-04-28 08:13:30  INFO      [sd_moi3u0edqxw1su3n6] Status: ready
2026-04-28 08:13:32  INFO      Skipped 214 duplicate(s)
2026-04-28 08:13:32  INFO      Retrieved 17 record(s) — 15821 total | This run: 3605 / $42.2940 | All-time: $86.3340
2026-04-28 08:13:32  INFO      [133/2274] Processing: 'bank' @ 24.963358,54.949136
2026-04-28 08:13:33  INFO      Triggered sd_moi42ine20enab3lx4  ('bank' @ 24.963358,54.949136)
2026-04-28 08:13:34  INFO      [sd_moi42ine20enab3lx4] Status: running
2026-04-28 08:15:31  INFO      [sd_moi42ine20enab3lx4] Status: ready
2026-04-28 08:15:33  INFO      Skipped 97 duplicate(s)
2026-04-28 08:15:33  INFO      Retrieved 14 record(s) — 15835 total | This run: 3619 / $42.4605 | All-time: $86.5005
2026-04-28 08:15:33  INFO      [134/2274] Processing: 'supermarket' @ 24.963358,54.949136
2026-04-28 08:15:34  INFO      Triggered sd_moi453tuawl736m82  ('supermarket' @ 24.963358,54.949136)
2026-04-28 08:15:35  INFO      [sd_moi453tuawl736m82] Status: running
2026-04-28 08:22:24  INFO      [sd_moi453tuawl736m82] Status: ready
2026-04-28 08:22:26  INFO      Skipped 277 duplicate(s)
2026-04-28 08:22:27  INFO      Retrieved 49 record(s) — 15884 total | This run: 3668 / $42.9495 | All-time: $86.9895
2026-04-28 08:22:27  INFO      [135/2274] Processing: 'restaurant' @ 24.963358,55.023644
2026-04-28 08:22:28  INFO      Triggered sd_moi4dyzo1mjxoz07ca  ('restaurant' @ 24.963358,55.023644)
2026-04-28 08:22:29  INFO      [sd_moi4dyzo1mjxoz07ca] Status: running
2026-04-28 08:26:01  INFO      [sd_moi4dyzo1mjxoz07ca] Status: ready
2026-04-28 08:26:04  INFO      Skipped 170 duplicate(s)
2026-04-28 08:26:04  INFO      Retrieved 33 record(s) — 15917 total | This run: 3701 / $43.2540 | All-time: $87.2940
2026-04-28 08:26:04  INFO      [136/2274] Processing: 'cafe' @ 24.963358,55.023644
2026-04-28 08:26:05  INFO      Triggered sd_moi4imr227h3bqbg5q  ('cafe' @ 24.963358,55.023644)
2026-04-28 08:26:06  INFO      [sd_moi4imr227h3bqbg5q] Status: running
2026-04-28 08:30:47  INFO      [sd_moi4imr227h3bqbg5q] Status: ready
2026-04-28 08:30:49  INFO      Skipped 205 duplicate(s)
2026-04-28 08:30:50  INFO      Retrieved 13 record(s) — 15930 total | This run: 3714 / $43.5810 | All-time: $87.6210
2026-04-28 08:30:50  INFO      [137/2274] Processing: 'hotel' @ 24.963358,55.023644
2026-04-28 08:30:51  INFO      Triggered sd_moi4oqzp1zvf1tnin0  ('hotel' @ 24.963358,55.023644)
2026-04-28 08:30:51  INFO      [sd_moi4oqzp1zvf1tnin0] Status: running
2026-04-28 08:39:15  INFO      [sd_moi4oqzp1zvf1tnin0] Status: ready
2026-04-28 08:39:18  INFO      Skipped 115 duplicate(s)
2026-04-28 08:39:18  INFO      Retrieved 353 record(s) — 16283 total | This run: 4067 / $44.2830 | All-time: $88.3230
2026-04-28 08:39:18  INFO      [138/2274] Processing: 'mall' @ 24.963358,55.023644
2026-04-28 08:39:19  INFO      Triggered sd_moi4znc2n3vdi4p5y  ('mall' @ 24.963358,55.023644)
2026-04-28 08:39:20  INFO      [sd_moi4znc2n3vdi4p5y] Status: running
2026-04-28 08:43:24  INFO      [sd_moi4znc2n3vdi4p5y] Status: ready
2026-04-28 08:43:26  INFO      Skipped 160 duplicate(s)
2026-04-28 08:43:27  INFO      Retrieved 13 record(s) — 16296 total | This run: 4080 / $44.5425 | All-time: $88.5825
2026-04-28 08:43:27  INFO      [139/2274] Processing: 'gym' @ 24.963358,55.023644
2026-04-28 08:43:28  INFO      Triggered sd_moi54z0fb86f24a8v  ('gym' @ 24.963358,55.023644)
2026-04-28 08:43:28  INFO      [sd_moi54z0fb86f24a8v] Status: running
2026-04-28 08:47:11  INFO      [sd_moi54z0fb86f24a8v] Status: ready
2026-04-28 08:47:13  INFO      Skipped 247 duplicate(s)
2026-04-28 08:47:14  INFO      Retrieved 20 record(s) — 16316 total | This run: 4100 / $44.9430 | All-time: $88.9830
2026-04-28 08:47:14  INFO      [140/2274] Processing: 'hospital' @ 24.963358,55.023644
2026-04-28 08:47:15  INFO      Triggered sd_moi59u8vu7q6siq9k  ('hospital' @ 24.963358,55.023644)
2026-04-28 08:47:15  INFO      [sd_moi59u8vu7q6siq9k] Status: running
2026-04-28 08:48:25  INFO      [sd_moi59u8vu7q6siq9k] Status: ready
2026-04-28 08:48:27  INFO      Skipped 59 duplicate(s)
2026-04-28 08:48:28  INFO      Retrieved 0 record(s) — 16316 total | This run: 4100 / $45.0315 | All-time: $89.0715
2026-04-28 08:48:28  INFO      [141/2274] Processing: 'mosque' @ 24.963358,55.023644
2026-04-28 08:48:29  INFO      Triggered sd_moi5bfdx1w80a9snx7  ('mosque' @ 24.963358,55.023644)
2026-04-28 08:48:29  INFO      [sd_moi5bfdx1w80a9snx7] Status: running
2026-04-28 08:50:56  INFO      [sd_moi5bfdx1w80a9snx7] Status: ready
2026-04-28 08:50:58  INFO      Skipped 288 duplicate(s)
2026-04-28 08:50:59  INFO      Retrieved 21 record(s) — 16337 total | This run: 4121 / $45.4950 | All-time: $89.5350
2026-04-28 08:50:59  INFO      [142/2274] Processing: 'spa' @ 24.963358,55.023644
2026-04-28 08:51:00  INFO      Triggered sd_moi5enxl1jgw0biz67  ('spa' @ 24.963358,55.023644)
2026-04-28 08:51:01  INFO      [sd_moi5enxl1jgw0biz67] Status: running
2026-04-28 08:54:07  INFO      [sd_moi5enxl1jgw0biz67] Status: ready
2026-04-28 08:54:09  INFO      Skipped 287 duplicate(s)
2026-04-28 08:54:10  INFO      Retrieved 18 record(s) — 16355 total | This run: 4139 / $45.9525 | All-time: $89.9925
2026-04-28 08:54:10  INFO      [143/2274] Processing: 'cinema' @ 24.963358,55.023644
2026-04-28 08:54:11  INFO      Triggered sd_moi5ir8j1wp1cgrphl  ('cinema' @ 24.963358,55.023644)
2026-04-28 08:54:11  INFO      [sd_moi5ir8j1wp1cgrphl] Status: running
2026-04-28 09:03:45  INFO      [sd_moi5ir8j1wp1cgrphl] Status: ready
2026-04-28 09:03:46  INFO      Skipped 69 duplicate(s)
2026-04-28 09:03:47  INFO      Retrieved 7 record(s) — 16362 total | This run: 4146 / $46.0665 | All-time: $90.1065
2026-04-28 09:03:47  INFO      [144/2274] Processing: 'bakery' @ 24.963358,55.023644
2026-04-28 09:03:48  INFO      Triggered sd_moi5v4nymdyinjx8l  ('bakery' @ 24.963358,55.023644)
2026-04-28 09:03:49  INFO      [sd_moi5v4nymdyinjx8l] Status: running
2026-04-28 09:06:56  INFO      [sd_moi5v4nymdyinjx8l] Status: ready
2026-04-28 09:06:57  INFO      Skipped 184 duplicate(s)
2026-04-28 09:06:58  INFO      Retrieved 23 record(s) — 16385 total | This run: 4169 / $46.3770 | All-time: $90.4170
2026-04-28 09:06:58  INFO      [145/2274] Processing: 'pharmacy' @ 24.963358,55.023644
2026-04-28 09:06:59  INFO      Triggered sd_moi5z84u6vellwauj  ('pharmacy' @ 24.963358,55.023644)
2026-04-28 09:07:00  INFO      [sd_moi5z84u6vellwauj] Status: running
2026-04-28 09:11:35  INFO      [sd_moi5z84u6vellwauj] Status: ready
2026-04-28 09:11:36  INFO      Skipped 212 duplicate(s)
2026-04-28 09:11:37  INFO      Retrieved 3 record(s) — 16388 total | This run: 4172 / $46.6995 | All-time: $90.7395
2026-04-28 09:11:37  INFO      [146/2274] Processing: 'clinic' @ 24.963358,55.023644
2026-04-28 09:11:38  INFO      Triggered sd_moi657g52mq4lonkbh  ('clinic' @ 24.963358,55.023644)
2026-04-28 09:11:39  INFO      [sd_moi657g52mq4lonkbh] Status: running
2026-04-28 09:17:42  INFO      [sd_moi657g52mq4lonkbh] Status: ready
2026-04-28 09:17:44  INFO      Skipped 181 duplicate(s)
2026-04-28 09:17:44  INFO      Retrieved 11 record(s) — 16399 total | This run: 4183 / $46.9875 | All-time: $91.0275
2026-04-28 09:17:44  INFO      [147/2274] Processing: 'school' @ 24.963358,55.023644
2026-04-28 09:17:45  INFO      Triggered sd_moi6d2qum4ntwlj4  ('school' @ 24.963358,55.023644)
2026-04-28 09:17:46  INFO      [sd_moi6d2qum4ntwlj4] Status: running
2026-04-28 09:24:35  INFO      [sd_moi6d2qum4ntwlj4] Status: ready
2026-04-28 09:24:37  INFO      Skipped 169 duplicate(s)
2026-04-28 09:24:37  INFO      Retrieved 30 record(s) — 16429 total | This run: 4213 / $47.2860 | All-time: $91.3260
2026-04-28 09:24:37  INFO      [148/2274] Processing: 'bank' @ 24.963358,55.023644
2026-04-28 09:24:38  INFO      Triggered sd_moi6lxa720zrfohr1r  ('bank' @ 24.963358,55.023644)
2026-04-28 09:24:39  INFO      [sd_moi6lxa720zrfohr1r] Status: running
2026-04-28 09:31:14  INFO      [sd_moi6lxa720zrfohr1r] Status: ready
2026-04-28 09:31:16  INFO      Skipped 89 duplicate(s)
2026-04-28 09:31:16  INFO      Retrieved 17 record(s) — 16446 total | This run: 4230 / $47.4450 | All-time: $91.4850
2026-04-28 09:31:16  INFO      [149/2274] Processing: 'supermarket' @ 24.963358,55.023644
2026-04-28 09:31:17  INFO      Triggered sd_moi6uhhr1v41y6j4b  ('supermarket' @ 24.963358,55.023644)
2026-04-28 09:31:18  INFO      [sd_moi6uhhr1v41y6j4b] Status: running
2026-04-28 09:36:37  INFO      [sd_moi6uhhr1v41y6j4b] Status: ready
2026-04-28 09:36:39  INFO      Skipped 223 duplicate(s)
2026-04-28 09:36:40  INFO      Retrieved 9 record(s) — 16455 total | This run: 4239 / $47.7930 | All-time: $91.8330
2026-04-28 09:36:40  INFO      [150/2274] Processing: 'restaurant' @ 24.963358,55.098152
2026-04-28 09:36:41  INFO      Triggered sd_moi71eyjo4nnl4o82  ('restaurant' @ 24.963358,55.098152)
2026-04-28 09:36:42  INFO      [sd_moi71eyjo4nnl4o82] Status: running
2026-04-28 09:43:28  INFO      [sd_moi71eyjo4nnl4o82] Status: ready
2026-04-28 09:43:30  INFO      Skipped 181 duplicate(s)
2026-04-28 09:43:30  INFO      Retrieved 42 record(s) — 16497 total | This run: 4281 / $48.1275 | All-time: $92.1675
2026-04-28 09:43:30  INFO      [151/2274] Processing: 'cafe' @ 24.963358,55.098152
2026-04-28 09:43:31  INFO      Triggered sd_moi7a7kq1uury3og4u  ('cafe' @ 24.963358,55.098152)
2026-04-28 09:43:32  INFO      [sd_moi7a7kq1uury3og4u] Status: running
2026-04-28 09:46:33  INFO      [sd_moi7a7kq1uury3og4u] Status: ready
2026-04-28 09:46:35  INFO      Skipped 177 duplicate(s)
2026-04-28 09:46:36  INFO      Retrieved 26 record(s) — 16523 total | This run: 4307 / $48.4320 | All-time: $92.4720
2026-04-28 09:46:36  INFO      [152/2274] Processing: 'hotel' @ 24.963358,55.098152
2026-04-28 09:46:37  INFO      Triggered sd_moi7e6tddzg8oa214  ('hotel' @ 24.963358,55.098152)
2026-04-28 09:46:38  INFO      [sd_moi7e6tddzg8oa214] Status: running
2026-04-28 09:58:36  INFO      [sd_moi7e6tddzg8oa214] Status: ready
2026-04-28 09:58:37  INFO      Skipped 12 duplicate(s)
2026-04-28 09:58:37  INFO      Retrieved 0 record(s) — 16523 total | This run: 4307 / $48.4500 | All-time: $92.4900
2026-04-28 09:58:37  INFO      [153/2274] Processing: 'mall' @ 24.963358,55.098152
2026-04-28 09:58:38  INFO      Triggered sd_moi7tnkkx37odmijx  ('mall' @ 24.963358,55.098152)
2026-04-28 09:58:39  INFO      [sd_moi7tnkkx37odmijx] Status: running
2026-04-28 10:03:54  INFO      [sd_moi7tnkkx37odmijx] Status: ready
2026-04-28 10:03:56  INFO      Skipped 120 duplicate(s)
2026-04-28 10:03:56  INFO      Retrieved 5 record(s) — 16528 total | This run: 4312 / $48.6375 | All-time: $92.6775
2026-04-28 10:03:56  INFO      [154/2274] Processing: 'gym' @ 24.963358,55.098152
2026-04-28 10:03:57  INFO      Triggered sd_moi80hij2rgm242g9z  ('gym' @ 24.963358,55.098152)
2026-04-28 10:03:58  INFO      [sd_moi80hij2rgm242g9z] Status: running
2026-04-28 10:13:24  INFO      [sd_moi80hij2rgm242g9z] Status: ready
2026-04-28 10:13:26  INFO      Skipped 213 duplicate(s)
2026-04-28 10:13:27  INFO      Retrieved 5 record(s) — 16533 total | This run: 4317 / $48.9645 | All-time: $93.0045
2026-04-28 10:13:27  INFO      [155/2274] Processing: 'hospital' @ 24.963358,55.098152
2026-04-28 10:13:28  INFO      Triggered sd_moi8cpwk1q8r937ct5  ('hospital' @ 24.963358,55.098152)
2026-04-28 10:13:29  INFO      [sd_moi8cpwk1q8r937ct5] Status: running
2026-04-28 10:16:54  INFO      [sd_moi8cpwk1q8r937ct5] Status: ready
2026-04-28 10:16:56  INFO      Skipped 58 duplicate(s)
2026-04-28 10:16:56  INFO      Retrieved 2 record(s) — 16535 total | This run: 4319 / $49.0545 | All-time: $93.0945
2026-04-28 10:16:56  INFO      [156/2274] Processing: 'mosque' @ 24.963358,55.098152
2026-04-28 10:16:57  INFO      Triggered sd_moi8h7oo1cix5gdje8  ('mosque' @ 24.963358,55.098152)
2026-04-28 10:16:58  INFO      [sd_moi8h7oo1cix5gdje8] Status: running
2026-04-28 10:25:08  INFO      [sd_moi8h7oo1cix5gdje8] Status: ready
2026-04-28 10:25:09  INFO      Skipped 217 duplicate(s)
2026-04-28 10:25:10  INFO      Retrieved 1 record(s) — 16536 total | This run: 4320 / $49.3815 | All-time: $93.4215
2026-04-28 10:25:10  INFO      [157/2274] Processing: 'spa' @ 24.963358,55.098152
2026-04-28 10:25:11  INFO      Triggered sd_moi8rsm328mv0qpxlx  ('spa' @ 24.963358,55.098152)
2026-04-28 10:25:12  INFO      [sd_moi8rsm328mv0qpxlx] Status: running
2026-04-28 10:33:42  INFO      [sd_moi8rsm328mv0qpxlx] Status: ready
2026-04-28 10:33:44  INFO      Skipped 225 duplicate(s)
2026-04-28 10:33:45  INFO      Retrieved 3 record(s) — 16539 total | This run: 4323 / $49.7235 | All-time: $93.7635
2026-04-28 10:33:45  INFO      [158/2274] Processing: 'cinema' @ 24.963358,55.098152
2026-04-28 10:33:46  INFO      Triggered sd_moi92tu61qdfwf1y18  ('cinema' @ 24.963358,55.098152)
2026-04-28 10:33:47  INFO      [sd_moi92tu61qdfwf1y18] Status: running
2026-04-28 10:42:28  INFO      [sd_moi92tu61qdfwf1y18] Status: ready
2026-04-28 10:42:30  INFO      Skipped 121 duplicate(s)
2026-04-28 10:42:31  INFO      Retrieved 31 record(s) — 16570 total | This run: 4354 / $49.9515 | All-time: $93.9915
2026-04-28 10:42:31  INFO      [159/2274] Processing: 'bakery' @ 24.963358,55.098152
2026-04-28 10:42:32  INFO      Triggered sd_moi9e3fy1xemjt24q1  ('bakery' @ 24.963358,55.098152)
2026-04-28 10:42:32  INFO      [sd_moi9e3fy1xemjt24q1] Status: running
2026-04-28 10:47:42  INFO      [sd_moi9e3fy1xemjt24q1] Status: ready
2026-04-28 10:47:44  INFO      Skipped 203 duplicate(s)
2026-04-28 10:47:44  INFO      Retrieved 0 record(s) — 16570 total | This run: 4354 / $50.2560 | All-time: $94.2960
2026-04-28 10:47:44  INFO      [160/2274] Processing: 'pharmacy' @ 24.963358,55.098152
2026-04-28 10:47:45  INFO      Triggered sd_moi9ktfx1ewl5jvs5o  ('pharmacy' @ 24.963358,55.098152)
2026-04-28 10:47:46  INFO      [sd_moi9ktfx1ewl5jvs5o] Status: running
2026-04-28 10:56:47  INFO      [sd_moi9ktfx1ewl5jvs5o] Status: ready
2026-04-28 10:56:49  INFO      Skipped 165 duplicate(s)
2026-04-28 10:56:50  INFO      Retrieved 3 record(s) — 16573 total | This run: 4357 / $50.5080 | All-time: $94.5480
2026-04-28 10:56:50  INFO      [161/2274] Processing: 'clinic' @ 24.963358,55.098152
2026-04-28 10:56:51  INFO      Triggered sd_moi9wigdpqqoqeslc  ('clinic' @ 24.963358,55.098152)
2026-04-28 10:56:52  INFO      [sd_moi9wigdpqqoqeslc] Status: running
2026-04-28 10:59:28  INFO      [sd_moi9wigdpqqoqeslc] Status: ready
2026-04-28 10:59:30  INFO      Skipped 192 duplicate(s)
2026-04-28 10:59:31  INFO      Retrieved 21 record(s) — 16594 total | This run: 4378 / $50.8275 | All-time: $94.8675
2026-04-28 10:59:31  INFO      [162/2274] Processing: 'school' @ 24.963358,55.098152
2026-04-28 10:59:32  INFO      Triggered sd_moi9zyi91qxm2l9g7h  ('school' @ 24.963358,55.098152)
2026-04-28 10:59:33  INFO      [sd_moi9zyi91qxm2l9g7h] Status: running
2026-04-28 11:05:36  INFO      [sd_moi9zyi91qxm2l9g7h] Status: ready
2026-04-28 11:05:38  INFO      Skipped 183 duplicate(s)
2026-04-28 11:05:38  INFO      Retrieved 11 record(s) — 16605 total | This run: 4389 / $51.1185 | All-time: $95.1585
2026-04-28 11:05:38  INFO      [163/2274] Processing: 'bank' @ 24.963358,55.098152
2026-04-28 11:05:39  INFO      Triggered sd_moia7u7o2nh1anlld1  ('bank' @ 24.963358,55.098152)
2026-04-28 11:05:40  INFO      [sd_moia7u7o2nh1anlld1] Status: running
2026-04-28 11:07:42  INFO      [sd_moia7u7o2nh1anlld1] Status: ready
2026-04-28 11:07:44  INFO      Skipped 63 duplicate(s)
2026-04-28 11:07:45  INFO      Retrieved 29 record(s) — 16634 total | This run: 4418 / $51.2565 | All-time: $95.2965
2026-04-28 11:07:45  INFO      [164/2274] Processing: 'supermarket' @ 24.963358,55.098152
2026-04-28 11:07:46  INFO      Triggered sd_moiaajpice2dxfhql  ('supermarket' @ 24.963358,55.098152)
2026-04-28 11:07:47  INFO      [sd_moiaajpice2dxfhql] Status: running
2026-04-28 11:12:20  INFO      [sd_moiaajpice2dxfhql] Status: ready
2026-04-28 11:12:22  INFO      Skipped 170 duplicate(s)
2026-04-28 11:12:23  INFO      Retrieved 34 record(s) — 16668 total | This run: 4452 / $51.5625 | All-time: $95.6025
2026-04-28 11:12:23  INFO      [165/2274] Processing: 'restaurant' @ 24.963358,55.17266
2026-04-28 11:12:23  INFO      Triggered sd_moiagi0h1h44uni3km  ('restaurant' @ 24.963358,55.17266)
2026-04-28 11:12:24  INFO      [sd_moiagi0h1h44uni3km] Status: running
2026-04-28 11:15:42  INFO      [sd_moiagi0h1h44uni3km] Status: ready
2026-04-28 11:15:44  INFO      Skipped 194 duplicate(s)
2026-04-28 11:15:45  INFO      Retrieved 17 record(s) — 16685 total | This run: 4469 / $51.8790 | All-time: $95.9190
2026-04-28 11:15:45  INFO      [166/2274] Processing: 'cafe' @ 24.963358,55.17266
2026-04-28 11:15:46  INFO      Triggered sd_moiakuah1dn35yv553  ('cafe' @ 24.963358,55.17266)
2026-04-28 11:15:47  INFO      [sd_moiakuah1dn35yv553] Status: running
2026-04-28 11:20:43  INFO      [sd_moiakuah1dn35yv553] Status: ready
2026-04-28 11:20:45  INFO      Skipped 191 duplicate(s)
2026-04-28 11:20:46  INFO      Retrieved 33 record(s) — 16718 total | This run: 4502 / $52.2150 | All-time: $96.2550
2026-04-28 11:20:46  INFO      [167/2274] Processing: 'hotel' @ 24.963358,55.17266
2026-04-28 11:20:47  INFO      Triggered sd_moiaranq1vybeoyf76  ('hotel' @ 24.963358,55.17266)
2026-04-28 11:20:48  INFO      [sd_moiaranq1vybeoyf76] Status: running
2026-04-28 11:23:02  INFO      [sd_moiaranq1vybeoyf76] Status: ready
2026-04-28 11:23:03  INFO      Skipped 19 duplicate(s)
2026-04-28 11:23:04  INFO      Retrieved 0 record(s) — 16718 total | This run: 4502 / $52.2435 | All-time: $96.2835
2026-04-28 11:23:04  INFO      [168/2274] Processing: 'cinema' @ 24.963358,55.17266
2026-04-28 11:23:05  INFO      Triggered sd_moiau8q315vhi8y64u  ('cinema' @ 24.963358,55.17266)
2026-04-28 11:23:05  INFO      [sd_moiau8q315vhi8y64u] Status: running
2026-04-28 11:28:43  INFO      [sd_moiau8q315vhi8y64u] Status: ready
2026-04-28 11:28:44  INFO      Skipped 100 duplicate(s)
2026-04-28 11:28:45  INFO      Retrieved 10 record(s) — 16728 total | This run: 4512 / $52.4085 | All-time: $96.4485
2026-04-28 11:28:45  INFO      [169/2274] Processing: 'bakery' @ 24.963358,55.17266
2026-04-28 11:28:46  INFO      Triggered sd_moib1k2b12evg5haha  ('bakery' @ 24.963358,55.17266)
2026-04-28 11:28:47  INFO      [sd_moib1k2b12evg5haha] Status: running
2026-04-28 11:36:34  INFO      [sd_moib1k2b12evg5haha] Status: ready
2026-04-28 11:36:37  INFO      Skipped 211 duplicate(s)
2026-04-28 11:36:37  INFO      Retrieved 6 record(s) — 16734 total | This run: 4518 / $52.7340 | All-time: $96.7740
2026-04-28 11:36:37  INFO      [170/2274] Processing: 'pharmacy' @ 24.963358,55.17266
2026-04-28 11:36:38  INFO      Triggered sd_moibbojf120wdf7ttf  ('pharmacy' @ 24.963358,55.17266)
2026-04-28 11:36:39  INFO      [sd_moibbojf120wdf7ttf] Status: running
2026-04-28 11:42:11  INFO      [sd_moibbojf120wdf7ttf] Status: ready
2026-04-28 11:42:13  INFO      Skipped 243 duplicate(s)
2026-04-28 11:42:14  INFO      Retrieved 5 record(s) — 16739 total | This run: 4523 / $53.1060 | All-time: $97.1460
2026-04-28 11:42:14  INFO      [171/2274] Processing: 'clinic' @ 24.963358,55.17266
2026-04-28 11:42:15  INFO      Triggered sd_moibiw9cl1p2bsgng  ('clinic' @ 24.963358,55.17266)
2026-04-28 11:42:16  INFO      [sd_moibiw9cl1p2bsgng] Status: running
2026-04-28 11:45:04  INFO      [sd_moibiw9cl1p2bsgng] Status: ready
2026-04-28 11:45:06  INFO      Skipped 198 duplicate(s)
2026-04-28 11:45:06  INFO      Retrieved 23 record(s) — 16762 total | This run: 4546 / $53.4375 | All-time: $97.4775
2026-04-28 11:45:06  INFO      [172/2274] Processing: 'school' @ 24.963358,55.17266
2026-04-28 11:45:07  INFO      Triggered sd_moibmld28vbtepvsz  ('school' @ 24.963358,55.17266)
2026-04-28 11:45:08  INFO      [sd_moibmld28vbtepvsz] Status: running
2026-04-28 11:48:31  INFO      [sd_moibmld28vbtepvsz] Status: ready
2026-04-28 11:48:33  INFO      Skipped 182 duplicate(s)
2026-04-28 11:48:34  INFO      Retrieved 17 record(s) — 16779 total | This run: 4563 / $53.7360 | All-time: $97.7760
2026-04-28 11:48:34  INFO      [173/2274] Processing: 'bank' @ 24.963358,55.17266
2026-04-28 11:48:35  INFO      Triggered sd_moibr1byv4pexh2vw  ('bank' @ 24.963358,55.17266)
2026-04-28 11:48:36  INFO      [sd_moibr1byv4pexh2vw] Status: running
2026-04-28 11:56:05  INFO      [sd_moibr1byv4pexh2vw] Status: ready
2026-04-28 11:56:06  INFO      Skipped 80 duplicate(s)
2026-04-28 11:56:07  INFO      Retrieved 54 record(s) — 16833 total | This run: 4617 / $53.9370 | All-time: $97.9770
2026-04-28 11:56:07  INFO      [174/2274] Processing: 'supermarket' @ 24.963358,55.17266
2026-04-28 11:56:08  INFO      Triggered sd_moic0rbz2r6vkq1v7u  ('supermarket' @ 24.963358,55.17266)
2026-04-28 11:56:09  INFO      [sd_moic0rbz2r6vkq1v7u] Status: running
2026-04-28 12:00:03  INFO      [sd_moic0rbz2r6vkq1v7u] Status: ready
2026-04-28 12:00:05  INFO      Skipped 205 duplicate(s)
2026-04-28 12:00:06  INFO      Retrieved 32 record(s) — 16865 total | This run: 4649 / $54.2925 | All-time: $98.3325
2026-04-28 12:00:06  INFO      [175/2274] Processing: 'restaurant' @ 24.963358,55.247168
2026-04-28 12:00:07  INFO      Triggered sd_moic5vis115s7micx7  ('restaurant' @ 24.963358,55.247168)
2026-04-28 12:00:08  INFO      [sd_moic5vis115s7micx7] Status: running
2026-04-28 12:07:15  INFO      [sd_moic5vis115s7micx7] Status: ready
2026-04-28 12:07:18  INFO      Skipped 203 duplicate(s)
2026-04-28 12:07:18  INFO      Retrieved 51 record(s) — 16916 total | This run: 4700 / $54.6735 | All-time: $98.7135
2026-04-28 12:07:18  INFO      [176/2274] Processing: 'cafe' @ 24.963358,55.247168
2026-04-28 12:07:19  INFO      Triggered sd_moicf56e209bxsi4v0  ('cafe' @ 24.963358,55.247168)
2026-04-28 12:07:20  INFO      [sd_moicf56e209bxsi4v0] Status: running
2026-04-28 12:12:02  INFO      [sd_moicf56e209bxsi4v0] Status: ready
2026-04-28 12:12:04  INFO      Skipped 221 duplicate(s)
2026-04-28 12:12:05  INFO      Retrieved 26 record(s) — 16942 total | This run: 4726 / $55.0440 | All-time: $99.0840
2026-04-28 12:12:05  INFO      [177/2274] Processing: 'hotel' @ 24.963358,55.247168
2026-04-28 12:12:06  INFO      Triggered sd_moiclae1ab6ryurt3  ('hotel' @ 24.963358,55.247168)
2026-04-28 12:12:07  INFO      [sd_moiclae1ab6ryurt3] Status: running
2026-04-28 12:13:58  INFO      [sd_moiclae1ab6ryurt3] Status: ready
2026-04-28 12:14:00  INFO      Skipped 58 duplicate(s)
2026-04-28 12:14:00  INFO      Retrieved 37 record(s) — 16979 total | This run: 4763 / $55.1865 | All-time: $99.2265
2026-04-28 12:14:00  INFO      [178/2274] Processing: 'mall' @ 24.963358,55.247168
2026-04-28 12:14:01  INFO      Triggered sd_moicnrbw1pi8m3sccl  ('mall' @ 24.963358,55.247168)
2026-04-28 12:14:02  INFO      [sd_moicnrbw1pi8m3sccl] Status: running
2026-04-28 12:18:43  INFO      [sd_moicnrbw1pi8m3sccl] Status: ready
2026-04-28 12:18:45  INFO      Skipped 116 duplicate(s)
2026-04-28 12:18:46  INFO      Retrieved 22 record(s) — 17001 total | This run: 4785 / $55.3935 | All-time: $99.4335
2026-04-28 12:18:46  INFO      [179/2274] Processing: 'gym' @ 24.963358,55.247168
2026-04-28 12:18:47  INFO      Triggered sd_moictvn6re4wluvix  ('gym' @ 24.963358,55.247168)
2026-04-28 12:18:48  INFO      [sd_moictvn6re4wluvix] Status: running
2026-04-28 12:25:15  INFO      [sd_moictvn6re4wluvix] Status: ready
2026-04-28 12:25:17  INFO      Skipped 254 duplicate(s)
2026-04-28 12:25:18  INFO      Retrieved 19 record(s) — 17020 total | This run: 4804 / $55.8030 | All-time: $99.8430
2026-04-28 12:25:18  INFO      [180/2274] Processing: 'hospital' @ 24.963358,55.247168
2026-04-28 12:25:19  INFO      Triggered sd_moid2a0c1f1bxn5js4  ('hospital' @ 24.963358,55.247168)
2026-04-28 12:25:20  INFO      [sd_moid2a0c1f1bxn5js4] Status: running
2026-04-28 12:28:15  INFO      [sd_moid2a0c1f1bxn5js4] Status: ready
2026-04-28 12:28:16  INFO      Skipped 64 duplicate(s)
2026-04-28 12:28:17  INFO      Retrieved 3 record(s) — 17023 total | This run: 4807 / $55.9035 | All-time: $99.9435
2026-04-28 12:28:17  INFO      [181/2274] Processing: 'mosque' @ 24.963358,55.247168
2026-04-28 12:28:18  INFO      Triggered sd_moid64i0hicudm0dj  ('mosque' @ 24.963358,55.247168)
2026-04-28 12:28:19  INFO      [sd_moid64i0hicudm0dj] Status: running
2026-04-28 12:33:29  INFO      [sd_moid64i0hicudm0dj] Status: ready
2026-04-28 12:33:32  INFO      Skipped 302 duplicate(s)
2026-04-28 12:33:33  INFO      Retrieved 4 record(s) — 17027 total | This run: 4811 / $56.3625 | All-time: $100.4025
2026-04-28 12:33:33  INFO      [182/2274] Processing: 'spa' @ 24.963358,55.247168
2026-04-28 12:33:34  INFO      Triggered sd_moidcw041srwkuw1p4  ('spa' @ 24.963358,55.247168)
2026-04-28 12:33:35  INFO      [sd_moidcw041srwkuw1p4] Status: running
2026-04-28 12:39:36  INFO      [sd_moidcw041srwkuw1p4] Status: ready
2026-04-28 12:39:38  INFO      Skipped 273 duplicate(s)
2026-04-28 12:39:38  INFO      Retrieved 44 record(s) — 17071 total | This run: 4855 / $56.8380 | All-time: $100.8780
2026-04-28 12:39:38  INFO      [183/2274] Processing: 'cinema' @ 24.963358,55.247168
2026-04-28 12:39:39  INFO      Triggered sd_moidkq101g5o3j23bq  ('cinema' @ 24.963358,55.247168)
2026-04-28 12:39:40  INFO      [sd_moidkq101g5o3j23bq] Status: running
2026-04-28 12:43:10  INFO      [sd_moidkq101g5o3j23bq] Status: ready
2026-04-28 12:43:12  INFO      Skipped 167 duplicate(s)
2026-04-28 12:43:12  INFO      Retrieved 15 record(s) — 17086 total | This run: 4870 / $57.1110 | All-time: $101.1510
2026-04-28 12:43:12  INFO      [184/2274] Processing: 'bakery' @ 24.963358,55.247168
2026-04-28 12:43:13  INFO      Triggered sd_moidpb8r11lxgb8j1l  ('bakery' @ 24.963358,55.247168)
2026-04-28 12:43:14  INFO      [sd_moidpb8r11lxgb8j1l] Status: running
2026-04-28 12:47:59  INFO      [sd_moidpb8r11lxgb8j1l] Status: ready
2026-04-28 12:48:02  INFO      Skipped 205 duplicate(s)
2026-04-28 12:48:03  INFO      Retrieved 10 record(s) — 17096 total | This run: 4880 / $57.4335 | All-time: $101.4735
2026-04-28 12:48:03  INFO      [185/2274] Processing: 'pharmacy' @ 24.963358,55.247168
2026-04-28 12:48:04  INFO      Triggered sd_moidvj3v1ydkl5spj5  ('pharmacy' @ 24.963358,55.247168)
2026-04-28 12:48:04  INFO      [sd_moidvj3v1ydkl5spj5] Status: running
2026-04-28 13:06:39  INFO      [sd_moidvj3v1ydkl5spj5] Status: ready
2026-04-28 13:06:41  INFO      Skipped 180 duplicate(s)
2026-04-28 13:06:41  INFO      Retrieved 19 record(s) — 17115 total | This run: 4899 / $57.7320 | All-time: $101.7720
2026-04-28 13:06:41  INFO      [186/2274] Processing: 'clinic' @ 24.963358,55.247168
2026-04-28 13:06:42  INFO      Triggered sd_moiejicb1mrix2f2ub  ('clinic' @ 24.963358,55.247168)
2026-04-28 13:06:43  INFO      [sd_moiejicb1mrix2f2ub] Status: running
2026-04-28 13:09:08  INFO      [sd_moiejicb1mrix2f2ub] Status: ready
2026-04-28 13:09:10  INFO      Skipped 199 duplicate(s)
2026-04-28 13:09:11  INFO      Retrieved 36 record(s) — 17151 total | This run: 4935 / $58.0845 | All-time: $102.1245
2026-04-28 13:09:11  INFO      [187/2274] Processing: 'school' @ 24.963358,55.247168
2026-04-28 13:09:12  INFO      Triggered sd_moiempscd9gifrroc  ('school' @ 24.963358,55.247168)
2026-04-28 13:09:13  INFO      [sd_moiempscd9gifrroc] Status: running
2026-04-28 13:12:01  INFO      [sd_moiempscd9gifrroc] Status: ready
2026-04-28 13:12:03  INFO      Skipped 198 duplicate(s)
2026-04-28 13:12:04  INFO      Retrieved 13 record(s) — 17164 total | This run: 4948 / $58.4010 | All-time: $102.4410
2026-04-28 13:12:04  INFO      [188/2274] Processing: 'bank' @ 24.963358,55.247168
2026-04-28 13:12:05  INFO      Triggered sd_moieqf9111l8zj13i4  ('bank' @ 24.963358,55.247168)
2026-04-28 13:12:06  INFO      [sd_moieqf9111l8zj13i4] Status: running
2026-04-28 13:15:53  INFO      [sd_moieqf9111l8zj13i4] Status: ready
2026-04-28 13:15:55  INFO      Skipped 97 duplicate(s)
2026-04-28 13:15:55  INFO      Retrieved 28 record(s) — 17192 total | This run: 4976 / $58.5885 | All-time: $102.6285
2026-04-28 13:15:55  INFO      [189/2274] Processing: 'supermarket' @ 24.963358,55.247168
2026-04-28 13:15:56  INFO      Triggered sd_moievdssxrp647jc6  ('supermarket' @ 24.963358,55.247168)
2026-04-28 13:15:57  INFO      [sd_moievdssxrp647jc6] Status: running
2026-04-28 13:18:53  INFO      [sd_moievdssxrp647jc6] Status: ready
2026-04-28 13:18:55  INFO      Skipped 231 duplicate(s)
2026-04-28 13:18:55  INFO      Retrieved 29 record(s) — 17221 total | This run: 5005 / $58.9785 | All-time: $103.0185
2026-04-28 13:18:55  INFO      [190/2274] Processing: 'restaurant' @ 25.030925,54.949136
2026-04-28 13:18:56  INFO      Triggered sd_moiez8tgl4qjaeq5  ('restaurant' @ 25.030925,54.949136)
2026-04-28 13:18:57  INFO      [sd_moiez8tgl4qjaeq5] Status: running
2026-04-28 13:22:34  INFO      [sd_moiez8tgl4qjaeq5] Status: ready
2026-04-28 13:22:36  INFO      Skipped 220 duplicate(s)
2026-04-28 13:22:37  INFO      Retrieved 47 record(s) — 17268 total | This run: 5052 / $59.3790 | All-time: $103.4190
2026-04-28 13:22:37  INFO      [191/2274] Processing: 'cafe' @ 25.030925,54.949136
2026-04-28 13:22:38  INFO      Triggered sd_moif3zim11lf862jj7  ('cafe' @ 25.030925,54.949136)
2026-04-28 13:22:38  INFO      [sd_moif3zim11lf862jj7] Status: running
2026-04-28 13:28:46  INFO      [sd_moif3zim11lf862jj7] Status: ready
2026-04-28 13:28:49  INFO      Skipped 313 duplicate(s)
2026-04-28 13:28:49  INFO      Retrieved 42 record(s) — 17310 total | This run: 5094 / $59.9115 | All-time: $103.9515
2026-04-28 13:28:49  INFO      [192/2274] Processing: 'hotel' @ 25.030925,54.949136
2026-04-28 13:28:50  INFO      Triggered sd_moifbz2j2p287dvavk  ('hotel' @ 25.030925,54.949136)
2026-04-28 13:28:51  INFO      [sd_moifbz2j2p287dvavk] Status: running
2026-04-28 13:29:55  INFO      [sd_moifbz2j2p287dvavk] Status: ready
2026-04-28 13:29:56  INFO      Skipped 7 duplicate(s)
2026-04-28 13:29:57  INFO      Retrieved 0 record(s) — 17310 total | This run: 5094 / $59.9220 | All-time: $103.9620
2026-04-28 13:29:57  INFO      [193/2274] Processing: 'mall' @ 25.030925,54.949136
2026-04-28 13:29:58  INFO      Triggered sd_moifdf9vldpv8a9xq  ('mall' @ 25.030925,54.949136)
2026-04-28 13:29:59  INFO      [sd_moifdf9vldpv8a9xq] Status: running
2026-04-28 13:33:35  INFO      [sd_moifdf9vldpv8a9xq] Status: ready
2026-04-28 13:33:37  INFO      Skipped 193 duplicate(s)
2026-04-28 13:33:37  INFO      Retrieved 16 record(s) — 17326 total | This run: 5110 / $60.2355 | All-time: $104.2755
2026-04-28 13:33:37  INFO      [194/2274] Processing: 'gym' @ 25.030925,54.949136
2026-04-28 13:33:38  INFO      Triggered sd_moifi5di1150p5tyyb  ('gym' @ 25.030925,54.949136)
2026-04-28 13:33:39  INFO      [sd_moifi5di1150p5tyyb] Status: running
2026-04-28 13:43:15  INFO      [sd_moifi5di1150p5tyyb] Status: ready
2026-04-28 13:43:17  INFO      Skipped 371 duplicate(s)
2026-04-28 13:43:18  INFO      Retrieved 4 record(s) — 17330 total | This run: 5114 / $60.7980 | All-time: $104.8380
2026-04-28 13:43:18  INFO      [195/2274] Processing: 'hospital' @ 25.030925,54.949136
2026-04-28 13:43:19  INFO      Triggered sd_moifullg2gxy8s5mae  ('hospital' @ 25.030925,54.949136)
2026-04-28 13:43:20  INFO      [sd_moifullg2gxy8s5mae] Status: running
2026-04-28 13:45:57  INFO      [sd_moifullg2gxy8s5mae] Status: ready
2026-04-28 13:45:58  INFO      Skipped 91 duplicate(s)
2026-04-28 13:45:59  INFO      Retrieved 2 record(s) — 17332 total | This run: 5116 / $60.9375 | All-time: $104.9775
2026-04-28 13:45:59  INFO      [196/2274] Processing: 'mosque' @ 25.030925,54.949136
2026-04-28 13:46:00  INFO      Triggered sd_moify1ng1h0x82n1yp  ('mosque' @ 25.030925,54.949136)
2026-04-28 13:46:01  INFO      [sd_moify1ng1h0x82n1yp] Status: running
2026-04-28 13:50:52  INFO      [sd_moify1ng1h0x82n1yp] Status: ready
2026-04-28 13:50:55  INFO      Skipped 329 duplicate(s)
2026-04-28 13:50:55  INFO      Retrieved 7 record(s) — 17339 total | This run: 5123 / $61.4415 | All-time: $105.4815
2026-04-28 13:50:55  INFO      [197/2274] Processing: 'spa' @ 25.030925,54.949136
2026-04-28 13:50:56  INFO      Triggered sd_moig4e607wytyv1ik  ('spa' @ 25.030925,54.949136)
2026-04-28 13:50:57  INFO      [sd_moig4e607wytyv1ik] Status: running
2026-04-28 13:58:01  INFO      [sd_moig4e607wytyv1ik] Status: ready
2026-04-28 13:58:04  INFO      Skipped 366 duplicate(s)
2026-04-28 13:58:04  INFO      Retrieved 5 record(s) — 17344 total | This run: 5128 / $61.9980 | All-time: $106.0380
2026-04-28 13:58:04  INFO      [198/2274] Processing: 'cinema' @ 25.030925,54.949136
2026-04-28 13:58:05  INFO      Triggered sd_moigdlaj1q9rarj15d  ('cinema' @ 25.030925,54.949136)
2026-04-28 13:58:06  INFO      [sd_moigdlaj1q9rarj15d] Status: running
2026-04-28 14:00:21  INFO      [sd_moigdlaj1q9rarj15d] Status: ready
2026-04-28 14:00:22  INFO      Skipped 103 duplicate(s)
2026-04-28 14:00:23  INFO      Retrieved 1 record(s) — 17345 total | This run: 5129 / $62.1540 | All-time: $106.1940
2026-04-28 14:00:23  INFO      [199/2274] Processing: 'bakery' @ 25.030925,54.949136
2026-04-28 14:00:24  INFO      Triggered sd_moiggk8oyf7smyrj4  ('bakery' @ 25.030925,54.949136)
2026-04-28 14:00:25  INFO      [sd_moiggk8oyf7smyrj4] Status: running
2026-04-28 14:06:58  INFO      [sd_moiggk8oyf7smyrj4] Status: ready
2026-04-28 14:07:00  INFO      Skipped 309 duplicate(s)
2026-04-28 14:07:01  INFO      Retrieved 32 record(s) — 17377 total | This run: 5161 / $62.6655 | All-time: $106.7055
2026-04-28 14:07:01  INFO      [200/2274] Processing: 'pharmacy' @ 25.030925,54.949136
2026-04-28 14:07:02  INFO      Triggered sd_moigp3bs2rgwg8v7rg  ('pharmacy' @ 25.030925,54.949136)
2026-04-28 14:07:03  INFO      [sd_moigp3bs2rgwg8v7rg] Status: running
2026-04-28 14:11:10  INFO      [sd_moigp3bs2rgwg8v7rg] Status: ready
2026-04-28 14:11:12  INFO      Skipped 317 duplicate(s)
2026-04-28 14:11:13  INFO      Retrieved 23 record(s) — 17400 total | This run: 5184 / $63.1755 | All-time: $107.2155
2026-04-28 14:11:13  INFO      [201/2274] Processing: 'clinic' @ 25.030925,54.949136
2026-04-28 14:11:14  INFO      Triggered sd_moiguhf31z01f4n2dt  ('clinic' @ 25.030925,54.949136)
2026-04-28 14:11:14  INFO      [sd_moiguhf31z01f4n2dt] Status: running
2026-04-28 14:14:33  INFO      [sd_moiguhf31z01f4n2dt] Status: ready
2026-04-28 14:14:35  INFO      Skipped 287 duplicate(s)
2026-04-28 14:14:36  INFO      Retrieved 33 record(s) — 17433 total | This run: 5217 / $63.6555 | All-time: $107.6955
2026-04-28 14:14:36  INFO      [202/2274] Processing: 'school' @ 25.030925,54.949136
2026-04-28 14:14:37  INFO      Triggered sd_moigyu2n4qah7hdg7  ('school' @ 25.030925,54.949136)
2026-04-28 14:14:37  INFO      [sd_moigyu2n4qah7hdg7] Status: running
2026-04-28 14:18:31  INFO      [sd_moigyu2n4qah7hdg7] Status: ready
2026-04-28 14:18:36  INFO      Retrieved 1 record(s) — 17434 total | This run: 5218 / $63.6570 | All-time: $107.6970
2026-04-28 14:18:36  INFO      [203/2274] Processing: 'bank' @ 25.030925,54.949136
2026-04-28 14:18:37  INFO      Triggered sd_moih3zhqtryxao4h1  ('bank' @ 25.030925,54.949136)
2026-04-28 14:18:38  INFO      [sd_moih3zhqtryxao4h1] Status: running
2026-04-28 14:21:16  INFO      [sd_moih3zhqtryxao4h1] Status: ready
2026-04-28 14:21:17  INFO      Skipped 121 duplicate(s)
2026-04-28 14:21:18  INFO      Retrieved 13 record(s) — 17447 total | This run: 5231 / $63.8580 | All-time: $107.8980
2026-04-28 14:21:18  INFO      [204/2274] Processing: 'supermarket' @ 25.030925,54.949136
2026-04-28 14:21:19  INFO      Triggered sd_moih7gpa2g5au1e8l  ('supermarket' @ 25.030925,54.949136)
2026-04-28 14:21:20  INFO      [sd_moih7gpa2g5au1e8l] Status: running
2026-04-28 14:25:20  INFO      [sd_moih7gpa2g5au1e8l] Status: ready
2026-04-28 14:25:22  INFO      Skipped 319 duplicate(s)
2026-04-28 14:25:22  INFO      Retrieved 17 record(s) — 17464 total | This run: 5248 / $64.3620 | All-time: $108.4020
2026-04-28 14:25:22  INFO      [205/2274] Processing: 'restaurant' @ 25.030925,55.023644
2026-04-28 14:25:23  INFO      Triggered sd_moihcp7jswpx5g9ie  ('restaurant' @ 25.030925,55.023644)
2026-04-28 14:25:24  INFO      [sd_moihcp7jswpx5g9ie] Status: running
2026-04-28 14:29:30  INFO      [sd_moihcp7jswpx5g9ie] Status: ready
2026-04-28 14:29:33  INFO      Skipped 215 duplicate(s)
2026-04-28 14:29:33  INFO      Retrieved 23 record(s) — 17487 total | This run: 5271 / $64.7190 | All-time: $108.7590
2026-04-28 14:29:33  INFO      [206/2274] Processing: 'cafe' @ 25.030925,55.023644
2026-04-28 14:29:34  INFO      Triggered sd_moihi2tj2plm7t4rxj  ('cafe' @ 25.030925,55.023644)
2026-04-28 14:29:35  INFO      [sd_moihi2tj2plm7t4rxj] Status: running
2026-04-28 14:36:19  INFO      [sd_moihi2tj2plm7t4rxj] Status: ready
2026-04-28 14:36:21  INFO      Skipped 333 duplicate(s)
2026-04-28 14:36:22  INFO      Retrieved 25 record(s) — 17512 total | This run: 5296 / $65.2560 | All-time: $109.2960
2026-04-28 14:36:22  INFO      [207/2274] Processing: 'hotel' @ 25.030925,55.023644
2026-04-28 14:36:23  INFO      Triggered sd_moihqu731deqx98cbf  ('hotel' @ 25.030925,55.023644)
2026-04-28 14:36:24  INFO      [sd_moihqu731deqx98cbf] Status: running
2026-04-28 14:40:06  INFO      [sd_moihqu731deqx98cbf] Status: ready
2026-04-28 14:40:08  INFO      Skipped 390 duplicate(s)
2026-04-28 14:40:09  INFO      Retrieved 91 record(s) — 17603 total | This run: 5387 / $65.9775 | All-time: $110.0175
2026-04-28 14:40:09  INFO      [208/2274] Processing: 'mall' @ 25.030925,55.023644
2026-04-28 14:40:10  INFO      Triggered sd_moihvpe6t2zixewna  ('mall' @ 25.030925,55.023644)
2026-04-28 14:40:11  INFO      [sd_moihvpe6t2zixewna] Status: running
2026-04-28 14:42:48  INFO      [sd_moihvpe6t2zixewna] Status: ready
2026-04-28 14:42:50  INFO      Skipped 194 duplicate(s)
2026-04-28 14:42:50  INFO      Retrieved 10 record(s) — 17613 total | This run: 5397 / $66.2835 | All-time: $110.3235
2026-04-28 14:42:50  INFO      [209/2274] Processing: 'gym' @ 25.030925,55.023644
2026-04-28 14:42:51  INFO      Triggered sd_moihz5rhkiswifme8  ('gym' @ 25.030925,55.023644)
2026-04-28 14:42:52  INFO      [sd_moihz5rhkiswifme8] Status: running
2026-04-28 14:49:22  INFO      [sd_moihz5rhkiswifme8] Status: ready
2026-04-28 14:49:24  INFO      Skipped 315 duplicate(s)
2026-04-28 14:49:25  INFO      Retrieved 31 record(s) — 17644 total | This run: 5428 / $66.8025 | All-time: $110.8425
2026-04-28 14:49:25  INFO      [210/2274] Processing: 'hospital' @ 25.030925,55.023644
2026-04-28 14:49:26  INFO      Triggered sd_moii7m033xyn1xmgj  ('hospital' @ 25.030925,55.023644)
2026-04-28 14:49:26  INFO      [sd_moii7m033xyn1xmgj] Status: running
2026-04-28 14:52:09  INFO      [sd_moii7m033xyn1xmgj] Status: ready
2026-04-28 14:52:11  INFO      Skipped 96 duplicate(s)
2026-04-28 14:52:12  INFO      Retrieved 0 record(s) — 17644 total | This run: 5428 / $66.9465 | All-time: $110.9865
2026-04-28 14:52:12  INFO      [211/2274] Processing: 'mosque' @ 25.030925,55.023644
2026-04-28 14:52:13  INFO      Triggered sd_moiib6yq2kan5ka88k  ('mosque' @ 25.030925,55.023644)
2026-04-28 14:52:14  INFO      [sd_moiib6yq2kan5ka88k] Status: running
2026-04-28 14:55:20  INFO      [sd_moiib6yq2kan5ka88k] Status: ready
2026-04-28 14:55:22  INFO      Skipped 347 duplicate(s)
2026-04-28 14:55:23  INFO      Retrieved 15 record(s) — 17659 total | This run: 5443 / $67.4895 | All-time: $111.5295
2026-04-28 14:55:23  INFO      [212/2274] Processing: 'spa' @ 25.030925,55.023644
2026-04-28 14:55:24  INFO      Triggered sd_moiifabwvbjeq8ia3  ('spa' @ 25.030925,55.023644)
2026-04-28 14:55:25  INFO      [sd_moiifabwvbjeq8ia3] Status: running
2026-04-28 15:00:39  INFO      [sd_moiifabwvbjeq8ia3] Status: ready
2026-04-28 15:00:41  INFO      Skipped 343 duplicate(s)
2026-04-28 15:00:42  INFO      Retrieved 10 record(s) — 17669 total | This run: 5453 / $68.0190 | All-time: $112.0590
2026-04-28 15:00:42  INFO      [213/2274] Processing: 'cinema' @ 25.030925,55.023644
2026-04-28 15:00:44  INFO      Triggered sd_moiim5bljo1d0bhhv  ('cinema' @ 25.030925,55.023644)
2026-04-28 15:00:45  INFO      [sd_moiim5bljo1d0bhhv] Status: running
2026-04-28 15:05:20  INFO      [sd_moiim5bljo1d0bhhv] Status: ready
2026-04-28 15:05:22  INFO      Skipped 133 duplicate(s)
2026-04-28 15:05:23  INFO      Retrieved 9 record(s) — 17678 total | This run: 5462 / $68.2320 | All-time: $112.2720
2026-04-28 15:05:23  INFO      [214/2274] Processing: 'bakery' @ 25.030925,55.023644
2026-04-28 15:05:24  INFO      Triggered sd_moiis5cn25rxfh9jzp  ('bakery' @ 25.030925,55.023644)
2026-04-28 15:05:25  INFO      [sd_moiis5cn25rxfh9jzp] Status: running
2026-04-28 15:08:39  INFO      [sd_moiis5cn25rxfh9jzp] Status: ready
2026-04-28 15:08:42  INFO      Skipped 308 duplicate(s)
2026-04-28 15:08:43  INFO      Retrieved 14 record(s) — 17692 total | This run: 5476 / $68.7150 | All-time: $112.7550
2026-04-28 15:08:43  INFO      [215/2274] Processing: 'pharmacy' @ 25.030925,55.023644
2026-04-28 15:08:44  INFO      Triggered sd_moiiwfkb1jj3v6aw1y  ('pharmacy' @ 25.030925,55.023644)
2026-04-28 15:08:45  INFO      [sd_moiiwfkb1jj3v6aw1y] Status: running
2026-04-28 15:19:29  INFO      [sd_moiiwfkb1jj3v6aw1y] Status: ready
2026-04-28 15:19:31  INFO      Skipped 341 duplicate(s)
2026-04-28 15:19:32  INFO      Retrieved 1 record(s) — 17693 total | This run: 5477 / $69.2280 | All-time: $113.2680
2026-04-28 15:19:32  INFO      [216/2274] Processing: 'clinic' @ 25.030925,55.023644
2026-04-28 15:19:33  INFO      Triggered sd_moijacmi291wo2hk7u  ('clinic' @ 25.030925,55.023644)
2026-04-28 15:19:34  INFO      [sd_moijacmi291wo2hk7u] Status: running
2026-04-28 15:22:06  INFO      [sd_moijacmi291wo2hk7u] Status: ready
2026-04-28 15:22:08  INFO      Skipped 294 duplicate(s)
2026-04-28 15:22:09  INFO      Retrieved 37 record(s) — 17730 total | This run: 5514 / $69.7245 | All-time: $113.7645
2026-04-28 15:22:09  INFO      [217/2274] Processing: 'school' @ 25.030925,55.023644
2026-04-28 15:22:10  INFO      Triggered sd_moijdpfo6zm94opbp  ('school' @ 25.030925,55.023644)
2026-04-28 15:22:10  INFO      [sd_moijdpfo6zm94opbp] Status: running
2026-04-28 15:25:52  INFO      [sd_moijdpfo6zm94opbp] Status: ready
2026-04-28 15:25:54  INFO      Skipped 244 duplicate(s)
2026-04-28 15:25:55  INFO      Retrieved 46 record(s) — 17776 total | This run: 5560 / $70.1595 | All-time: $114.1995
2026-04-28 15:25:55  INFO      [218/2274] Processing: 'bank' @ 25.030925,55.023644
2026-04-28 15:25:57  INFO      Triggered sd_moijikj11x2ezczn3j  ('bank' @ 25.030925,55.023644)
2026-04-28 15:25:58  INFO      [sd_moijikj11x2ezczn3j] Status: running
2026-04-28 15:29:57  INFO      [sd_moijikj11x2ezczn3j] Status: ready
2026-04-28 15:29:58  INFO      Skipped 141 duplicate(s)
2026-04-28 15:29:59  INFO      Retrieved 7 record(s) — 17783 total | This run: 5567 / $70.3815 | All-time: $114.4215
2026-04-28 15:29:59  INFO      [219/2274] Processing: 'supermarket' @ 25.030925,55.023644
2026-04-28 15:30:00  INFO      Triggered sd_moijnsi41wblka60bx  ('supermarket' @ 25.030925,55.023644)
2026-04-28 15:30:01  INFO      [sd_moijnsi41wblka60bx] Status: running
2026-04-28 15:37:21  INFO      [sd_moijnsi41wblka60bx] Status: ready
2026-04-28 15:37:23  INFO      Skipped 327 duplicate(s)
2026-04-28 15:37:24  INFO      Retrieved 17 record(s) — 17800 total | This run: 5584 / $70.8975 | All-time: $114.9375
2026-04-28 15:37:24  INFO      [220/2274] Processing: 'restaurant' @ 25.030925,55.098152
2026-04-28 15:37:26  INFO      Triggered sd_moijxcgg1d7vrrgcbe  ('restaurant' @ 25.030925,55.098152)
2026-04-28 15:37:27  INFO      [sd_moijxcgg1d7vrrgcbe] Status: running
2026-04-28 15:45:23  INFO      [sd_moijxcgg1d7vrrgcbe] Status: ready
2026-04-28 15:45:25  INFO      Skipped 124 duplicate(s)
2026-04-28 15:45:26  INFO      Retrieved 46 record(s) — 17846 total | This run: 5630 / $71.1525 | All-time: $115.1925
2026-04-28 15:45:26  INFO      [221/2274] Processing: 'cafe' @ 25.030925,55.098152
2026-04-28 15:45:27  INFO      Triggered sd_moik7nmzl06f718zx  ('cafe' @ 25.030925,55.098152)
2026-04-28 15:45:28  INFO      [sd_moik7nmzl06f718zx] Status: running
2026-04-28 15:49:11  INFO      [sd_moik7nmzl06f718zx] Status: ready
2026-04-28 15:49:13  INFO      Skipped 174 duplicate(s)
2026-04-28 15:49:14  INFO      Retrieved 9 record(s) — 17855 total | This run: 5639 / $71.4270 | All-time: $115.4670
2026-04-28 15:49:14  INFO      [222/2274] Processing: 'hotel' @ 25.030925,55.098152
2026-04-28 15:49:15  INFO      Triggered sd_moikcjyckcoouyyhr  ('hotel' @ 25.030925,55.098152)
2026-04-28 15:49:16  INFO      [sd_moikcjyckcoouyyhr] Status: running
2026-04-28 15:53:06  INFO      [sd_moikcjyckcoouyyhr] Status: ready
2026-04-28 15:53:08  INFO      Skipped 161 duplicate(s)
2026-04-28 15:53:08  INFO      Retrieved 0 record(s) — 17855 total | This run: 5639 / $71.6685 | All-time: $115.7085
2026-04-28 15:53:08  INFO      [223/2274] Processing: 'mall' @ 25.030925,55.098152
2026-04-28 15:53:10  INFO      Triggered sd_moikhkn72t2w5lsgf  ('mall' @ 25.030925,55.098152)
2026-04-28 15:53:11  INFO      [sd_moikhkn72t2w5lsgf] Status: running
2026-04-28 15:56:55  INFO      [sd_moikhkn72t2w5lsgf] Status: ready
2026-04-28 15:56:57  INFO      Skipped 164 duplicate(s)
2026-04-28 15:56:58  INFO      Retrieved 31 record(s) — 17886 total | This run: 5670 / $71.9610 | All-time: $116.0010
2026-04-28 15:56:58  INFO      [224/2274] Processing: 'gym' @ 25.030925,55.098152
2026-04-28 15:57:02  INFO      Triggered sd_moikmjjb12spe4bh5z  ('gym' @ 25.030925,55.098152)
2026-04-28 15:57:02  INFO      [sd_moikmjjb12spe4bh5z] Status: running
2026-04-28 16:01:53  INFO      [sd_moikmjjb12spe4bh5z] Status: ready
2026-04-28 16:01:55  INFO      Skipped 213 duplicate(s)
2026-04-28 16:01:56  INFO      Retrieved 11 record(s) — 17897 total | This run: 5681 / $72.2970 | All-time: $116.3370
2026-04-28 16:01:56  INFO      [225/2274] Processing: 'hospital' @ 25.030925,55.098152
2026-04-28 16:01:57  INFO      Triggered sd_moiksvqe13tq4fzkl  ('hospital' @ 25.030925,55.098152)
2026-04-28 16:01:58  INFO      [sd_moiksvqe13tq4fzkl] Status: running
2026-04-28 16:04:01  INFO      [sd_moiksvqe13tq4fzkl] Status: ready
2026-04-28 16:04:03  INFO      Skipped 52 duplicate(s)
2026-04-28 16:04:04  INFO      Retrieved 0 record(s) — 17897 total | This run: 5681 / $72.3750 | All-time: $116.4150
2026-04-28 16:04:04  INFO      [226/2274] Processing: 'mosque' @ 25.030925,55.098152
2026-04-28 16:04:05  INFO      Triggered sd_moikvmfeosetzeby1  ('mosque' @ 25.030925,55.098152)
2026-04-28 16:04:06  INFO      [sd_moikvmfeosetzeby1] Status: running
2026-04-28 16:07:10  INFO      [sd_moikvmfeosetzeby1] Status: ready
2026-04-28 16:07:12  INFO      Skipped 200 duplicate(s)
2026-04-28 16:07:12  INFO      Retrieved 1 record(s) — 17898 total | This run: 5682 / $72.6765 | All-time: $116.7165
2026-04-28 16:07:12  INFO      [227/2274] Processing: 'spa' @ 25.030925,55.098152
2026-04-28 16:07:13  INFO      Triggered sd_moikznr21yvirzgv2k  ('spa' @ 25.030925,55.098152)
2026-04-28 16:07:14  INFO      [sd_moikznr21yvirzgv2k] Status: running
2026-04-28 16:12:11  INFO      [sd_moikznr21yvirzgv2k] Status: ready
2026-04-28 16:12:13  INFO      Skipped 216 duplicate(s)
2026-04-28 16:12:13  INFO      Retrieved 11 record(s) — 17909 total | This run: 5693 / $73.0170 | All-time: $117.0570
2026-04-28 16:12:13  INFO      [228/2274] Processing: 'cinema' @ 25.030925,55.098152
2026-04-28 16:12:14  INFO      Triggered sd_moil63vdh3hur3huk  ('cinema' @ 25.030925,55.098152)
2026-04-28 16:12:15  INFO      [sd_moil63vdh3hur3huk] Status: running
2026-04-28 16:16:18  INFO      [sd_moil63vdh3hur3huk] Status: ready
2026-04-28 16:16:20  INFO      Skipped 119 duplicate(s)
2026-04-28 16:16:21  INFO      Retrieved 6 record(s) — 17915 total | This run: 5699 / $73.2045 | All-time: $117.2445
2026-04-28 16:16:21  INFO      [229/2274] Processing: 'bakery' @ 25.030925,55.098152
2026-04-28 16:16:22  INFO      Triggered sd_moilbf5ddcy6exzay  ('bakery' @ 25.030925,55.098152)
2026-04-28 16:16:23  INFO      [sd_moilbf5ddcy6exzay] Status: running
2026-04-28 16:21:42  INFO      [sd_moilbf5ddcy6exzay] Status: ready
2026-04-28 16:21:44  INFO      Skipped 198 duplicate(s)
2026-04-28 16:21:45  INFO      Retrieved 1 record(s) — 17916 total | This run: 5700 / $73.5030 | All-time: $117.5430
2026-04-28 16:21:45  INFO      [230/2274] Processing: 'pharmacy' @ 25.030925,55.098152
2026-04-28 16:21:46  INFO      Triggered sd_moilict91xh8mois02  ('pharmacy' @ 25.030925,55.098152)
2026-04-28 16:21:47  INFO      [sd_moilict91xh8mois02] Status: running
2026-04-28 16:25:07  INFO      [sd_moilict91xh8mois02] Status: ready
2026-04-28 16:25:09  INFO      Skipped 165 duplicate(s)
2026-04-28 16:25:10  INFO      Retrieved 4 record(s) — 17920 total | This run: 5704 / $73.7565 | All-time: $117.7965
2026-04-28 16:25:10  INFO      [231/2274] Processing: 'clinic' @ 25.030925,55.098152
2026-04-28 16:25:12  INFO      Triggered sd_moilmrojt5vmpv2rd  ('clinic' @ 25.030925,55.098152)
2026-04-28 16:25:12  INFO      [sd_moilmrojt5vmpv2rd] Status: running
2026-04-28 16:30:14  INFO      [sd_moilmrojt5vmpv2rd] Status: ready
2026-04-28 16:30:16  INFO      Skipped 181 duplicate(s)
2026-04-28 16:30:17  INFO      Retrieved 17 record(s) — 17937 total | This run: 5721 / $74.0535 | All-time: $118.0935
2026-04-28 16:30:17  INFO      [232/2274] Processing: 'school' @ 25.030925,55.098152
2026-04-28 16:30:18  INFO      Triggered sd_moiltc5o2g1c3r1hu6  ('school' @ 25.030925,55.098152)
2026-04-28 16:30:19  INFO      [sd_moiltc5o2g1c3r1hu6] Status: running
2026-04-28 16:41:38  INFO      [sd_moiltc5o2g1c3r1hu6] Status: ready
2026-04-28 16:41:40  INFO      Skipped 180 duplicate(s)
2026-04-28 16:41:41  INFO      Retrieved 14 record(s) — 17951 total | This run: 5735 / $74.3445 | All-time: $118.3845
2026-04-28 16:41:41  INFO      [233/2274] Processing: 'bank' @ 25.030925,55.098152
2026-04-28 16:41:42  INFO      Triggered sd_moim7zopr9lb6xk2y  ('bank' @ 25.030925,55.098152)
2026-04-28 16:41:43  INFO      [sd_moim7zopr9lb6xk2y] Status: running
2026-04-28 16:46:23  INFO      [sd_moim7zopr9lb6xk2y] Status: ready
2026-04-28 16:46:25  INFO      Skipped 103 duplicate(s)
2026-04-28 16:46:26  INFO      Retrieved 26 record(s) — 17977 total | This run: 5761 / $74.5380 | All-time: $118.5780
2026-04-28 16:46:26  INFO      [234/2274] Processing: 'supermarket' @ 25.030925,55.098152
2026-04-28 16:46:27  INFO      Triggered sd_moime3rq1ii5btpjnq  ('supermarket' @ 25.030925,55.098152)
2026-04-28 16:46:28  INFO      [sd_moime3rq1ii5btpjnq] Status: running
2026-04-28 16:50:22  INFO      [sd_moime3rq1ii5btpjnq] Status: ready
2026-04-28 16:50:24  INFO      Skipped 186 duplicate(s)
2026-04-28 16:50:24  INFO      Retrieved 5 record(s) — 17982 total | This run: 5766 / $74.8245 | All-time: $118.8645
2026-04-28 16:50:24  INFO      [235/2274] Processing: 'restaurant' @ 25.030925,55.17266
2026-04-28 16:50:25  INFO      Triggered sd_moimj7pe23cwvxh3jv  ('restaurant' @ 25.030925,55.17266)
2026-04-28 16:50:26  INFO      [sd_moimj7pe23cwvxh3jv] Status: running
2026-04-28 16:57:36  INFO      [sd_moimj7pe23cwvxh3jv] Status: ready
2026-04-28 16:57:38  INFO      Skipped 115 duplicate(s)
2026-04-28 16:57:39  INFO      Retrieved 102 record(s) — 18084 total | This run: 5868 / $75.1500 | All-time: $119.1900
2026-04-28 16:57:39  INFO      [236/2274] Processing: 'cafe' @ 25.030925,55.17266
2026-04-28 16:57:40  INFO      Triggered sd_moimsivwzwukxalvn  ('cafe' @ 25.030925,55.17266)
2026-04-28 16:57:41  INFO      [sd_moimsivwzwukxalvn] Status: running
2026-04-28 17:01:51  INFO      [sd_moimsivwzwukxalvn] Status: ready
2026-04-28 17:01:53  INFO      Skipped 233 duplicate(s)
2026-04-28 17:01:54  INFO      Retrieved 16 record(s) — 18100 total | This run: 5884 / $75.5235 | All-time: $119.5635
2026-04-28 17:01:54  INFO      [237/2274] Processing: 'hotel' @ 25.030925,55.17266
2026-04-28 17:01:55  INFO      Triggered sd_moimy02w2qb3nmjutw  ('hotel' @ 25.030925,55.17266)
2026-04-28 17:01:56  INFO      [sd_moimy02w2qb3nmjutw] Status: running
2026-04-28 17:16:52  INFO      [sd_moimy02w2qb3nmjutw] Status: ready
2026-04-28 17:16:54  INFO      Skipped 218 duplicate(s)
2026-04-28 17:16:55  INFO      Retrieved 47 record(s) — 18147 total | This run: 5931 / $75.9210 | All-time: $119.9610
2026-04-28 17:16:55  INFO      [238/2274] Processing: 'mall' @ 25.030925,55.17266
2026-04-28 17:16:57  INFO      Triggered sd_moinhbtc1nye3ygm2h  ('mall' @ 25.030925,55.17266)
2026-04-28 17:16:58  INFO      [sd_moinhbtc1nye3ygm2h] Status: running
2026-04-28 17:24:28  INFO      [sd_moinhbtc1nye3ygm2h] Status: ready
2026-04-28 17:24:30  INFO      Skipped 125 duplicate(s)
2026-04-28 17:24:31  INFO      Retrieved 88 record(s) — 18235 total | This run: 6019 / $76.2405 | All-time: $120.2805
2026-04-28 17:24:31  INFO      [239/2274] Processing: 'gym' @ 25.030925,55.17266
2026-04-28 17:24:33  INFO      Triggered sd_moinr3m81s2oel4514  ('gym' @ 25.030925,55.17266)
2026-04-28 17:24:34  INFO      [sd_moinr3m81s2oel4514] Status: running
2026-04-28 17:42:49  INFO      [sd_moinr3m81s2oel4514] Status: ready
2026-04-28 17:42:51  INFO      Skipped 47 duplicate(s)
2026-04-28 17:42:52  INFO      Retrieved 13 record(s) — 18248 total | This run: 6032 / $76.3305 | All-time: $120.3705
2026-04-28 17:42:52  INFO      [240/2274] Processing: 'hospital' @ 25.030925,55.17266
2026-04-28 17:42:53  INFO      Triggered sd_moioeod415n75kuljv  ('hospital' @ 25.030925,55.17266)
2026-04-28 17:42:54  INFO      [sd_moioeod415n75kuljv] Status: running
2026-04-28 18:07:51  INFO      [sd_moioeod415n75kuljv] Status: ready
2026-04-28 18:07:54  INFO      Skipped 66 duplicate(s)
2026-04-28 18:07:54  INFO      Retrieved 0 record(s) — 18248 total | This run: 6032 / $76.4295 | All-time: $120.4695
2026-04-28 18:07:54  INFO      [241/2274] Processing: 'mosque' @ 25.030925,55.17266
2026-04-28 18:07:56  INFO      Triggered sd_moipawe6tmhtd4vpq  ('mosque' @ 25.030925,55.17266)
2026-04-28 18:07:57  INFO      [sd_moipawe6tmhtd4vpq] Status: running
2026-04-28 18:21:19  INFO      [sd_moipawe6tmhtd4vpq] Status: ready
2026-04-28 18:21:21  INFO      Skipped 274 duplicate(s)
2026-04-28 18:21:22  INFO      Retrieved 4 record(s) — 18252 total | This run: 6036 / $76.8465 | All-time: $120.8865
2026-04-28 18:21:22  INFO      [242/2274] Processing: 'spa' @ 25.030925,55.17266
2026-04-28 18:21:23  INFO      Triggered sd_moips6xc2rnz9rgf43  ('spa' @ 25.030925,55.17266)
2026-04-28 18:21:24  INFO      [sd_moips6xc2rnz9rgf43] Status: running
2026-04-28 18:36:31  INFO      [sd_moips6xc2rnz9rgf43] Status: ready
2026-04-28 18:36:33  INFO      Skipped 284 duplicate(s)
2026-04-28 18:36:34  INFO      Retrieved 13 record(s) — 18265 total | This run: 6049 / $77.2920 | All-time: $121.3320
2026-04-28 18:36:34  INFO      [243/2274] Processing: 'cinema' @ 25.030925,55.17266
2026-04-28 18:36:35  INFO      Triggered sd_moiqbqn811gepwdjyo  ('cinema' @ 25.030925,55.17266)
2026-04-28 18:36:36  INFO      [sd_moiqbqn811gepwdjyo] Status: running
2026-04-28 18:55:36  INFO      [sd_moiqbqn811gepwdjyo] Status: ready
2026-04-28 18:55:38  INFO      Skipped 117 duplicate(s)
2026-04-28 18:55:39  INFO      Retrieved 23 record(s) — 18288 total | This run: 6072 / $77.5020 | All-time: $121.5420
2026-04-28 18:55:39  INFO      [244/2274] Processing: 'bakery' @ 25.030925,55.17266
2026-04-28 18:55:40  INFO      Triggered sd_moir09x1qcod9rmvd  ('bakery' @ 25.030925,55.17266)
2026-04-28 18:55:41  INFO      [sd_moir09x1qcod9rmvd] Status: running
2026-04-28 19:18:39  INFO      [sd_moir09x1qcod9rmvd] Status: ready
2026-04-28 19:18:41  INFO      Skipped 201 duplicate(s)
2026-04-28 19:18:42  INFO      Retrieved 9 record(s) — 18297 total | This run: 6081 / $77.8170 | All-time: $121.8570
2026-04-28 19:18:42  INFO      [245/2274] Processing: 'pharmacy' @ 25.030925,55.17266
2026-04-28 19:18:43  INFO      Triggered sd_moirtww9v31x0hfq  ('pharmacy' @ 25.030925,55.17266)
2026-04-28 19:18:44  INFO      [sd_moirtww9v31x0hfq] Status: running
2026-04-28 19:39:45  INFO      [sd_moirtww9v31x0hfq] Status: ready
2026-04-28 19:39:47  INFO      Skipped 196 duplicate(s)
2026-04-28 19:39:48  INFO      Retrieved 8 record(s) — 18305 total | This run: 6089 / $78.1230 | All-time: $122.1630
2026-04-28 19:39:48  INFO      [246/2274] Processing: 'clinic' @ 25.030925,55.17266
2026-04-28 19:39:49  INFO      Triggered sd_moisl1t5min5pr4bk  ('clinic' @ 25.030925,55.17266)
2026-04-28 19:39:50  INFO      [sd_moisl1t5min5pr4bk] Status: running
2026-04-28 20:10:20  INFO      [sd_moisl1t5min5pr4bk] Status: ready
2026-04-28 20:10:22  INFO      Skipped 208 duplicate(s)
2026-04-28 20:10:23  INFO      Retrieved 17 record(s) — 18322 total | This run: 6106 / $78.4605 | All-time: $122.5005
2026-04-28 20:10:23  INFO      [247/2274] Processing: 'school' @ 25.030925,55.17266
2026-04-28 20:10:24  INFO      Triggered sd_moitody5laz2zjvyi  ('school' @ 25.030925,55.17266)
2026-04-28 20:10:25  INFO      [sd_moitody5laz2zjvyi] Status: running
2026-04-28 20:33:55  INFO      [sd_moitody5laz2zjvyi] Status: ready
2026-04-28 20:33:57  INFO      Skipped 186 duplicate(s)
2026-04-28 20:33:58  INFO      Retrieved 32 record(s) — 18354 total | This run: 6138 / $78.7875 | All-time: $122.8275
2026-04-28 20:33:58  INFO      [248/2274] Processing: 'bank' @ 25.030925,55.17266
2026-04-28 20:33:59  INFO      Triggered sd_moiuipdo287bquapfa  ('bank' @ 25.030925,55.17266)
2026-04-28 20:33:59  INFO      [sd_moiuipdo287bquapfa] Status: running
2026-04-28 20:43:36  INFO      [sd_moiuipdo287bquapfa] Status: ready
2026-04-28 20:43:38  INFO      Skipped 113 duplicate(s)
2026-04-28 20:43:38  INFO      Retrieved 18 record(s) — 18372 total | This run: 6156 / $78.9840 | All-time: $123.0240
2026-04-28 20:43:38  INFO      [249/2274] Processing: 'supermarket' @ 25.030925,55.17266
2026-04-28 20:43:39  INFO      Triggered sd_moiuv5i61f838lhb2v  ('supermarket' @ 25.030925,55.17266)
2026-04-28 20:43:40  INFO      [sd_moiuv5i61f838lhb2v] Status: running
2026-04-28 21:18:59  INFO      [sd_moiuv5i61f838lhb2v] Status: ready
2026-04-28 21:19:01  INFO      Skipped 205 duplicate(s)
2026-04-28 21:19:01  INFO      Retrieved 17 record(s) — 18389 total | This run: 6173 / $79.3170 | All-time: $123.3570
2026-04-28 21:19:01  INFO      [250/2274] Processing: 'restaurant' @ 25.030925,55.247168
2026-04-28 21:19:02  INFO      Triggered sd_moiw4nj317u1euv52k  ('restaurant' @ 25.030925,55.247168)
2026-04-28 21:19:03  INFO      [sd_moiw4nj317u1euv52k] Status: running
2026-04-28 22:04:34  INFO      [sd_moiw4nj317u1euv52k] Status: ready
2026-04-28 22:04:36  INFO      Skipped 86 duplicate(s)
2026-04-28 22:04:37  INFO      Retrieved 112 record(s) — 18501 total | This run: 6285 / $79.6140 | All-time: $123.6540
2026-04-28 22:04:37  INFO      [251/2274] Processing: 'cafe' @ 25.030925,55.247168
2026-04-28 22:04:37  INFO      Triggered sd_moixra2f24efvxptct  ('cafe' @ 25.030925,55.247168)
2026-04-28 22:04:38  INFO      [sd_moixra2f24efvxptct] Status: running
2026-04-28 22:39:05  INFO      [sd_moixra2f24efvxptct] Status: ready
2026-04-28 22:39:07  INFO      Skipped 201 duplicate(s)
2026-04-28 22:39:08  INFO      Retrieved 32 record(s) — 18533 total | This run: 6317 / $79.9635 | All-time: $124.0035
2026-04-28 22:39:08  INFO      [252/2274] Processing: 'hotel' @ 25.030925,55.247168
2026-04-28 22:39:09  INFO      Triggered sd_moiyzola206x6wxs64  ('hotel' @ 25.030925,55.247168)
2026-04-28 22:39:10  INFO      [sd_moiyzola206x6wxs64] Status: running
2026-04-29 00:44:15  INFO      [sd_moiyzola206x6wxs64] Status: ready
2026-04-29 00:44:17  INFO      Skipped 113 duplicate(s)
2026-04-29 00:44:17  INFO      Retrieved 15 record(s) — 18548 total | This run: 6332 / $80.1555 | All-time: $124.1955
2026-04-29 00:44:17  INFO      [253/2274] Processing: 'mall' @ 25.030925,55.247168
2026-04-29 00:44:18  INFO      Triggered sd_moj3gmnnz4w6d6sdm  ('mall' @ 25.030925,55.247168)
2026-04-29 00:44:19  INFO      [sd_moj3gmnnz4w6d6sdm] Status: running
2026-04-29 01:25:59  INFO      [sd_moj3gmnnz4w6d6sdm] Status: ready
2026-04-29 01:26:01  INFO      Skipped 153 duplicate(s)
2026-04-29 01:26:02  INFO      Retrieved 78 record(s) — 18626 total | This run: 6410 / $80.5020 | All-time: $124.5420
2026-04-29 01:26:02  INFO      [254/2274] Processing: 'gym' @ 25.030925,55.247168
2026-04-29 01:26:03  INFO      Triggered sd_moj4yayt16en3nfitm  ('gym' @ 25.030925,55.247168)
2026-04-29 01:26:03  INFO      [sd_moj4yayt16en3nfitm] Status: running
2026-04-29 01:39:04  INFO      [sd_moj4yayt16en3nfitm] Status: ready
2026-04-29 01:39:06  INFO      Skipped 177 duplicate(s)
2026-04-29 01:39:06  INFO      Retrieved 69 record(s) — 18695 total | This run: 6479 / $80.8710 | All-time: $124.9110
2026-04-29 01:39:06  INFO      [255/2274] Processing: 'hospital' @ 25.030925,55.247168
2026-04-29 01:39:07  INFO      Triggered sd_moj5f4ko1wjxmf0lrx  ('hospital' @ 25.030925,55.247168)
2026-04-29 01:39:08  INFO      [sd_moj5f4ko1wjxmf0lrx] Status: running
2026-04-29 01:43:46  INFO      [sd_moj5f4ko1wjxmf0lrx] Status: ready
2026-04-29 01:43:47  INFO      Skipped 65 duplicate(s)
2026-04-29 01:43:48  INFO      Retrieved 2 record(s) — 18697 total | This run: 6481 / $80.9715 | All-time: $125.0115
2026-04-29 01:43:48  INFO      [256/2274] Processing: 'mosque' @ 25.030925,55.247168
2026-04-29 01:43:49  INFO      Triggered sd_moj5l5z6bs89coddg  ('mosque' @ 25.030925,55.247168)
2026-04-29 01:43:50  INFO      [sd_moj5l5z6bs89coddg] Status: running
2026-04-29 01:52:49  INFO      [sd_moj5l5z6bs89coddg] Status: ready
2026-04-29 01:52:51  INFO      Skipped 297 duplicate(s)
2026-04-29 01:52:52  INFO      Retrieved 13 record(s) — 18710 total | This run: 6494 / $81.4365 | All-time: $125.4765
2026-04-29 01:52:52  INFO      [257/2274] Processing: 'spa' @ 25.030925,55.247168
2026-04-29 01:52:53  INFO      Triggered sd_moj5wtd62i1ga50o3h  ('spa' @ 25.030925,55.247168)
2026-04-29 01:52:53  INFO      [sd_moj5wtd62i1ga50o3h] Status: running
2026-04-29 02:00:30  INFO      [sd_moj5wtd62i1ga50o3h] Status: ready
2026-04-29 02:00:32  INFO      Skipped 288 duplicate(s)
2026-04-29 02:00:33  INFO      Retrieved 40 record(s) — 18750 total | This run: 6534 / $81.9285 | All-time: $125.9685
2026-04-29 02:00:33  INFO      [258/2274] Processing: 'cinema' @ 25.030925,55.247168
2026-04-29 02:00:34  INFO      Triggered sd_moj66pft2fgv5nk6nx  ('cinema' @ 25.030925,55.247168)
2026-04-29 02:00:35  INFO      [sd_moj66pft2fgv5nk6nx] Status: running
2026-04-29 02:06:54  INFO      [sd_moj66pft2fgv5nk6nx] Status: ready
2026-04-29 02:06:56  INFO      Skipped 111 duplicate(s)
2026-04-29 02:06:57  INFO      Retrieved 26 record(s) — 18776 total | This run: 6560 / $82.1340 | All-time: $126.1740
2026-04-29 02:06:57  INFO      [259/2274] Processing: 'bakery' @ 25.030925,55.247168
2026-04-29 02:06:58  INFO      Triggered sd_moj6excp13jypfhe4  ('bakery' @ 25.030925,55.247168)
2026-04-29 02:06:59  INFO      [sd_moj6excp13jypfhe4] Status: running
2026-04-29 02:17:36  INFO      === Run started — existing records: 18776 (prior cost: $44.0400) ===
2026-04-29 02:17:36  INFO      [1/690] Processing: 'restaurant' @ 25.071523,55.273477
2026-04-29 02:17:37  INFO      Triggered sd_moj6sn12102buiyz70  ('restaurant' @ 25.071523,55.273477)
2026-04-29 02:17:38  INFO      [sd_moj6sn12102buiyz70] Status: running
2026-04-29 02:18:54  INFO      === Run started — existing records: 18776 (prior cost: $133.2300) ===
2026-04-29 02:18:54  INFO      [1/690] Processing: 'restaurant' @ 25.071523,55.273477
2026-04-29 02:18:55  INFO      Triggered sd_moj6uan42fk0shzqyp  ('restaurant' @ 25.071523,55.273477)
2026-04-29 02:18:55  INFO      [sd_moj6uan42fk0shzqyp] Status: running
2026-04-29 02:23:58  INFO      [sd_moj6uan42fk0shzqyp] Status: ready
2026-04-29 02:24:00  INFO      Skipped 101 duplicate(s)
2026-04-29 02:24:01  INFO      Retrieved 90 record(s) — 18866 total | This run: 90 / $0.2865 | All-time: $133.5165
2026-04-29 02:24:01  INFO      [2/690] Processing: 'cafe' @ 25.071523,55.273477
2026-04-29 02:24:02  INFO      Triggered sd_moj70vwkg6js4lsaz  ('cafe' @ 25.071523,55.273477)
2026-04-29 02:24:03  INFO      [sd_moj70vwkg6js4lsaz] Status: running
2026-04-29 02:26:12  INFO      [sd_moj70vwkg6js4lsaz] Status: ready
2026-04-29 02:26:14  INFO      Skipped 150 duplicate(s)
2026-04-29 02:26:15  INFO      Retrieved 42 record(s) — 18908 total | This run: 132 / $0.5745 | All-time: $133.8045
2026-04-29 02:26:15  INFO      [3/690] Processing: 'hotel' @ 25.071523,55.273477
2026-04-29 02:26:16  INFO      Triggered sd_moj73r6s1wt9w8cay3  ('hotel' @ 25.071523,55.273477)
2026-04-29 02:26:17  INFO      [sd_moj73r6s1wt9w8cay3] Status: running
2026-04-29 02:29:41  INFO      [sd_moj73r6s1wt9w8cay3] Status: ready
2026-04-29 02:29:43  INFO      Skipped 165 duplicate(s)
2026-04-29 02:29:44  INFO      Retrieved 28 record(s) — 18936 total | This run: 160 / $0.8640 | All-time: $134.0940
2026-04-29 02:29:44  INFO      [4/690] Processing: 'mall' @ 25.071523,55.273477
2026-04-29 02:29:45  INFO      Triggered sd_moj7887wbyrzgqb76  ('mall' @ 25.071523,55.273477)
2026-04-29 02:29:46  INFO      [sd_moj7887wbyrzgqb76] Status: running
2026-04-29 02:32:13  INFO      [sd_moj7887wbyrzgqb76] Status: ready
2026-04-29 02:32:15  INFO      Skipped 75 duplicate(s)
2026-04-29 02:32:16  INFO      Retrieved 119 record(s) — 19055 total | This run: 279 / $1.1550 | All-time: $134.3850
2026-04-29 02:32:16  INFO      [5/690] Processing: 'gym' @ 25.071523,55.273477
2026-04-29 02:32:17  INFO      Triggered sd_moj7bhexkqveppfay  ('gym' @ 25.071523,55.273477)
2026-04-29 02:32:17  INFO      [sd_moj7bhexkqveppfay] Status: running
2026-04-29 02:35:01  INFO      [sd_moj7bhexkqveppfay] Status: ready
2026-04-29 02:35:03  INFO      Skipped 160 duplicate(s)
2026-04-29 02:35:04  INFO      Retrieved 73 record(s) — 19128 total | This run: 352 / $1.5045 | All-time: $134.7345
2026-04-29 02:35:04  INFO      [6/690] Processing: 'hospital' @ 25.071523,55.273477
2026-04-29 02:35:05  INFO      Triggered sd_moj7f3522e8g9joxpq  ('hospital' @ 25.071523,55.273477)
2026-04-29 02:35:06  INFO      [sd_moj7f3522e8g9joxpq] Status: running
2026-04-29 02:36:45  INFO      [sd_moj7f3522e8g9joxpq] Status: ready
2026-04-29 02:36:47  INFO      Skipped 54 duplicate(s)
2026-04-29 02:36:48  INFO      Retrieved 0 record(s) — 19128 total | This run: 352 / $1.5855 | All-time: $134.8155
2026-04-29 02:36:48  INFO      [7/690] Processing: 'mosque' @ 25.071523,55.273477
2026-04-29 02:36:49  INFO      Triggered sd_moj7hb6ig60q8umrx  ('mosque' @ 25.071523,55.273477)
2026-04-29 02:36:49  INFO      [sd_moj7hb6ig60q8umrx] Status: running
2026-04-29 02:40:29  INFO      [sd_moj7hb6ig60q8umrx] Status: ready
2026-04-29 02:40:31  INFO      Skipped 277 duplicate(s)
2026-04-29 02:40:32  INFO      Retrieved 50 record(s) — 19178 total | This run: 402 / $2.0760 | All-time: $135.3060
2026-04-29 02:40:32  INFO      [8/690] Processing: 'spa' @ 25.071523,55.273477
2026-04-29 02:40:33  INFO      Triggered sd_moj7m40t133gq00svu  ('spa' @ 25.071523,55.273477)
2026-04-29 02:40:33  INFO      [sd_moj7m40t133gq00svu] Status: running
2026-04-29 02:43:50  INFO      [sd_moj7m40t133gq00svu] Status: ready
2026-04-29 02:43:52  INFO      Skipped 234 duplicate(s)
2026-04-29 02:43:53  INFO      Retrieved 55 record(s) — 19233 total | This run: 457 / $2.5095 | All-time: $135.7395
2026-04-29 02:43:53  INFO      [9/690] Processing: 'cinema' @ 25.071523,55.273477
2026-04-29 02:43:54  INFO      Triggered sd_moj7qfpzfepig6494  ('cinema' @ 25.071523,55.273477)
2026-04-29 02:43:55  INFO      [sd_moj7qfpzfepig6494] Status: running
2026-04-29 02:45:39  INFO      [sd_moj7qfpzfepig6494] Status: ready
2026-04-29 02:45:41  INFO      Skipped 97 duplicate(s)
2026-04-29 02:45:41  INFO      Retrieved 4 record(s) — 19237 total | This run: 461 / $2.6610 | All-time: $135.8910
2026-04-29 02:45:41  INFO      [10/690] Processing: 'bakery' @ 25.071523,55.273477
2026-04-29 02:45:42  INFO      Triggered sd_moj7sr151t955axcjt  ('bakery' @ 25.071523,55.273477)
2026-04-29 02:45:43  INFO      [sd_moj7sr151t955axcjt] Status: running
2026-04-29 02:49:11  INFO      [sd_moj7sr151t955axcjt] Status: ready
2026-04-29 02:49:13  INFO      Skipped 144 duplicate(s)
2026-04-29 02:49:13  INFO      Retrieved 50 record(s) — 19287 total | This run: 511 / $2.9520 | All-time: $136.1820
2026-04-29 02:49:13  INFO      [11/690] Processing: 'pharmacy' @ 25.071523,55.273477
2026-04-29 02:49:14  INFO      Triggered sd_moj7xap225y5nq50f1  ('pharmacy' @ 25.071523,55.273477)
2026-04-29 02:49:15  INFO      [sd_moj7xap225y5nq50f1] Status: running
2026-04-29 02:56:14  INFO      [sd_moj7xap225y5nq50f1] Status: ready
2026-04-29 02:56:15  INFO      Skipped 130 duplicate(s)
2026-04-29 02:56:16  INFO      Retrieved 48 record(s) — 19335 total | This run: 559 / $3.2190 | All-time: $136.4490
2026-04-29 02:56:16  INFO      [12/690] Processing: 'clinic' @ 25.071523,55.273477
2026-04-29 02:56:18  INFO      Triggered sd_moj86dsfm4ykmks4m  ('clinic' @ 25.071523,55.273477)
2026-04-29 02:56:19  INFO      [sd_moj86dsfm4ykmks4m] Status: running
2026-04-29 02:59:12  INFO      [sd_moj86dsfm4ykmks4m] Status: ready
2026-04-29 02:59:14  INFO      Skipped 122 duplicate(s)
2026-04-29 02:59:15  INFO      Retrieved 96 record(s) — 19431 total | This run: 655 / $3.5460 | All-time: $136.7760
2026-04-29 02:59:15  INFO      [13/690] Processing: 'school' @ 25.071523,55.273477
2026-04-29 02:59:16  INFO      Triggered sd_moj8a6zs2ezq0xvi5q  ('school' @ 25.071523,55.273477)
2026-04-29 02:59:17  INFO      [sd_moj8a6zs2ezq0xvi5q] Status: running
2026-04-29 03:03:48  INFO      [sd_moj8a6zs2ezq0xvi5q] Status: ready
2026-04-29 03:03:50  INFO      Skipped 122 duplicate(s)
2026-04-29 03:03:51  INFO      Retrieved 76 record(s) — 19507 total | This run: 731 / $3.8430 | All-time: $137.0730
2026-04-29 03:03:51  INFO      [14/690] Processing: 'bank' @ 25.071523,55.273477
2026-04-29 03:03:52  INFO      Triggered sd_moj8g3i71cx3fw6izx  ('bank' @ 25.071523,55.273477)
2026-04-29 03:03:52  INFO      [sd_moj8g3i71cx3fw6izx] Status: running
2026-04-29 03:06:06  INFO      [sd_moj8g3i71cx3fw6izx] Status: ready
2026-04-29 03:06:08  INFO      Skipped 88 duplicate(s)
2026-04-29 03:06:09  INFO      Retrieved 60 record(s) — 19567 total | This run: 791 / $4.0650 | All-time: $137.2950
2026-04-29 03:06:09  INFO      [15/690] Processing: 'supermarket' @ 25.071523,55.273477
2026-04-29 03:06:10  INFO      Triggered sd_moj8j22q1smlpoo6mw  ('supermarket' @ 25.071523,55.273477)
2026-04-29 03:06:10  INFO      [sd_moj8j22q1smlpoo6mw] Status: running
2026-04-29 03:12:21  INFO      [sd_moj8j22q1smlpoo6mw] Status: ready
2026-04-29 03:12:22  INFO      Skipped 116 duplicate(s)
2026-04-29 03:12:23  INFO      Retrieved 70 record(s) — 19637 total | This run: 861 / $4.3440 | All-time: $137.5740
2026-04-29 03:12:23  INFO      [16/690] Processing: 'restaurant' @ 25.071523,55.422772
2026-04-29 03:12:24  INFO      Triggered sd_moj8r31p1owbxasqzr  ('restaurant' @ 25.071523,55.422772)
2026-04-29 03:12:25  INFO      [sd_moj8r31p1owbxasqzr] Status: running
2026-04-29 03:17:32  INFO      [sd_moj8r31p1owbxasqzr] Status: ready
2026-04-29 03:17:34  INFO      Skipped 109 duplicate(s)
2026-04-29 03:17:35  INFO      Retrieved 154 record(s) — 19791 total | This run: 1015 / $4.7385 | All-time: $137.9685
2026-04-29 03:17:35  INFO      [17/690] Processing: 'cafe' @ 25.071523,55.422772
2026-04-29 03:17:36  INFO      Triggered sd_moj8xrq71fap6yb3b9  ('cafe' @ 25.071523,55.422772)
2026-04-29 03:17:37  INFO      [sd_moj8xrq71fap6yb3b9] Status: running
2026-04-29 03:24:49  INFO      [sd_moj8xrq71fap6yb3b9] Status: ready
2026-04-29 03:24:51  INFO      Skipped 240 duplicate(s)
2026-04-29 03:24:52  INFO      Retrieved 108 record(s) — 19899 total | This run: 1123 / $5.2605 | All-time: $138.4905
2026-04-29 03:24:52  INFO      [18/690] Processing: 'hotel' @ 25.071523,55.422772
2026-04-29 03:24:53  INFO      Triggered sd_moj974ov25awlz0xaf  ('hotel' @ 25.071523,55.422772)
2026-04-29 03:24:54  INFO      [sd_moj974ov25awlz0xaf] Status: running
2026-04-29 03:28:35  INFO      [sd_moj974ov25awlz0xaf] Status: ready
2026-04-29 03:28:37  INFO      Skipped 8 duplicate(s)
2026-04-29 03:28:38  INFO      Retrieved 27 record(s) — 19926 total | This run: 1150 / $5.3130 | All-time: $138.5430
2026-04-29 03:28:38  INFO      [19/690] Processing: 'mall' @ 25.071523,55.422772
2026-04-29 03:28:38  INFO      Triggered sd_moj9byt81ysz8crxa5  ('mall' @ 25.071523,55.422772)
2026-04-29 03:28:39  INFO      [sd_moj9byt81ysz8crxa5] Status: running
2026-04-29 03:35:39  INFO      [sd_moj9byt81ysz8crxa5] Status: ready
2026-04-29 03:35:41  INFO      Skipped 85 duplicate(s)
2026-04-29 03:35:42  INFO      Retrieved 167 record(s) — 20093 total | This run: 1317 / $5.6910 | All-time: $138.9210
2026-04-29 03:35:42  INFO      [20/690] Processing: 'gym' @ 25.071523,55.422772
2026-04-29 03:35:43  INFO      Triggered sd_moj9l28c2owd3txnau  ('gym' @ 25.071523,55.422772)
2026-04-29 03:35:44  INFO      [sd_moj9l28c2owd3txnau] Status: running
2026-04-29 03:40:52  INFO      [sd_moj9l28c2owd3txnau] Status: ready
2026-04-29 03:40:54  INFO      Skipped 232 duplicate(s)
2026-04-29 03:40:55  INFO      Retrieved 108 record(s) — 20201 total | This run: 1425 / $6.2010 | All-time: $139.4310
2026-04-29 03:40:55  INFO      [21/690] Processing: 'hospital' @ 25.071523,55.422772
2026-04-29 03:40:56  INFO      Triggered sd_moj9rs372mrm4r69s6  ('hospital' @ 25.071523,55.422772)
2026-04-29 03:40:57  INFO      [sd_moj9rs372mrm4r69s6] Status: running
2026-04-29 03:43:34  INFO      [sd_moj9rs372mrm4r69s6] Status: ready
2026-04-29 03:43:35  INFO      Skipped 85 duplicate(s)
2026-04-29 03:43:36  INFO      Retrieved 1 record(s) — 20202 total | This run: 1426 / $6.3300 | All-time: $139.5600
2026-04-29 03:43:36  INFO      [22/690] Processing: 'mosque' @ 25.071523,55.422772
2026-04-29 03:43:37  INFO      Triggered sd_moj9v89s1bxoqmevbc  ('mosque' @ 25.071523,55.422772)
2026-04-29 03:43:38  INFO      [sd_moj9v89s1bxoqmevbc] Status: running
2026-04-29 03:47:02  INFO      [sd_moj9v89s1bxoqmevbc] Status: ready
2026-04-29 03:47:04  INFO      Skipped 270 duplicate(s)
2026-04-29 03:47:05  INFO      Retrieved 82 record(s) — 20284 total | This run: 1508 / $6.8580 | All-time: $140.0880
2026-04-29 03:47:05  INFO      [23/690] Processing: 'spa' @ 25.071523,55.422772
2026-04-29 03:47:06  INFO      Triggered sd_moj9zpni6azwfflzz  ('spa' @ 25.071523,55.422772)
2026-04-29 03:47:07  INFO      [sd_moj9zpni6azwfflzz] Status: running
2026-04-29 03:53:44  INFO      [sd_moj9zpni6azwfflzz] Status: ready
2026-04-29 03:53:47  INFO      Skipped 244 duplicate(s)
2026-04-29 03:53:47  INFO      Retrieved 106 record(s) — 20390 total | This run: 1614 / $7.3830 | All-time: $140.6130
2026-04-29 03:53:47  INFO      [24/690] Processing: 'cinema' @ 25.071523,55.422772
2026-04-29 03:53:48  INFO      Triggered sd_moja8bxy6ysveq4v  ('cinema' @ 25.071523,55.422772)
2026-04-29 03:53:49  INFO      [sd_moja8bxy6ysveq4v] Status: running
2026-04-29 03:58:34  INFO      [sd_moja8bxy6ysveq4v] Status: ready
2026-04-29 03:58:36  INFO      Skipped 126 duplicate(s)
2026-04-29 03:58:37  INFO      Retrieved 46 record(s) — 20436 total | This run: 1660 / $7.6410 | All-time: $140.8710
2026-04-29 03:58:37  INFO      [25/690] Processing: 'bakery' @ 25.071523,55.422772
2026-04-29 03:58:38  INFO      Triggered sd_mojaejf42cdmpih6is  ('bakery' @ 25.071523,55.422772)
2026-04-29 03:58:39  INFO      [sd_mojaejf42cdmpih6is] Status: running
2026-04-29 04:15:28  INFO      [sd_mojaejf42cdmpih6is] Status: ready
2026-04-29 04:15:30  INFO      Skipped 163 duplicate(s)
2026-04-29 04:15:31  INFO      Retrieved 107 record(s) — 20543 total | This run: 1767 / $8.0460 | All-time: $141.2760
2026-04-29 04:15:31  INFO      [26/690] Processing: 'pharmacy' @ 25.071523,55.422772
2026-04-29 04:15:32  INFO      Triggered sd_mojb09go1pjvzm6p7g  ('pharmacy' @ 25.071523,55.422772)
2026-04-29 04:15:32  INFO      [sd_mojb09go1pjvzm6p7g] Status: running
2026-04-29 04:40:35  INFO      [sd_mojb09go1pjvzm6p7g] Status: ready
2026-04-29 04:40:37  INFO      Skipped 169 duplicate(s)
2026-04-29 04:40:38  INFO      Retrieved 128 record(s) — 20671 total | This run: 1895 / $8.4915 | All-time: $141.7215
2026-04-29 04:40:38  INFO      [27/690] Processing: 'clinic' @ 25.071523,55.422772
2026-04-29 04:40:39  INFO      Triggered sd_mojbwktb2n2drt4pwy  ('clinic' @ 25.071523,55.422772)
2026-04-29 04:40:40  INFO      [sd_mojbwktb2n2drt4pwy] Status: running
2026-04-29 04:49:20  INFO      [sd_mojbwktb2n2drt4pwy] Status: ready
2026-04-29 04:49:22  INFO      Skipped 121 duplicate(s)
2026-04-29 04:49:23  INFO      Retrieved 150 record(s) — 20821 total | This run: 2045 / $8.8980 | All-time: $142.1280
2026-04-29 04:49:23  INFO      [28/690] Processing: 'school' @ 25.071523,55.422772
2026-04-29 04:49:23  INFO      Triggered sd_mojc7t9ofeneonw9r  ('school' @ 25.071523,55.422772)
2026-04-29 04:49:24  INFO      [sd_mojc7t9ofeneonw9r] Status: running
2026-04-29 04:54:39  INFO      [sd_mojc7t9ofeneonw9r] Status: ready
2026-04-29 04:54:41  INFO      Skipped 111 duplicate(s)
2026-04-29 04:54:42  INFO      Retrieved 140 record(s) — 20961 total | This run: 2185 / $9.2745 | All-time: $142.5045
2026-04-29 04:54:42  INFO      [29/690] Processing: 'bank' @ 25.071523,55.422772
2026-04-29 04:54:43  INFO      Triggered sd_mojcenxj2cg31mrd5s  ('bank' @ 25.071523,55.422772)
2026-04-29 04:54:44  INFO      [sd_mojcenxj2cg31mrd5s] Status: running
2026-04-29 04:59:19  INFO      [sd_mojcenxj2cg31mrd5s] Status: ready
2026-04-29 04:59:21  INFO      Skipped 60 duplicate(s)
2026-04-29 04:59:22  INFO      Retrieved 97 record(s) — 21058 total | This run: 2282 / $9.5100 | All-time: $142.7400
2026-04-29 04:59:22  INFO      [30/690] Processing: 'supermarket' @ 25.071523,55.422772
2026-04-29 04:59:23  INFO      Triggered sd_mojcknk938txu7bdq  ('supermarket' @ 25.071523,55.422772)
2026-04-29 04:59:23  INFO      [sd_mojcknk938txu7bdq] Status: running
2026-04-29 05:01:56  INFO      [sd_mojcknk938txu7bdq] Status: ready
2026-04-29 05:01:59  INFO      Skipped 199 duplicate(s)
2026-04-29 05:02:00  INFO      Retrieved 113 record(s) — 21171 total | This run: 2395 / $9.9780 | All-time: $143.2080
2026-04-29 05:02:00  INFO      [31/690] Processing: 'restaurant' @ 25.206658,55.124182
2026-04-29 05:02:01  INFO      Triggered sd_mojco24v25jfqwug7x  ('restaurant' @ 25.206658,55.124182)
2026-04-29 05:02:03  INFO      [sd_mojco24v25jfqwug7x] Status: running
2026-04-29 05:16:08  INFO      [sd_mojco24v25jfqwug7x] Status: ready
2026-04-29 05:16:10  INFO      Skipped 86 duplicate(s)
2026-04-29 05:16:11  INFO      Retrieved 115 record(s) — 21286 total | This run: 2510 / $10.2795 | All-time: $143.5095
2026-04-29 05:16:11  INFO      [32/690] Processing: 'cafe' @ 25.206658,55.124182
2026-04-29 05:16:12  INFO      Triggered sd_mojd6ao11r8kknbkp6  ('cafe' @ 25.206658,55.124182)
2026-04-29 05:16:13  INFO      [sd_mojd6ao11r8kknbkp6] Status: running
2026-04-29 05:18:33  INFO      [sd_mojd6ao11r8kknbkp6] Status: ready
2026-04-29 05:18:35  INFO      Skipped 92 duplicate(s)
2026-04-29 05:18:36  INFO      Retrieved 83 record(s) — 21369 total | This run: 2593 / $10.5420 | All-time: $143.7720
2026-04-29 05:18:36  INFO      [33/690] Processing: 'hotel' @ 25.206658,55.124182
2026-04-29 05:18:37  INFO      Triggered sd_mojd9dz61gz1rx8fuf  ('hotel' @ 25.206658,55.124182)
2026-04-29 05:18:37  INFO      [sd_mojd9dz61gz1rx8fuf] Status: running
2026-04-29 05:19:30  INFO      [sd_mojd9dz61gz1rx8fuf] Status: ready
2026-04-29 05:19:32  INFO      Retrieved 3 record(s) — 21372 total | This run: 2596 / $10.5465 | All-time: $143.7765
2026-04-29 05:19:32  INFO      [34/690] Processing: 'mall' @ 25.206658,55.124182
2026-04-29 05:19:33  INFO      Triggered sd_mojdalk61sncemxr0l  ('mall' @ 25.206658,55.124182)
2026-04-29 05:19:34  INFO      [sd_mojdalk61sncemxr0l] Status: running
2026-04-29 05:23:04  INFO      [sd_mojdalk61sncemxr0l] Status: ready
2026-04-29 05:23:06  INFO      Skipped 70 duplicate(s)
2026-04-29 05:23:07  INFO      Retrieved 126 record(s) — 21498 total | This run: 2722 / $10.8405 | All-time: $144.0705
2026-04-29 05:23:07  INFO      [35/690] Processing: 'gym' @ 25.206658,55.124182
2026-04-29 05:23:08  INFO      Triggered sd_mojdf76z41j673qnb  ('gym' @ 25.206658,55.124182)
2026-04-29 05:23:09  INFO      [sd_mojdf76z41j673qnb] Status: running
2026-04-29 05:27:07  INFO      [sd_mojdf76z41j673qnb] Status: ready
2026-04-29 05:27:09  INFO      Skipped 159 duplicate(s)
2026-04-29 05:27:09  INFO      Retrieved 68 record(s) — 21566 total | This run: 2790 / $11.1810 | All-time: $144.4110
2026-04-29 05:27:09  INFO      [36/690] Processing: 'hospital' @ 25.206658,55.124182
2026-04-29 05:27:10  INFO      Triggered sd_mojdkeha2b8vd02lt1  ('hospital' @ 25.206658,55.124182)
2026-04-29 05:27:11  INFO      [sd_mojdkeha2b8vd02lt1] Status: running
2026-04-29 05:32:50  INFO      [sd_mojdkeha2b8vd02lt1] Status: ready
2026-04-29 05:32:52  INFO      Skipped 50 duplicate(s)
2026-04-29 05:32:53  INFO      Retrieved 0 record(s) — 21566 total | This run: 2790 / $11.2560 | All-time: $144.4860
2026-04-29 05:32:53  INFO      [37/690] Processing: 'mosque' @ 25.206658,55.124182
2026-04-29 05:32:54  INFO      Triggered sd_mojdrralhury7tmii  ('mosque' @ 25.206658,55.124182)
2026-04-29 05:32:54  INFO      [sd_mojdrralhury7tmii] Status: running
2026-04-29 05:36:29  INFO      [sd_mojdrralhury7tmii] Status: ready
2026-04-29 05:36:30  INFO      Skipped 177 duplicate(s)
2026-04-29 05:36:32  INFO      Retrieved 42 record(s) — 21608 total | This run: 2832 / $11.5845 | All-time: $144.8145
2026-04-29 05:36:32  INFO      [38/690] Processing: 'spa' @ 25.206658,55.124182
2026-04-29 05:36:32  INFO      Triggered sd_mojdwg4v57o5pesss  ('spa' @ 25.206658,55.124182)
2026-04-29 05:36:33  INFO      [sd_mojdwg4v57o5pesss] Status: running
2026-04-29 05:39:28  INFO      [sd_mojdwg4v57o5pesss] Status: ready
2026-04-29 05:39:30  INFO      Skipped 179 duplicate(s)
2026-04-29 05:39:31  INFO      Retrieved 91 record(s) — 21699 total | This run: 2923 / $11.9895 | All-time: $145.2195
2026-04-29 05:39:31  INFO      [39/690] Processing: 'cinema' @ 25.206658,55.124182
2026-04-29 05:39:32  INFO      Triggered sd_moje0aira8hlm2ni2  ('cinema' @ 25.206658,55.124182)
2026-04-29 05:39:33  INFO      [sd_moje0aira8hlm2ni2] Status: running
2026-04-29 05:45:56  INFO      [sd_moje0aira8hlm2ni2] Status: ready
2026-04-29 05:45:58  INFO      Skipped 125 duplicate(s)
2026-04-29 05:45:59  INFO      Retrieved 8 record(s) — 21707 total | This run: 2931 / $12.1890 | All-time: $145.4190
2026-04-29 05:45:59  INFO      [40/690] Processing: 'bakery' @ 25.206658,55.124182
2026-04-29 05:46:00  INFO      Triggered sd_moje8lv8kwcysefi7  ('bakery' @ 25.206658,55.124182)
2026-04-29 05:46:01  INFO      [sd_moje8lv8kwcysefi7] Status: running
2026-04-29 05:48:49  INFO      [sd_moje8lv8kwcysefi7] Status: ready
2026-04-29 05:48:50  INFO      Skipped 155 duplicate(s)
2026-04-29 05:48:51  INFO      Retrieved 31 record(s) — 21738 total | This run: 2962 / $12.4680 | All-time: $145.6980
2026-04-29 05:48:51  INFO      [41/690] Processing: 'pharmacy' @ 25.206658,55.124182
2026-04-29 05:48:52  INFO      Triggered sd_mojecazpdav12ugxi  ('pharmacy' @ 25.206658,55.124182)
2026-04-29 05:48:53  INFO      [sd_mojecazpdav12ugxi] Status: running
2026-04-29 05:51:13  INFO      [sd_mojecazpdav12ugxi] Status: ready
2026-04-29 05:51:14  INFO      Skipped 97 duplicate(s)
2026-04-29 05:51:15  INFO      Retrieved 79 record(s) — 21817 total | This run: 3041 / $12.7320 | All-time: $145.9620
2026-04-29 05:51:15  INFO      [42/690] Processing: 'clinic' @ 25.206658,55.124182
2026-04-29 05:51:16  INFO      Triggered sd_mojefe6mfmp5rv541  ('clinic' @ 25.206658,55.124182)
2026-04-29 05:51:17  INFO      [sd_mojefe6mfmp5rv541] Status: running
2026-04-29 05:56:02  INFO      [sd_mojefe6mfmp5rv541] Status: ready
2026-04-29 05:56:04  INFO      Skipped 64 duplicate(s)
2026-04-29 05:56:05  INFO      Retrieved 163 record(s) — 21980 total | This run: 3204 / $13.0725 | All-time: $146.3025
2026-04-29 05:56:05  INFO      [43/690] Processing: 'school' @ 25.206658,55.124182
2026-04-29 05:56:06  INFO      Triggered sd_mojellaklg6yam7it  ('school' @ 25.206658,55.124182)
2026-04-29 05:56:06  INFO      [sd_mojellaklg6yam7it] Status: running
2026-04-29 06:02:55  INFO      [sd_mojellaklg6yam7it] Status: ready
2026-04-29 06:02:57  INFO      Skipped 108 duplicate(s)
2026-04-29 06:02:58  INFO      Retrieved 88 record(s) — 22068 total | This run: 3292 / $13.3665 | All-time: $146.5965
2026-04-29 06:02:58  INFO      [44/690] Processing: 'bank' @ 25.206658,55.124182
2026-04-29 06:02:59  INFO      Triggered sd_mojeufzw28orc3qvko  ('bank' @ 25.206658,55.124182)
2026-04-29 06:02:59  INFO      [sd_mojeufzw28orc3qvko] Status: running
2026-04-29 06:09:17  INFO      [sd_mojeufzw28orc3qvko] Status: ready
2026-04-29 06:09:19  INFO      Skipped 109 duplicate(s)
2026-04-29 06:09:20  INFO      Retrieved 38 record(s) — 22106 total | This run: 3330 / $13.5870 | All-time: $146.8170
2026-04-29 06:09:20  INFO      [45/690] Processing: 'supermarket' @ 25.206658,55.124182
2026-04-29 06:09:21  INFO      Triggered sd_mojf2mzg29j19er9cr  ('supermarket' @ 25.206658,55.124182)
2026-04-29 06:09:22  INFO      [sd_mojf2mzg29j19er9cr] Status: running
2026-04-29 06:13:11  INFO      [sd_mojf2mzg29j19er9cr] Status: ready
2026-04-29 06:13:13  INFO      Skipped 128 duplicate(s)
2026-04-29 06:13:14  INFO      Retrieved 59 record(s) — 22165 total | This run: 3389 / $13.8675 | All-time: $147.0975
2026-04-29 06:13:14  INFO      [46/690] Processing: 'restaurant' @ 25.206658,55.273477
2026-04-29 06:13:15  INFO      Triggered sd_mojf7nazgifzktd2  ('restaurant' @ 25.206658,55.273477)
2026-04-29 06:13:15  INFO      [sd_mojf7nazgifzktd2] Status: running
2026-04-29 06:19:58  INFO      [sd_mojf7nazgifzktd2] Status: ready
2026-04-29 06:20:00  INFO      Skipped 84 duplicate(s)
2026-04-29 06:20:02  INFO      Retrieved 150 record(s) — 22315 total | This run: 3539 / $14.2185 | All-time: $147.4485
2026-04-29 06:20:02  INFO      [47/690] Processing: 'cafe' @ 25.206658,55.273477
2026-04-29 06:20:03  INFO      Triggered sd_mojfge4c1djtmul39k  ('cafe' @ 25.206658,55.273477)
2026-04-29 06:20:03  INFO      [sd_mojfge4c1djtmul39k] Status: running
2026-04-29 06:29:47  INFO      [sd_mojfge4c1djtmul39k] Status: ready
2026-04-29 06:29:49  INFO      Skipped 190 duplicate(s)
2026-04-29 06:29:50  INFO      Retrieved 126 record(s) — 22441 total | This run: 3665 / $14.6925 | All-time: $147.9225
2026-04-29 06:29:50  INFO      [48/690] Processing: 'hotel' @ 25.206658,55.273477
2026-04-29 06:29:51  INFO      Triggered sd_mojft0fb200k46db2f  ('hotel' @ 25.206658,55.273477)
2026-04-29 06:29:52  INFO      [sd_mojft0fb200k46db2f] Status: running
2026-04-29 06:34:32  INFO      [sd_mojft0fb200k46db2f] Status: ready
2026-04-29 06:34:34  INFO      Skipped 29 duplicate(s)
2026-04-29 06:34:35  INFO      Retrieved 461 record(s) — 22902 total | This run: 4126 / $15.4275 | All-time: $148.6575
2026-04-29 06:34:35  INFO      [49/690] Processing: 'mall' @ 25.206658,55.273477
2026-04-29 06:34:36  INFO      Triggered sd_mojfz48i221z5v7xk  ('mall' @ 25.206658,55.273477)
2026-04-29 06:34:37  INFO      [sd_mojfz48i221z5v7xk] Status: running
2026-04-29 06:37:20  INFO      [sd_mojfz48i221z5v7xk] Status: ready
2026-04-29 06:37:22  INFO      Skipped 78 duplicate(s)
2026-04-29 06:37:23  INFO      Retrieved 156 record(s) — 23058 total | This run: 4282 / $15.7785 | All-time: $149.0085
2026-04-29 06:37:23  INFO      [50/690] Processing: 'gym' @ 25.206658,55.273477
2026-04-29 06:37:24  INFO      Triggered sd_mojg2pvu2q0v1xeepz  ('gym' @ 25.206658,55.273477)
2026-04-29 06:37:25  INFO      [sd_mojg2pvu2q0v1xeepz] Status: running
2026-04-29 06:41:12  INFO      [sd_mojg2pvu2q0v1xeepz] Status: ready
2026-04-29 06:41:14  INFO      Skipped 205 duplicate(s)
2026-04-29 06:41:15  INFO      Retrieved 177 record(s) — 23235 total | This run: 4459 / $16.3515 | All-time: $149.5815
2026-04-29 06:41:15  INFO      [51/690] Processing: 'hospital' @ 25.206658,55.273477
2026-04-29 06:41:16  INFO      Triggered sd_mojg7ozn1fj2b6d0ie  ('hospital' @ 25.206658,55.273477)
2026-04-29 06:41:17  INFO      [sd_mojg7ozn1fj2b6d0ie] Status: running
2026-04-29 06:43:07  INFO      [sd_mojg7ozn1fj2b6d0ie] Status: ready
2026-04-29 06:43:08  INFO      Skipped 85 duplicate(s)
2026-04-29 06:43:10  INFO      Retrieved 4 record(s) — 23239 total | This run: 4463 / $16.4850 | All-time: $149.7150
2026-04-29 06:43:10  INFO      [52/690] Processing: 'mosque' @ 25.206658,55.273477
2026-04-29 06:43:11  INFO      Triggered sd_mojga577jgvqdhu08  ('mosque' @ 25.206658,55.273477)
2026-04-29 06:43:12  INFO      [sd_mojga577jgvqdhu08] Status: running
2026-04-29 06:46:35  INFO      [sd_mojga577jgvqdhu08] Status: ready
2026-04-29 06:46:37  INFO      Skipped 252 duplicate(s)
2026-04-29 06:46:38  INFO      Retrieved 68 record(s) — 23307 total | This run: 4531 / $16.9650 | All-time: $150.1950
2026-04-29 06:46:38  INFO      [53/690] Processing: 'spa' @ 25.206658,55.273477
2026-04-29 06:46:39  INFO      Triggered sd_mojgelkcpra8xe7dt  ('spa' @ 25.206658,55.273477)
2026-04-29 06:46:39  INFO      [sd_mojgelkcpra8xe7dt] Status: running
2026-04-29 06:50:37  INFO      [sd_mojgelkcpra8xe7dt] Status: ready
2026-04-29 06:50:39  INFO      Skipped 198 duplicate(s)
2026-04-29 06:50:40  INFO      Retrieved 92 record(s) — 23399 total | This run: 4623 / $17.4000 | All-time: $150.6300
2026-04-29 06:50:40  INFO      [54/690] Processing: 'cinema' @ 25.206658,55.273477
2026-04-29 06:50:41  INFO      Triggered sd_mojgjshx1l70baw3s  ('cinema' @ 25.206658,55.273477)
2026-04-29 06:50:42  INFO      [sd_mojgjshx1l70baw3s] Status: running
2026-04-29 06:52:21  INFO      [sd_mojgjshx1l70baw3s] Status: ready
2026-04-29 06:52:22  INFO      Skipped 125 duplicate(s)
2026-04-29 06:52:23  INFO      Retrieved 38 record(s) — 23437 total | This run: 4661 / $17.6445 | All-time: $150.8745
2026-04-29 06:52:23  INFO      [55/690] Processing: 'bakery' @ 25.206658,55.273477
2026-04-29 06:52:24  INFO      Triggered sd_mojgm0dl1gumwk6c05  ('bakery' @ 25.206658,55.273477)
2026-04-29 06:52:25  INFO      [sd_mojgm0dl1gumwk6c05] Status: running
2026-04-29 06:56:49  INFO      [sd_mojgm0dl1gumwk6c05] Status: ready
2026-04-29 06:56:51  INFO      Skipped 151 duplicate(s)
2026-04-29 06:56:52  INFO      Retrieved 84 record(s) — 23521 total | This run: 4745 / $17.9970 | All-time: $151.2270
2026-04-29 06:56:52  INFO      [56/690] Processing: 'pharmacy' @ 25.206658,55.273477
2026-04-29 06:56:53  INFO      Triggered sd_mojgrrygnomarkadj  ('pharmacy' @ 25.206658,55.273477)
2026-04-29 06:56:54  INFO      [sd_mojgrrygnomarkadj] Status: running
2026-04-29 07:02:00  INFO      [sd_mojgrrygnomarkadj] Status: ready
2026-04-29 07:02:02  INFO      Skipped 191 duplicate(s)
2026-04-29 07:02:04  INFO      Retrieved 88 record(s) — 23609 total | This run: 4833 / $18.4155 | All-time: $151.6455
2026-04-29 07:02:04  INFO      [57/690] Processing: 'clinic' @ 25.206658,55.273477
2026-04-29 07:02:04  INFO      Triggered sd_mojgyg1t20v3cpl5z  ('clinic' @ 25.206658,55.273477)
2026-04-29 07:02:05  INFO      [sd_mojgyg1t20v3cpl5z] Status: running
2026-04-29 07:08:27  INFO      [sd_mojgyg1t20v3cpl5z] Status: ready
2026-04-29 07:08:29  INFO      Skipped 119 duplicate(s)
2026-04-29 07:08:30  INFO      Retrieved 181 record(s) — 23790 total | This run: 5014 / $18.8655 | All-time: $152.0955
2026-04-29 07:08:30  INFO      [58/690] Processing: 'school' @ 25.206658,55.273477
2026-04-29 07:08:31  INFO      Triggered sd_mojh6qci2qtlr59o7  ('school' @ 25.206658,55.273477)
2026-04-29 07:08:32  INFO      [sd_mojh6qci2qtlr59o7] Status: running
2026-04-29 07:15:37  INFO      [sd_mojh6qci2qtlr59o7] Status: ready
2026-04-29 07:15:39  INFO      Skipped 110 duplicate(s)
2026-04-29 07:15:40  INFO      Retrieved 119 record(s) — 23909 total | This run: 5133 / $19.2090 | All-time: $152.4390
2026-04-29 07:15:40  INFO      [59/690] Processing: 'bank' @ 25.206658,55.273477
2026-04-29 07:15:41  INFO      Triggered sd_mojhfxst28esogef8k  ('bank' @ 25.206658,55.273477)
2026-04-29 07:15:42  INFO      [sd_mojhfxst28esogef8k] Status: running
2026-04-29 07:18:53  INFO      [sd_mojhfxst28esogef8k] Status: ready
2026-04-29 07:18:54  INFO      Skipped 85 duplicate(s)
2026-04-29 07:18:55  INFO      Retrieved 79 record(s) — 23988 total | This run: 5212 / $19.4550 | All-time: $152.6850
2026-04-29 07:18:55  INFO      [60/690] Processing: 'supermarket' @ 25.206658,55.273477
2026-04-29 07:18:56  INFO      Triggered sd_mojhk4sg1kyybus3bm  ('supermarket' @ 25.206658,55.273477)
2026-04-29 07:18:57  INFO      [sd_mojhk4sg1kyybus3bm] Status: running
2026-04-29 07:24:11  INFO      [sd_mojhk4sg1kyybus3bm] Status: ready
2026-04-29 07:24:13  INFO      Skipped 216 duplicate(s)
2026-04-29 07:24:14  INFO      Retrieved 94 record(s) — 24082 total | This run: 5306 / $19.9200 | All-time: $153.1500
2026-04-29 07:24:14  INFO      [61/690] Processing: 'restaurant' @ 25.206658,55.422772
2026-04-29 07:24:15  INFO      Triggered sd_mojhqyh224pwdgegll  ('restaurant' @ 25.206658,55.422772)
2026-04-29 07:24:16  INFO      [sd_mojhqyh224pwdgegll] Status: running
2026-04-29 07:31:02  INFO      [sd_mojhqyh224pwdgegll] Status: ready
2026-04-29 07:31:04  INFO      Skipped 59 duplicate(s)
2026-04-29 07:31:06  INFO      Retrieved 161 record(s) — 24243 total | This run: 5467 / $20.2500 | All-time: $153.4800
2026-04-29 07:31:06  INFO      [62/690] Processing: 'cafe' @ 25.206658,55.422772
2026-04-29 07:31:07  INFO      Triggered sd_mojhzs77bu3z1awfv  ('cafe' @ 25.206658,55.422772)
2026-04-29 07:31:07  INFO      [sd_mojhzs77bu3z1awfv] Status: running
2026-04-29 07:34:01  INFO      [sd_mojhzs77bu3z1awfv] Status: ready
2026-04-29 07:34:03  INFO      Skipped 80 duplicate(s)
2026-04-29 07:34:04  INFO      Retrieved 119 record(s) — 24362 total | This run: 5586 / $20.5485 | All-time: $153.7785
2026-04-29 07:34:04  INFO      [63/690] Processing: 'hotel' @ 25.206658,55.422772
2026-04-29 07:34:05  INFO      Triggered sd_moji3ls82qb4z38txy  ('hotel' @ 25.206658,55.422772)
2026-04-29 07:34:06  INFO      [sd_moji3ls82qb4z38txy] Status: running
2026-04-29 07:35:03  INFO      [sd_moji3ls82qb4z38txy] Status: ready
2026-04-29 07:35:05  INFO      Skipped 9 duplicate(s)
2026-04-29 07:35:06  INFO      Retrieved 7 record(s) — 24369 total | This run: 5593 / $20.5725 | All-time: $153.8025
2026-04-29 07:35:06  INFO      [64/690] Processing: 'mall' @ 25.206658,55.422772
2026-04-29 07:35:07  INFO      Triggered sd_moji4xhhh0axparbn  ('mall' @ 25.206658,55.422772)
2026-04-29 07:35:08  INFO      [sd_moji4xhhh0axparbn] Status: running
2026-04-29 07:40:05  INFO      [sd_moji4xhhh0axparbn] Status: ready
2026-04-29 07:40:07  INFO      Skipped 55 duplicate(s)
2026-04-29 07:40:08  INFO      Retrieved 169 record(s) — 24538 total | This run: 5762 / $20.9085 | All-time: $154.1385
2026-04-29 07:40:08  INFO      [65/690] Processing: 'gym' @ 25.206658,55.422772
2026-04-29 07:40:09  INFO      Triggered sd_mojibeiq13v7dyxc5b  ('gym' @ 25.206658,55.422772)
2026-04-29 07:40:09  INFO      [sd_mojibeiq13v7dyxc5b] Status: running
2026-04-29 07:44:48  INFO      [sd_mojibeiq13v7dyxc5b] Status: ready
2026-04-29 07:44:50  INFO      Skipped 113 duplicate(s)
2026-04-29 07:44:52  INFO      Retrieved 92 record(s) — 24630 total | This run: 5854 / $21.2160 | All-time: $154.4460
2026-04-29 07:44:52  INFO      [66/690] Processing: 'hospital' @ 25.206658,55.422772
2026-04-29 07:44:53  INFO      Triggered sd_mojihhjm2cq3u4h2bu  ('hospital' @ 25.206658,55.422772)
2026-04-29 07:44:53  INFO      [sd_mojihhjm2cq3u4h2bu] Status: running
2026-04-29 07:47:58  INFO      [sd_mojihhjm2cq3u4h2bu] Status: ready
2026-04-29 07:47:59  INFO      Skipped 64 duplicate(s)
2026-04-29 07:48:00  INFO      Retrieved 4 record(s) — 24634 total | This run: 5858 / $21.3180 | All-time: $154.5480
2026-04-29 07:48:00  INFO      [67/690] Processing: 'mosque' @ 25.206658,55.422772
2026-04-29 07:48:01  INFO      Triggered sd_mojilj6b1yndfaaw5x  ('mosque' @ 25.206658,55.422772)
2026-04-29 07:48:02  INFO      [sd_mojilj6b1yndfaaw5x] Status: running
2026-04-29 07:50:45  INFO      [sd_mojilj6b1yndfaaw5x] Status: ready
2026-04-29 07:50:46  INFO      Skipped 128 duplicate(s)
2026-04-29 07:50:47  INFO      Retrieved 131 record(s) — 24765 total | This run: 5989 / $21.7065 | All-time: $154.9365
2026-04-29 07:50:47  INFO      [68/690] Processing: 'spa' @ 25.206658,55.422772
2026-04-29 07:50:50  INFO      Triggered sd_mojip51z11t2qvinwg  ('spa' @ 25.206658,55.422772)
2026-04-29 07:50:50  INFO      [sd_mojip51z11t2qvinwg] Status: running
2026-04-29 07:55:38  INFO      [sd_mojip51z11t2qvinwg] Status: ready
2026-04-29 07:55:40  INFO      Skipped 137 duplicate(s)
2026-04-29 07:55:41  INFO      Retrieved 81 record(s) — 24846 total | This run: 6070 / $22.0335 | All-time: $155.2635
2026-04-29 07:55:41  INFO      [69/690] Processing: 'cinema' @ 25.206658,55.422772
2026-04-29 07:55:42  INFO      Triggered sd_mojiver22l450i3j26  ('cinema' @ 25.206658,55.422772)
2026-04-29 07:55:43  INFO      [sd_mojiver22l450i3j26] Status: running
2026-04-29 07:59:57  INFO      [sd_mojiver22l450i3j26] Status: ready
2026-04-29 07:59:59  INFO      Skipped 143 duplicate(s)
2026-04-29 08:00:00  INFO      Retrieved 23 record(s) — 24869 total | This run: 6093 / $22.2825 | All-time: $155.5125
2026-04-29 08:00:00  INFO      [70/690] Processing: 'bakery' @ 25.206658,55.422772
2026-04-29 08:00:01  INFO      Triggered sd_mojj0yfoe5k0f7k9a  ('bakery' @ 25.206658,55.422772)
2026-04-29 08:00:02  INFO      [sd_mojj0yfoe5k0f7k9a] Status: running
2026-04-29 08:02:46  INFO      [sd_mojj0yfoe5k0f7k9a] Status: ready
2026-04-29 08:02:48  INFO      Skipped 141 duplicate(s)
2026-04-29 08:02:49  INFO      Retrieved 64 record(s) — 24933 total | This run: 6157 / $22.5900 | All-time: $155.8200
2026-04-29 08:02:49  INFO      [71/690] Processing: 'pharmacy' @ 25.206658,55.422772
2026-04-29 08:02:50  INFO      Triggered sd_mojj4ksx1m6zt2zffz  ('pharmacy' @ 25.206658,55.422772)
2026-04-29 08:02:51  INFO      [sd_mojj4ksx1m6zt2zffz] Status: running
2026-04-29 08:04:46  INFO      [sd_mojj4ksx1m6zt2zffz] Status: ready
2026-04-29 08:04:48  INFO      Skipped 88 duplicate(s)
2026-04-29 08:04:49  INFO      Retrieved 89 record(s) — 25022 total | This run: 6246 / $22.8555 | All-time: $156.0855
2026-04-29 08:04:49  INFO      [72/690] Processing: 'clinic' @ 25.206658,55.422772
2026-04-29 08:04:50  INFO      Triggered sd_mojj75l8136ygqpqk0  ('clinic' @ 25.206658,55.422772)
2026-04-29 08:04:51  INFO      [sd_mojj75l8136ygqpqk0] Status: running
2026-04-29 08:14:32  INFO      [sd_mojj75l8136ygqpqk0] Status: ready
2026-04-29 08:14:33  INFO      Skipped 88 duplicate(s)
2026-04-29 08:14:35  INFO      Retrieved 133 record(s) — 25155 total | This run: 6379 / $23.1870 | All-time: $156.4170
2026-04-29 08:14:35  INFO      [73/690] Processing: 'school' @ 25.206658,55.422772
2026-04-29 08:14:35  INFO      Triggered sd_mojjjpa01w955evqfr  ('school' @ 25.206658,55.422772)
2026-04-29 08:14:36  INFO      [sd_mojjjpa01w955evqfr] Status: running
2026-04-29 08:20:49  INFO      [sd_mojjjpa01w955evqfr] Status: ready
2026-04-29 08:20:50  INFO      Skipped 63 duplicate(s)
2026-04-29 08:20:52  INFO      Retrieved 147 record(s) — 25302 total | This run: 6526 / $23.5020 | All-time: $156.7320
2026-04-29 08:20:52  INFO      [74/690] Processing: 'bank' @ 25.206658,55.422772
2026-04-29 08:20:53  INFO      Triggered sd_mojjrs8629q1drt5u5  ('bank' @ 25.206658,55.422772)
2026-04-29 08:20:53  INFO      [sd_mojjrs8629q1drt5u5] Status: running
2026-04-29 08:25:50  INFO      [sd_mojjrs8629q1drt5u5] Status: ready
2026-04-29 08:25:52  INFO      Skipped 56 duplicate(s)
2026-04-29 08:25:53  INFO      Retrieved 74 record(s) — 25376 total | This run: 6600 / $23.6970 | All-time: $156.9270
2026-04-29 08:25:53  INFO      [75/690] Processing: 'supermarket' @ 25.206658,55.422772
2026-04-29 08:25:54  INFO      Triggered sd_mojjy8nssf7s5a6y9  ('supermarket' @ 25.206658,55.422772)
2026-04-29 08:25:55  INFO      [sd_mojjy8nssf7s5a6y9] Status: running
2026-04-29 08:29:11  INFO      [sd_mojjy8nssf7s5a6y9] Status: ready
2026-04-29 08:29:13  INFO      Skipped 85 duplicate(s)
2026-04-29 08:29:14  INFO      Retrieved 99 record(s) — 25475 total | This run: 6699 / $23.9730 | All-time: $157.2030
2026-04-29 08:29:14  INFO      [76/690] Processing: 'restaurant' @ 25.035823,56.252196
2026-04-29 08:29:15  INFO      Triggered sd_mojk2k6m1p45cr0x7q  ('restaurant' @ 25.035823,56.252196)
2026-04-29 08:29:16  INFO      [sd_mojk2k6m1p45cr0x7q] Status: running
2026-04-29 08:33:04  INFO      [sd_mojk2k6m1p45cr0x7q] Status: ready
2026-04-29 08:33:06  INFO      Skipped 3 duplicate(s)
2026-04-29 08:33:07  INFO      Retrieved 228 record(s) — 25703 total | This run: 6927 / $24.3195 | All-time: $157.5495
2026-04-29 08:33:07  INFO      [77/690] Processing: 'cafe' @ 25.035823,56.252196
2026-04-29 08:33:08  INFO      Triggered sd_mojk7jftr0qgjd95t  ('cafe' @ 25.035823,56.252196)
2026-04-29 08:33:08  INFO      [sd_mojk7jftr0qgjd95t] Status: running
2026-04-29 08:35:33  INFO      [sd_mojk7jftr0qgjd95t] Status: ready
2026-04-29 08:35:35  INFO      Skipped 110 duplicate(s)
2026-04-29 08:35:36  INFO      Retrieved 152 record(s) — 25855 total | This run: 7079 / $24.7125 | All-time: $157.9425
2026-04-29 08:35:36  INFO      [78/690] Processing: 'hotel' @ 25.035823,56.252196
2026-04-29 08:35:37  INFO      Triggered sd_mojkaqxl3ea3rje2x  ('hotel' @ 25.035823,56.252196)
2026-04-29 08:35:38  INFO      [sd_mojkaqxl3ea3rje2x] Status: running
2026-04-29 08:36:25  INFO      [sd_mojkaqxl3ea3rje2x] Status: ready
2026-04-29 08:36:28  INFO      Retrieved 3 record(s) — 25858 total | This run: 7082 / $24.7170 | All-time: $157.9470
2026-04-29 08:36:28  INFO      [79/690] Processing: 'mall' @ 25.035823,56.252196
2026-04-29 08:36:29  INFO      Triggered sd_mojkbukg1ceyj81aor  ('mall' @ 25.035823,56.252196)
2026-04-29 08:36:30  INFO      [sd_mojkbukg1ceyj81aor] Status: running
2026-04-29 08:40:15  INFO      [sd_mojkbukg1ceyj81aor] Status: ready
2026-04-29 08:40:17  INFO      Skipped 52 duplicate(s)
2026-04-29 08:40:18  INFO      Retrieved 134 record(s) — 25992 total | This run: 7216 / $24.9960 | All-time: $158.2260
2026-04-29 08:40:18  INFO      [80/690] Processing: 'gym' @ 25.035823,56.252196
2026-04-29 08:40:20  INFO      Triggered sd_mojkgsuhb6mb18c44  ('gym' @ 25.035823,56.252196)
2026-04-29 08:40:21  INFO      [sd_mojkgsuhb6mb18c44] Status: running
2026-04-29 08:44:20  INFO      [sd_mojkgsuhb6mb18c44] Status: ready
2026-04-29 08:44:22  INFO      Skipped 87 duplicate(s)
2026-04-29 08:44:23  INFO      Retrieved 107 record(s) — 26099 total | This run: 7323 / $25.2870 | All-time: $158.5170
2026-04-29 08:44:23  INFO      [81/690] Processing: 'hospital' @ 25.035823,56.252196
2026-04-29 08:44:24  INFO      Triggered sd_mojkm12b2ifqaya5d5  ('hospital' @ 25.035823,56.252196)
2026-04-29 08:44:25  INFO      [sd_mojkm12b2ifqaya5d5] Status: running
2026-04-29 08:45:58  INFO      [sd_mojkm12b2ifqaya5d5] Status: ready
2026-04-29 08:46:00  INFO      Skipped 57 duplicate(s)
2026-04-29 08:46:01  INFO      Retrieved 12 record(s) — 26111 total | This run: 7335 / $25.3905 | All-time: $158.6205
2026-04-29 08:46:01  INFO      [82/690] Processing: 'mosque' @ 25.035823,56.252196
2026-04-29 08:46:02  INFO      Triggered sd_mojko4r4zyot2rbbs  ('mosque' @ 25.035823,56.252196)
2026-04-29 08:46:03  INFO      [sd_mojko4r4zyot2rbbs] Status: running
2026-04-29 08:49:50  INFO      [sd_mojko4r4zyot2rbbs] Status: ready
2026-04-29 08:49:52  INFO      Skipped 37 duplicate(s)
2026-04-29 08:49:53  INFO      Retrieved 192 record(s) — 26303 total | This run: 7527 / $25.7340 | All-time: $158.9640
2026-04-29 08:49:53  INFO      [83/690] Processing: 'spa' @ 25.035823,56.252196
2026-04-29 08:49:54  INFO      Triggered sd_mojkt417vrqbsw5gx  ('spa' @ 25.035823,56.252196)
2026-04-29 08:49:55  INFO      [sd_mojkt417vrqbsw5gx] Status: running
2026-04-29 08:54:40  INFO      [sd_mojkt417vrqbsw5gx] Status: ready
2026-04-29 08:54:41  INFO      Skipped 82 duplicate(s)
2026-04-29 08:54:43  INFO      Retrieved 119 record(s) — 26422 total | This run: 7646 / $26.0355 | All-time: $159.2655
2026-04-29 08:54:43  INFO      [84/690] Processing: 'cinema' @ 25.035823,56.252196
2026-04-29 08:54:44  INFO      Triggered sd_mojkzbe828j3gnd0c9  ('cinema' @ 25.035823,56.252196)
2026-04-29 08:54:44  INFO      [sd_mojkzbe828j3gnd0c9] Status: running
2026-04-29 08:56:24  INFO      [sd_mojkzbe828j3gnd0c9] Status: ready
2026-04-29 08:56:26  INFO      Skipped 39 duplicate(s)
2026-04-29 08:56:27  INFO      Retrieved 15 record(s) — 26437 total | This run: 7661 / $26.1165 | All-time: $159.3465
2026-04-29 08:56:27  INFO      [85/690] Processing: 'bakery' @ 25.035823,56.252196
2026-04-29 08:56:28  INFO      Triggered sd_mojl1jyv2bk6aanko3  ('bakery' @ 25.035823,56.252196)
2026-04-29 08:56:29  INFO      [sd_mojl1jyv2bk6aanko3] Status: running
2026-04-29 08:59:14  INFO      [sd_mojl1jyv2bk6aanko3] Status: ready
2026-04-29 08:59:16  INFO      Skipped 74 duplicate(s)
2026-04-29 08:59:17  INFO      Retrieved 130 record(s) — 26567 total | This run: 7791 / $26.4225 | All-time: $159.6525
2026-04-29 08:59:17  INFO      [86/690] Processing: 'pharmacy' @ 25.035823,56.252196
2026-04-29 08:59:18  INFO      Triggered sd_mojl57c61h8rix48k5  ('pharmacy' @ 25.035823,56.252196)
2026-04-29 08:59:19  INFO      [sd_mojl57c61h8rix48k5] Status: running
2026-04-29 09:02:20  INFO      [sd_mojl57c61h8rix48k5] Status: ready
2026-04-29 09:02:22  INFO      Skipped 7 duplicate(s)
2026-04-29 09:02:23  INFO      Retrieved 171 record(s) — 26738 total | This run: 7962 / $26.6895 | All-time: $159.9195
2026-04-29 09:02:23  INFO      [87/690] Processing: 'clinic' @ 25.035823,56.252196
2026-04-29 09:02:24  INFO      Triggered sd_mojl96kw1hkxgul49i  ('clinic' @ 25.035823,56.252196)
2026-04-29 09:02:25  INFO      [sd_mojl96kw1hkxgul49i] Status: running
2026-04-29 09:05:47  INFO      [sd_mojl96kw1hkxgul49i] Status: ready
2026-04-29 09:05:49  INFO      Skipped 75 duplicate(s)
2026-04-29 09:05:51  INFO      Retrieved 144 record(s) — 26882 total | This run: 8106 / $27.0180 | All-time: $160.2480
2026-04-29 09:05:51  INFO      [88/690] Processing: 'school' @ 25.035823,56.252196
2026-04-29 09:05:52  INFO      Triggered sd_mojldmtpxpel6vs4e  ('school' @ 25.035823,56.252196)
2026-04-29 09:05:53  INFO      [sd_mojldmtpxpel6vs4e] Status: running
2026-04-29 09:08:17  INFO      [sd_mojldmtpxpel6vs4e] Status: ready
2026-04-29 09:08:19  INFO      Skipped 2 duplicate(s)
2026-04-29 09:08:20  INFO      Retrieved 156 record(s) — 27038 total | This run: 8262 / $27.2550 | All-time: $160.4850
2026-04-29 09:08:20  INFO      [89/690] Processing: 'bank' @ 25.035823,56.252196
2026-04-29 09:08:22  INFO      Triggered sd_mojlgulr24194b7n2f  ('bank' @ 25.035823,56.252196)
2026-04-29 09:08:22  INFO      [sd_mojlgulr24194b7n2f] Status: running
2026-04-29 09:10:26  INFO      [sd_mojlgulr24194b7n2f] Status: ready
2026-04-29 09:10:28  INFO      Skipped 33 duplicate(s)
2026-04-29 09:10:29  INFO      Retrieved 125 record(s) — 27163 total | This run: 8387 / $27.4920 | All-time: $160.7220
2026-04-29 09:10:29  INFO      [90/690] Processing: 'supermarket' @ 25.035823,56.252196
2026-04-29 09:10:30  INFO      Triggered sd_mojljlk5e75zgxhxj  ('supermarket' @ 25.035823,56.252196)
2026-04-29 09:10:31  INFO      [sd_mojljlk5e75zgxhxj] Status: running
2026-04-29 09:14:18  INFO      [sd_mojljlk5e75zgxhxj] Status: ready
2026-04-29 09:14:20  INFO      Skipped 6 duplicate(s)
2026-04-29 09:14:21  INFO      Retrieved 231 record(s) — 27394 total | This run: 8618 / $27.8475 | All-time: $161.0775
2026-04-29 09:14:21  INFO      [91/690] Processing: 'restaurant' @ 25.170958,56.252196
2026-04-29 09:14:22  INFO      Triggered sd_mojlokm62lkdrt3kj  ('restaurant' @ 25.170958,56.252196)
2026-04-29 09:14:23  INFO      [sd_mojlokm62lkdrt3kj] Status: running
2026-04-29 09:17:58  INFO      [sd_mojlokm62lkdrt3kj] Status: ready
2026-04-29 09:18:00  INFO      Skipped 161 duplicate(s)
2026-04-29 09:18:01  INFO      Retrieved 185 record(s) — 27579 total | This run: 8803 / $28.3665 | All-time: $161.5965
2026-04-29 09:18:01  INFO      [92/690] Processing: 'cafe' @ 25.170958,56.252196
2026-04-29 09:18:02  INFO      Triggered sd_mojltahi1da42oi248  ('cafe' @ 25.170958,56.252196)
2026-04-29 09:18:03  INFO      [sd_mojltahi1da42oi248] Status: running
2026-04-29 09:22:16  INFO      [sd_mojltahi1da42oi248] Status: ready
2026-04-29 09:22:18  INFO      Skipped 216 duplicate(s)
2026-04-29 09:22:20  INFO      Retrieved 112 record(s) — 27691 total | This run: 8915 / $28.8585 | All-time: $162.0885
2026-04-29 09:22:20  INFO      [93/690] Processing: 'hotel' @ 25.170958,56.252196
2026-04-29 09:22:21  INFO      Triggered sd_mojlyu3e107vzqz8lc  ('hotel' @ 25.170958,56.252196)
2026-04-29 09:22:22  INFO      [sd_mojlyu3e107vzqz8lc] Status: running
2026-04-29 09:24:18  INFO      [sd_mojlyu3e107vzqz8lc] Status: ready
2026-04-29 09:24:19  INFO      Skipped 20 duplicate(s)
2026-04-29 09:24:20  INFO      Retrieved 16 record(s) — 27707 total | This run: 8931 / $28.9125 | All-time: $162.1425
2026-04-29 09:24:20  INFO      [94/690] Processing: 'mall' @ 25.170958,56.252196
2026-04-29 09:24:21  INFO      Triggered sd_mojm1euutiop33gs5  ('mall' @ 25.170958,56.252196)
2026-04-29 09:24:22  INFO      [sd_mojm1euutiop33gs5] Status: running
2026-04-29 09:31:03  INFO      [sd_mojm1euutiop33gs5] Status: ready
2026-04-29 09:31:05  INFO      Skipped 155 duplicate(s)
2026-04-29 09:31:06  INFO      Retrieved 25 record(s) — 27732 total | This run: 8956 / $29.1825 | All-time: $162.4125
2026-04-29 09:31:06  INFO      [95/690] Processing: 'gym' @ 25.170958,56.252196
2026-04-29 09:31:07  INFO      Triggered sd_mojma453184mv33mjp  ('gym' @ 25.170958,56.252196)
2026-04-29 09:31:08  INFO      [sd_mojma453184mv33mjp] Status: running
2026-04-29 09:33:45  INFO      [sd_mojma453184mv33mjp] Status: ready
2026-04-29 09:33:47  INFO      Skipped 176 duplicate(s)
2026-04-29 09:33:48  INFO      Retrieved 25 record(s) — 27757 total | This run: 8981 / $29.4840 | All-time: $162.7140
2026-04-29 09:33:48  INFO      [96/690] Processing: 'hospital' @ 25.170958,56.252196
2026-04-29 09:33:49  INFO      Triggered sd_mojmdkzu26qdbk1pv1  ('hospital' @ 25.170958,56.252196)
2026-04-29 09:33:50  INFO      [sd_mojmdkzu26qdbk1pv1] Status: running
2026-04-29 09:35:36  INFO      [sd_mojmdkzu26qdbk1pv1] Status: ready
2026-04-29 09:35:37  INFO      Skipped 56 duplicate(s)
2026-04-29 09:35:39  INFO      Retrieved 9 record(s) — 27766 total | This run: 8990 / $29.5815 | All-time: $162.8115
2026-04-29 09:35:39  INFO      [97/690] Processing: 'mosque' @ 25.170958,56.252196
2026-04-29 09:35:40  INFO      Triggered sd_mojmfyfs13tuziacut  ('mosque' @ 25.170958,56.252196)
2026-04-29 09:35:40  INFO      [sd_mojmfyfs13tuziacut] Status: running
2026-04-29 09:38:29  INFO      [sd_mojmfyfs13tuziacut] Status: ready
2026-04-29 09:38:30  INFO      Skipped 168 duplicate(s)
2026-04-29 09:38:32  INFO      Retrieved 53 record(s) — 27819 total | This run: 9043 / $29.9130 | All-time: $163.1430
2026-04-29 09:38:32  INFO      [98/690] Processing: 'spa' @ 25.170958,56.252196
2026-04-29 09:38:33  INFO      Triggered sd_mojmjnxzuyyls4d5v  ('spa' @ 25.170958,56.252196)
2026-04-29 09:38:33  INFO      [sd_mojmjnxzuyyls4d5v] Status: running
2026-04-29 09:43:25  INFO      [sd_mojmjnxzuyyls4d5v] Status: ready
2026-04-29 09:43:27  INFO      Skipped 180 duplicate(s)
2026-04-29 09:43:28  INFO      Retrieved 22 record(s) — 27841 total | This run: 9065 / $30.2160 | All-time: $163.4460
2026-04-29 09:43:28  INFO      [99/690] Processing: 'cinema' @ 25.170958,56.252196
2026-04-29 09:43:29  INFO      Triggered sd_mojmq0tn2jazgmshhl  ('cinema' @ 25.170958,56.252196)
2026-04-29 09:43:30  INFO      [sd_mojmq0tn2jazgmshhl] Status: running
2026-04-29 09:47:17  INFO      [sd_mojmq0tn2jazgmshhl] Status: ready
2026-04-29 09:47:19  INFO      Skipped 47 duplicate(s)
2026-04-29 09:47:20  INFO      Retrieved 42 record(s) — 27883 total | This run: 9107 / $30.3495 | All-time: $163.5795
2026-04-29 09:47:20  INFO      [100/690] Processing: 'bakery' @ 25.170958,56.252196
2026-04-29 09:47:21  INFO      Triggered sd_mojmuzpx19avsf33ub  ('bakery' @ 25.170958,56.252196)
2026-04-29 09:47:22  INFO      [sd_mojmuzpx19avsf33ub] Status: running
2026-04-29 09:52:35  INFO      [sd_mojmuzpx19avsf33ub] Status: ready
2026-04-29 09:52:37  INFO      Skipped 160 duplicate(s)
2026-04-29 09:52:39  INFO      Retrieved 49 record(s) — 27932 total | This run: 9156 / $30.6630 | All-time: $163.8930
2026-04-29 09:52:39  INFO      [101/690] Processing: 'pharmacy' @ 25.170958,56.252196
2026-04-29 09:52:39  INFO      Triggered sd_mojn1tdkegik4goog  ('pharmacy' @ 25.170958,56.252196)
2026-04-29 09:52:40  INFO      [sd_mojn1tdkegik4goog] Status: running
2026-04-29 09:55:05  INFO      [sd_mojn1tdkegik4goog] Status: ready
2026-04-29 09:55:07  INFO      Skipped 148 duplicate(s)
2026-04-29 09:55:08  INFO      Retrieved 44 record(s) — 27976 total | This run: 9200 / $30.9510 | All-time: $164.1810
2026-04-29 09:55:08  INFO      [102/690] Processing: 'clinic' @ 25.170958,56.252196
2026-04-29 09:55:09  INFO      Triggered sd_mojn50pv2qcw0d8wea  ('clinic' @ 25.170958,56.252196)
2026-04-29 09:55:10  INFO      [sd_mojn50pv2qcw0d8wea] Status: running
2026-04-29 10:02:18  INFO      [sd_mojn50pv2qcw0d8wea] Status: ready
2026-04-29 10:02:20  INFO      Skipped 187 duplicate(s)
2026-04-29 10:02:21  INFO      Retrieved 33 record(s) — 28009 total | This run: 9233 / $31.2810 | All-time: $164.5110
2026-04-29 10:02:21  INFO      [103/690] Processing: 'school' @ 25.170958,56.252196
2026-04-29 10:02:22  INFO      Triggered sd_mojneaz6yvci0ukj1  ('school' @ 25.170958,56.252196)
2026-04-29 10:02:23  INFO      [sd_mojneaz6yvci0ukj1] Status: running
2026-04-29 10:06:29  INFO      [sd_mojneaz6yvci0ukj1] Status: ready
2026-04-29 10:06:31  INFO      Skipped 136 duplicate(s)
2026-04-29 10:06:32  INFO      Retrieved 41 record(s) — 28050 total | This run: 9274 / $31.5465 | All-time: $164.7765
2026-04-29 10:06:32  INFO      [104/690] Processing: 'bank' @ 25.170958,56.252196
2026-04-29 10:06:33  INFO      Triggered sd_mojnjoqj1tn8yc2ig6  ('bank' @ 25.170958,56.252196)
2026-04-29 10:06:34  INFO      [sd_mojnjoqj1tn8yc2ig6] Status: running
2026-04-29 10:12:59  INFO      [sd_mojnjoqj1tn8yc2ig6] Status: ready
2026-04-29 10:13:01  INFO      Skipped 82 duplicate(s)
2026-04-29 10:13:02  INFO      Retrieved 28 record(s) — 28078 total | This run: 9302 / $31.7115 | All-time: $164.9415
2026-04-29 10:13:02  INFO      [105/690] Processing: 'supermarket' @ 25.170958,56.252196
2026-04-29 10:13:03  INFO      Triggered sd_mojns1hp1ccxoirdwl  ('supermarket' @ 25.170958,56.252196)
2026-04-29 10:13:04  INFO      [sd_mojns1hp1ccxoirdwl] Status: running
2026-04-29 10:21:09  INFO      [sd_mojns1hp1ccxoirdwl] Status: ready
2026-04-29 10:21:11  INFO      Skipped 160 duplicate(s)
2026-04-29 10:21:12  INFO      Retrieved 162 record(s) — 28240 total | This run: 9464 / $32.1945 | All-time: $165.4245
2026-04-29 10:21:12  INFO      [106/690] Processing: 'restaurant' @ 25.306093,56.252196
2026-04-29 10:21:13  INFO      Triggered sd_mojo2jt11thyznzwk4  ('restaurant' @ 25.306093,56.252196)
2026-04-29 10:21:14  INFO      [sd_mojo2jt11thyznzwk4] Status: running
2026-04-29 10:40:48  INFO      [sd_mojo2jt11thyznzwk4] Status: ready
2026-04-29 10:40:50  INFO      Skipped 45 duplicate(s)
2026-04-29 10:40:51  INFO      Retrieved 126 record(s) — 28366 total | This run: 9590 / $32.4510 | All-time: $165.6810
2026-04-29 10:40:51  INFO      [107/690] Processing: 'cafe' @ 25.306093,56.252196
2026-04-29 10:40:52  INFO      Triggered sd_mojortft19mggu0z19  ('cafe' @ 25.306093,56.252196)
2026-04-29 10:40:53  INFO      [sd_mojortft19mggu0z19] Status: running
2026-04-29 10:46:09  INFO      [sd_mojortft19mggu0z19] Status: ready
2026-04-29 10:46:11  INFO      Skipped 155 duplicate(s)
2026-04-29 10:46:12  INFO      Retrieved 74 record(s) — 28440 total | This run: 9664 / $32.7945 | All-time: $166.0245
2026-04-29 10:46:12  INFO      [108/690] Processing: 'hotel' @ 25.306093,56.252196
2026-04-29 10:46:13  INFO      Triggered sd_mojoyp4e1gw9phr7ez  ('hotel' @ 25.306093,56.252196)
2026-04-29 10:46:14  INFO      [sd_mojoyp4e1gw9phr7ez] Status: running
2026-04-29 10:54:05  INFO      [sd_mojoyp4e1gw9phr7ez] Status: ready
2026-04-29 10:54:06  INFO      Skipped 6 duplicate(s)
2026-04-29 10:54:07  INFO      Retrieved 8 record(s) — 28448 total | This run: 9672 / $32.8155 | All-time: $166.0455
2026-04-29 10:54:07  INFO      [109/690] Processing: 'mall' @ 25.306093,56.252196
2026-04-29 10:54:08  INFO      Triggered sd_mojp8vhk19w5igs0kd  ('mall' @ 25.306093,56.252196)
2026-04-29 10:54:09  INFO      [sd_mojp8vhk19w5igs0kd] Status: running
2026-04-29 10:57:46  INFO      [sd_mojp8vhk19w5igs0kd] Status: ready
2026-04-29 10:57:47  INFO      Skipped 70 duplicate(s)
2026-04-29 10:57:49  INFO      Retrieved 51 record(s) — 28499 total | This run: 9723 / $32.9970 | All-time: $166.2270
2026-04-29 10:57:49  INFO      [110/690] Processing: 'gym' @ 25.306093,56.252196
2026-04-29 10:57:50  INFO      Triggered sd_mojpdmlp135ipkkn6m  ('gym' @ 25.306093,56.252196)
2026-04-29 10:57:51  INFO      [sd_mojpdmlp135ipkkn6m] Status: running
2026-04-29 10:59:47  INFO      [sd_mojpdmlp135ipkkn6m] Status: ready
2026-04-29 10:59:49  INFO      Skipped 123 duplicate(s)
2026-04-29 10:59:50  INFO      Retrieved 44 record(s) — 28543 total | This run: 9767 / $33.2475 | All-time: $166.4775
2026-04-29 10:59:50  INFO      [111/690] Processing: 'hospital' @ 25.306093,56.252196
2026-04-29 10:59:51  INFO      Triggered sd_mojpg8491isytx9ebc  ('hospital' @ 25.306093,56.252196)
2026-04-29 10:59:52  INFO      [sd_mojpg8491isytx9ebc] Status: running
2026-04-29 11:03:28  INFO      [sd_mojpg8491isytx9ebc] Status: ready
2026-04-29 11:03:30  INFO      Skipped 54 duplicate(s)
2026-04-29 11:03:31  INFO      Retrieved 5 record(s) — 28548 total | This run: 9772 / $33.3360 | All-time: $166.5660
2026-04-29 11:03:31  INFO      [112/690] Processing: 'mosque' @ 25.306093,56.252196
2026-04-29 11:03:32  INFO      Triggered sd_mojpkys8cbu96gv0k  ('mosque' @ 25.306093,56.252196)
2026-04-29 11:03:33  INFO      [sd_mojpkys8cbu96gv0k] Status: running
2026-04-29 11:08:08  INFO      [sd_mojpkys8cbu96gv0k] Status: ready
2026-04-29 11:08:10  INFO      Skipped 106 duplicate(s)
2026-04-29 11:08:11  INFO      Retrieved 106 record(s) — 28654 total | This run: 9878 / $33.6540 | All-time: $166.8840
2026-04-29 11:08:11  INFO      [113/690] Processing: 'spa' @ 25.306093,56.252196
2026-04-29 11:08:12  INFO      Triggered sd_mojpqylv2inazqsyes  ('spa' @ 25.306093,56.252196)
2026-04-29 11:08:13  INFO      [sd_mojpqylv2inazqsyes] Status: running
2026-04-29 11:12:11  INFO      [sd_mojpqylv2inazqsyes] Status: ready
2026-04-29 11:12:13  INFO      Skipped 100 duplicate(s)
2026-04-29 11:12:14  INFO      Retrieved 31 record(s) — 28685 total | This run: 9909 / $33.8505 | All-time: $167.0805
2026-04-29 11:12:14  INFO      [114/690] Processing: 'cinema' @ 25.306093,56.252196
2026-04-29 11:12:15  INFO      Triggered sd_mojpw6ckt0o9ypklq  ('cinema' @ 25.306093,56.252196)
2026-04-29 11:12:16  INFO      [sd_mojpw6ckt0o9ypklq] Status: running
2026-04-29 11:14:01  INFO      [sd_mojpw6ckt0o9ypklq] Status: ready
2026-04-29 11:14:03  INFO      Skipped 80 duplicate(s)
2026-04-29 11:14:04  INFO      Retrieved 3 record(s) — 28688 total | This run: 9912 / $33.9750 | All-time: $167.2050
2026-04-29 11:14:04  INFO      [115/690] Processing: 'bakery' @ 25.306093,56.252196
2026-04-29 11:14:05  INFO      Triggered sd_mojpyjby2eeaxwg3px  ('bakery' @ 25.306093,56.252196)
2026-04-29 11:14:06  INFO      [sd_mojpyjby2eeaxwg3px] Status: running
2026-04-29 11:18:11  INFO      [sd_mojpyjby2eeaxwg3px] Status: ready
2026-04-29 11:18:13  INFO      Skipped 118 duplicate(s)
2026-04-29 11:18:14  INFO      Retrieved 78 record(s) — 28766 total | This run: 9990 / $34.2690 | All-time: $167.4990
2026-04-29 11:18:14  INFO      [116/690] Processing: 'pharmacy' @ 25.306093,56.252196
2026-04-29 11:18:15  INFO      Triggered sd_mojq3w6p1uq96x0mxs  ('pharmacy' @ 25.306093,56.252196)
2026-04-29 11:18:16  INFO      [sd_mojq3w6p1uq96x0mxs] Status: running
2026-04-29 11:25:10  INFO      [sd_mojq3w6p1uq96x0mxs] Status: ready
2026-04-29 11:25:12  INFO      Skipped 152 duplicate(s)
2026-04-29 11:25:13  INFO      Retrieved 22 record(s) — 28788 total | This run: 10012 / $34.5300 | All-time: $167.7600
2026-04-29 11:25:13  INFO      [117/690] Processing: 'clinic' @ 25.306093,56.252196
2026-04-29 11:25:14  INFO      Triggered sd_mojqcvc31i4rre95do  ('clinic' @ 25.306093,56.252196)
2026-04-29 11:25:15  INFO      [sd_mojqcvc31i4rre95do] Status: running
2026-04-29 11:30:07  INFO      [sd_mojqcvc31i4rre95do] Status: ready
2026-04-29 11:30:09  INFO      Skipped 124 duplicate(s)
2026-04-29 11:30:10  INFO      Retrieved 78 record(s) — 28866 total | This run: 10090 / $34.8330 | All-time: $168.0630
2026-04-29 11:30:10  INFO      [118/690] Processing: 'school' @ 25.306093,56.252196
2026-04-29 11:30:11  INFO      Triggered sd_mojqj8os1bxguczq1p  ('school' @ 25.306093,56.252196)
2026-04-29 11:30:12  INFO      [sd_mojqj8os1bxguczq1p] Status: running
2026-04-29 11:33:03  INFO      [sd_mojqj8os1bxguczq1p] Status: ready
2026-04-29 11:33:04  INFO      Skipped 93 duplicate(s)
2026-04-29 11:33:06  INFO      Retrieved 71 record(s) — 28937 total | This run: 10161 / $35.0790 | All-time: $168.3090
2026-04-29 11:33:06  INFO      [119/690] Processing: 'bank' @ 25.306093,56.252196
2026-04-29 11:33:07  INFO      Triggered sd_mojqn00r1u2wdxv55b  ('bank' @ 25.306093,56.252196)
2026-04-29 11:33:08  INFO      [sd_mojqn00r1u2wdxv55b] Status: running
2026-04-29 11:36:31  INFO      [sd_mojqn00r1u2wdxv55b] Status: ready
2026-04-29 11:36:33  INFO      Skipped 38 duplicate(s)
2026-04-29 11:36:34  INFO      Retrieved 49 record(s) — 28986 total | This run: 10210 / $35.2095 | All-time: $168.4395
2026-04-29 11:36:34  INFO      [120/690] Processing: 'supermarket' @ 25.306093,56.252196
2026-04-29 11:36:35  INFO      Triggered sd_mojqrgwu6h5lgu2eg  ('supermarket' @ 25.306093,56.252196)
2026-04-29 11:36:36  INFO      [sd_mojqrgwu6h5lgu2eg] Status: running
2026-04-29 11:40:58  INFO      [sd_mojqrgwu6h5lgu2eg] Status: ready
2026-04-29 11:41:00  INFO      Skipped 100 duplicate(s)
2026-04-29 11:41:02  INFO      Retrieved 95 record(s) — 29081 total | This run: 10305 / $35.5020 | All-time: $168.7320
2026-04-29 11:41:02  INFO      [121/690] Processing: 'restaurant' @ 24.539323,54.421557
2026-04-29 11:41:03  INFO      Triggered sd_mojqx76v16cv4vtyeh  ('restaurant' @ 24.539323,54.421557)
2026-04-29 11:41:03  INFO      [sd_mojqx76v16cv4vtyeh] Status: running
2026-04-29 11:45:33  INFO      [sd_mojqx76v16cv4vtyeh] Status: ready
2026-04-29 11:45:35  INFO      Skipped 59 duplicate(s)
2026-04-29 11:45:36  INFO      Retrieved 95 record(s) — 29176 total | This run: 10400 / $35.7330 | All-time: $168.9630
2026-04-29 11:45:36  INFO      [122/690] Processing: 'cafe' @ 24.539323,54.421557
2026-04-29 11:45:37  INFO      Triggered sd_mojr338o3n9i54x1m  ('cafe' @ 24.539323,54.421557)
2026-04-29 11:45:38  INFO      [sd_mojr338o3n9i54x1m] Status: running
2026-04-29 11:49:25  INFO      [sd_mojr338o3n9i54x1m] Status: ready
2026-04-29 11:49:27  INFO      Skipped 120 duplicate(s)
2026-04-29 11:49:28  INFO      Retrieved 85 record(s) — 29261 total | This run: 10485 / $36.0405 | All-time: $169.2705
2026-04-29 11:49:28  INFO      [123/690] Processing: 'hotel' @ 24.539323,54.421557
2026-04-29 11:49:29  INFO      Triggered sd_mojr8284ci6zexpby  ('hotel' @ 24.539323,54.421557)
2026-04-29 11:49:30  INFO      [sd_mojr8284ci6zexpby] Status: running
2026-04-29 11:51:56  INFO      [sd_mojr8284ci6zexpby] Status: ready
2026-04-29 11:51:58  INFO      Skipped 72 duplicate(s)
2026-04-29 11:51:59  INFO      Retrieved 4 record(s) — 29265 total | This run: 10489 / $36.1545 | All-time: $169.3845
2026-04-29 11:51:59  INFO      [124/690] Processing: 'mall' @ 24.539323,54.421557
2026-04-29 11:52:00  INFO      Triggered sd_mojrbamv4fwsawjmr  ('mall' @ 24.539323,54.421557)
2026-04-29 11:52:01  INFO      [sd_mojrbamv4fwsawjmr] Status: running
2026-04-29 11:56:42  INFO      [sd_mojrbamv4fwsawjmr] Status: ready
2026-04-29 11:56:44  INFO      Skipped 118 duplicate(s)
2026-04-29 11:56:46  INFO      Retrieved 94 record(s) — 29359 total | This run: 10583 / $36.4725 | All-time: $169.7025
2026-04-29 11:56:46  INFO      [125/690] Processing: 'gym' @ 24.539323,54.421557
2026-04-29 11:56:47  INFO      Triggered sd_mojrhg8918yg8gwhfn  ('gym' @ 24.539323,54.421557)
2026-04-29 11:56:48  INFO      [sd_mojrhg8918yg8gwhfn] Status: running
2026-04-29 12:02:07  INFO      [sd_mojrhg8918yg8gwhfn] Status: ready
2026-04-29 12:02:09  INFO      Skipped 185 duplicate(s)
2026-04-29 12:02:10  INFO      Retrieved 67 record(s) — 29426 total | This run: 10650 / $36.8505 | All-time: $170.0805
2026-04-29 12:02:10  INFO      [126/690] Processing: 'hospital' @ 24.539323,54.421557
2026-04-29 12:02:11  INFO      Triggered sd_mojroe8w24lm8va6oz  ('hospital' @ 24.539323,54.421557)
2026-04-29 12:02:12  INFO      [sd_mojroe8w24lm8va6oz] Status: running
2026-04-29 12:06:23  INFO      [sd_mojroe8w24lm8va6oz] Status: ready
2026-04-29 12:06:25  INFO      Skipped 72 duplicate(s)
2026-04-29 12:06:26  INFO      Retrieved 1 record(s) — 29427 total | This run: 10651 / $36.9600 | All-time: $170.1900
2026-04-29 12:06:26  INFO      [127/690] Processing: 'mosque' @ 24.539323,54.421557
2026-04-29 12:06:27  INFO      Triggered sd_mojrtvhc2n5ae7y7vy  ('mosque' @ 24.539323,54.421557)
2026-04-29 12:06:28  INFO      [sd_mojrtvhc2n5ae7y7vy] Status: running
2026-04-29 12:09:40  INFO      [sd_mojrtvhc2n5ae7y7vy] Status: ready
2026-04-29 12:09:42  INFO      Skipped 139 duplicate(s)
2026-04-29 12:09:43  INFO      Retrieved 55 record(s) — 29482 total | This run: 10706 / $37.2510 | All-time: $170.4810
2026-04-29 12:09:43  INFO      [128/690] Processing: 'spa' @ 24.539323,54.421557
2026-04-29 12:09:44  INFO      Triggered sd_mojry3kn27fs6t0e1w  ('spa' @ 24.539323,54.421557)
2026-04-29 12:09:45  INFO      [sd_mojry3kn27fs6t0e1w] Status: running
2026-04-29 12:15:23  INFO      [sd_mojry3kn27fs6t0e1w] Status: ready
2026-04-29 12:15:25  INFO      Skipped 125 duplicate(s)
2026-04-29 12:15:26  INFO      Retrieved 126 record(s) — 29608 total | This run: 10832 / $37.6275 | All-time: $170.8575
2026-04-29 12:15:26  INFO      [129/690] Processing: 'cinema' @ 24.539323,54.421557
2026-04-29 12:15:27  INFO      Triggered sd_mojs5g6j1fj9bvub6h  ('cinema' @ 24.539323,54.421557)
2026-04-29 12:15:28  INFO      [sd_mojs5g6j1fj9bvub6h] Status: running
2026-04-29 12:19:06  INFO      [sd_mojs5g6j1fj9bvub6h] Status: ready
2026-04-29 12:19:08  INFO      Skipped 131 duplicate(s)
2026-04-29 12:19:09  INFO      Retrieved 21 record(s) — 29629 total | This run: 10853 / $37.8555 | All-time: $171.0855
2026-04-29 12:19:09  INFO      [130/690] Processing: 'bakery' @ 24.539323,54.421557
2026-04-29 12:19:10  INFO      Triggered sd_mojsa86rdmolsxd44  ('bakery' @ 24.539323,54.421557)
2026-04-29 12:19:11  INFO      [sd_mojsa86rdmolsxd44] Status: running
2026-04-29 12:22:06  INFO      [sd_mojsa86rdmolsxd44] Status: ready
2026-04-29 12:22:07  INFO      Skipped 143 duplicate(s)
2026-04-29 12:22:09  INFO      Retrieved 36 record(s) — 29665 total | This run: 10889 / $38.1240 | All-time: $171.3540
2026-04-29 12:22:09  INFO      [131/690] Processing: 'pharmacy' @ 24.539323,54.421557
2026-04-29 12:22:10  INFO      Triggered sd_mojse2v48g4lnba1z  ('pharmacy' @ 24.539323,54.421557)
2026-04-29 12:22:11  INFO      [sd_mojse2v48g4lnba1z] Status: running
2026-04-29 12:25:58  INFO      [sd_mojse2v48g4lnba1z] Status: ready
2026-04-29 12:26:00  INFO      Skipped 86 duplicate(s)
2026-04-29 12:26:01  INFO      Retrieved 92 record(s) — 29757 total | This run: 10981 / $38.3910 | All-time: $171.6210
2026-04-29 12:26:01  INFO      [132/690] Processing: 'clinic' @ 24.539323,54.421557
2026-04-29 12:26:02  INFO      Triggered sd_mojsj2ad1yrzt7wi1o  ('clinic' @ 24.539323,54.421557)
2026-04-29 12:26:03  INFO      [sd_mojsj2ad1yrzt7wi1o] Status: running
2026-04-29 12:31:06  INFO      [sd_mojsj2ad1yrzt7wi1o] Status: ready
2026-04-29 12:31:08  INFO      Skipped 85 duplicate(s)
2026-04-29 12:31:09  INFO      Retrieved 127 record(s) — 29884 total | This run: 11108 / $38.7090 | All-time: $171.9390
2026-04-29 12:31:09  INFO      [133/690] Processing: 'school' @ 24.539323,54.421557
2026-04-29 12:31:10  INFO      Triggered sd_mojspo0u11kr7jdxsv  ('school' @ 24.539323,54.421557)
2026-04-29 12:31:11  INFO      [sd_mojspo0u11kr7jdxsv] Status: running
2026-04-29 12:36:16  INFO      [sd_mojspo0u11kr7jdxsv] Status: ready
2026-04-29 12:36:18  INFO      Skipped 53 duplicate(s)
2026-04-29 12:36:20  INFO      Retrieved 113 record(s) — 29997 total | This run: 11221 / $38.9580 | All-time: $172.1880
2026-04-29 12:36:20  INFO      [134/690] Processing: 'bank' @ 24.539323,54.421557
2026-04-29 12:36:21  INFO      Triggered sd_mojswbe320h02ukx0f  ('bank' @ 24.539323,54.421557)
2026-04-29 12:36:21  INFO      [sd_mojswbe320h02ukx0f] Status: running
2026-04-29 12:39:21  INFO      [sd_mojswbe320h02ukx0f] Status: ready
2026-04-29 12:39:23  INFO      Skipped 91 duplicate(s)
2026-04-29 12:39:24  INFO      Retrieved 57 record(s) — 30054 total | This run: 11278 / $39.1800 | All-time: $172.4100
2026-04-29 12:39:24  INFO      [135/690] Processing: 'supermarket' @ 24.539323,54.421557
2026-04-29 12:39:25  INFO      Triggered sd_mojt09sb16bd9300b2  ('supermarket' @ 24.539323,54.421557)
2026-04-29 12:39:26  INFO      [sd_mojt09sb16bd9300b2] Status: running
2026-04-29 12:41:45  INFO      [sd_mojt09sb16bd9300b2] Status: ready
2026-04-29 12:41:47  INFO      Skipped 98 duplicate(s)
2026-04-29 12:41:48  INFO      Retrieved 49 record(s) — 30103 total | This run: 11327 / $39.4005 | All-time: $172.6305
2026-04-29 12:41:48  INFO      [136/690] Processing: 'restaurant' @ 24.452023,54.454246
2026-04-29 12:41:49  INFO      Triggered sd_mojt3cwr1dsgz1r7ox  ('restaurant' @ 24.452023,54.454246)
2026-04-29 12:41:50  INFO      [sd_mojt3cwr1dsgz1r7ox] Status: running
2026-04-29 12:45:18  INFO      [sd_mojt3cwr1dsgz1r7ox] Status: ready
2026-04-29 12:45:20  INFO      Skipped 70 duplicate(s)
2026-04-29 12:45:22  INFO      Retrieved 82 record(s) — 30185 total | This run: 11409 / $39.6285 | All-time: $172.8585
2026-04-29 12:45:22  INFO      [137/690] Processing: 'cafe' @ 24.452023,54.454246
2026-04-29 12:45:22  INFO      Triggered sd_mojt7xkn2e1yopkx7s  ('cafe' @ 24.452023,54.454246)
2026-04-29 12:45:23  INFO      [sd_mojt7xkn2e1yopkx7s] Status: running
2026-04-29 12:48:36  INFO      [sd_mojt7xkn2e1yopkx7s] Status: ready
2026-04-29 12:48:38  INFO      Skipped 163 duplicate(s)
2026-04-29 12:48:39  INFO      Retrieved 40 record(s) — 30225 total | This run: 11449 / $39.9330 | All-time: $173.1630
2026-04-29 12:48:39  INFO      [138/690] Processing: 'hotel' @ 24.452023,54.454246
2026-04-29 12:48:40  INFO      Triggered sd_mojtc62l20t5m5x093  ('hotel' @ 24.452023,54.454246)
2026-04-29 12:48:41  INFO      [sd_mojtc62l20t5m5x093] Status: running
2026-04-29 12:51:54  INFO      [sd_mojtc62l20t5m5x093] Status: ready
2026-04-29 12:51:55  INFO      Skipped 134 duplicate(s)
2026-04-29 12:51:57  INFO      Retrieved 1 record(s) — 30226 total | This run: 11450 / $40.1355 | All-time: $173.3655
2026-04-29 12:51:57  INFO      [139/690] Processing: 'mall' @ 24.452023,54.454246
2026-04-29 12:51:58  INFO      Triggered sd_mojtgeh9t8h8ovqwk  ('mall' @ 24.452023,54.454246)
2026-04-29 12:51:58  INFO      [sd_mojtgeh9t8h8ovqwk] Status: running
2026-04-29 12:55:28  INFO      [sd_mojtgeh9t8h8ovqwk] Status: ready
2026-04-29 12:55:30  INFO      Skipped 143 duplicate(s)
2026-04-29 12:55:31  INFO      Retrieved 33 record(s) — 30259 total | This run: 11483 / $40.3995 | All-time: $173.6295
2026-04-29 12:55:31  INFO      [140/690] Processing: 'gym' @ 24.452023,54.454246
2026-04-29 12:55:32  INFO      Triggered sd_mojtl03a1ctgtzx126  ('gym' @ 24.452023,54.454246)
2026-04-29 12:55:33  INFO      [sd_mojtl03a1ctgtzx126] Status: running
2026-04-29 13:02:26  INFO      [sd_mojtl03a1ctgtzx126] Status: ready
2026-04-29 13:02:28  INFO      Skipped 231 duplicate(s)
2026-04-29 13:02:29  INFO      Retrieved 8 record(s) — 30267 total | This run: 11491 / $40.7580 | All-time: $173.9880
2026-04-29 13:02:29  INFO      [141/690] Processing: 'hospital' @ 24.452023,54.454246
2026-04-29 13:02:30  INFO      Triggered sd_mojttykx1xqoi9jui7  ('hospital' @ 24.452023,54.454246)
2026-04-29 13:02:31  INFO      [sd_mojttykx1xqoi9jui7] Status: running
2026-04-29 13:04:37  INFO      [sd_mojttykx1xqoi9jui7] Status: ready
2026-04-29 13:04:38  INFO      Skipped 80 duplicate(s)
2026-04-29 13:04:40  INFO      Retrieved 2 record(s) — 30269 total | This run: 11493 / $40.8810 | All-time: $174.1110
2026-04-29 13:04:40  INFO      [142/690] Processing: 'mosque' @ 24.452023,54.454246
2026-04-29 13:04:41  INFO      Triggered sd_mojtwr7324kjibb8nv  ('mosque' @ 24.452023,54.454246)
2026-04-29 13:04:42  INFO      [sd_mojtwr7324kjibb8nv] Status: running
2026-04-29 13:09:00  INFO      [sd_mojtwr7324kjibb8nv] Status: ready
2026-04-29 13:09:02  INFO      Skipped 221 duplicate(s)
2026-04-29 13:09:03  INFO      Retrieved 27 record(s) — 30296 total | This run: 11520 / $41.2530 | All-time: $174.4830
2026-04-29 13:09:03  INFO      [143/690] Processing: 'spa' @ 24.452023,54.454246
2026-04-29 13:09:04  INFO      Triggered sd_moju2eg8g3f13ht5k  ('spa' @ 24.452023,54.454246)
2026-04-29 13:09:05  INFO      [sd_moju2eg8g3f13ht5k] Status: running
2026-04-29 13:13:00  INFO      [sd_moju2eg8g3f13ht5k] Status: ready
2026-04-29 13:13:02  INFO      Skipped 248 duplicate(s)
2026-04-29 13:13:03  INFO      Retrieved 32 record(s) — 30328 total | This run: 11552 / $41.6730 | All-time: $174.9030
2026-04-29 13:13:03  INFO      [144/690] Processing: 'cinema' @ 24.452023,54.454246
2026-04-29 13:13:04  INFO      Triggered sd_moju7jgf1rapbtgaru  ('cinema' @ 24.452023,54.454246)
2026-04-29 13:13:05  INFO      [sd_moju7jgf1rapbtgaru] Status: running
2026-04-29 13:18:08  INFO      [sd_moju7jgf1rapbtgaru] Status: ready
2026-04-29 13:18:10  INFO      Skipped 148 duplicate(s)
2026-04-29 13:18:11  INFO      Retrieved 12 record(s) — 30340 total | This run: 11564 / $41.9130 | All-time: $175.1430
2026-04-29 13:18:11  INFO      [145/690] Processing: 'bakery' @ 24.452023,54.454246
2026-04-29 13:18:12  INFO      Triggered sd_mojue5it2jdjs3qt6x  ('bakery' @ 24.452023,54.454246)
2026-04-29 13:18:13  INFO      [sd_mojue5it2jdjs3qt6x] Status: running
2026-04-29 13:21:48  INFO      [sd_mojue5it2jdjs3qt6x] Status: ready
2026-04-29 13:21:50  INFO      Skipped 179 duplicate(s)
2026-04-29 13:21:52  INFO      Retrieved 9 record(s) — 30349 total | This run: 11573 / $42.1950 | All-time: $175.4250
2026-04-29 13:21:52  INFO      [146/690] Processing: 'pharmacy' @ 24.452023,54.454246
2026-04-29 13:21:53  INFO      Triggered sd_mojuivg72n1f6rqfys  ('pharmacy' @ 24.452023,54.454246)
2026-04-29 13:21:53  INFO      [sd_mojuivg72n1f6rqfys] Status: running
2026-04-29 13:24:01  INFO      [sd_mojuivg72n1f6rqfys] Status: ready
2026-04-29 13:24:04  INFO      Skipped 178 duplicate(s)
2026-04-29 13:24:05  INFO      Retrieved 10 record(s) — 30359 total | This run: 11583 / $42.4770 | All-time: $175.7070
2026-04-29 13:24:05  INFO      [147/690] Processing: 'clinic' @ 24.452023,54.454246
2026-04-29 13:24:06  INFO      Triggered sd_mojulq9w2k83dnnlta  ('clinic' @ 24.452023,54.454246)
2026-04-29 13:24:07  INFO      [sd_mojulq9w2k83dnnlta] Status: running
2026-04-29 13:28:00  INFO      [sd_mojulq9w2k83dnnlta] Status: ready
2026-04-29 13:28:02  INFO      Skipped 186 duplicate(s)
2026-04-29 13:28:03  INFO      Retrieved 36 record(s) — 30395 total | This run: 11619 / $42.8100 | All-time: $176.0400
2026-04-29 13:28:03  INFO      [148/690] Processing: 'school' @ 24.452023,54.454246
2026-04-29 13:28:04  INFO      Triggered sd_mojuqu6v1n6aa2wddo  ('school' @ 24.452023,54.454246)
2026-04-29 13:28:05  INFO      [sd_mojuqu6v1n6aa2wddo] Status: running
2026-04-29 13:33:54  INFO      [sd_mojuqu6v1n6aa2wddo] Status: ready
2026-04-29 13:33:56  INFO      Skipped 122 duplicate(s)
2026-04-29 13:33:57  INFO      Retrieved 15 record(s) — 30410 total | This run: 11634 / $43.0155 | All-time: $176.2455
2026-04-29 13:33:57  INFO      [149/690] Processing: 'bank' @ 24.452023,54.454246
2026-04-29 13:33:58  INFO      Triggered sd_mojuyfi7ti68saf1e  ('bank' @ 24.452023,54.454246)
2026-04-29 13:33:59  INFO      [sd_mojuyfi7ti68saf1e] Status: running
2026-04-29 14:41:30  INFO      === Run started — existing records: 30410 (prior cost: $133.2300) ===
2026-04-29 14:41:30  INFO      [1/540] Processing: 'restaurant' @ 24.452323,54.622452
2026-04-29 14:41:31  INFO      Triggered sd_mojxda3b1araqzd14y  ('restaurant' @ 24.452323,54.622452)
2026-04-29 14:41:32  INFO      [sd_mojxda3b1araqzd14y] Status: running
2026-04-29 14:43:58  INFO      [sd_mojxda3b1araqzd14y] Status: ready
2026-04-29 14:44:00  INFO      Skipped 39 duplicate(s)
2026-04-29 14:44:02  INFO      Retrieved 113 record(s) — 30523 total | This run: 113 / $0.2280 | All-time: $133.4580
2026-04-29 14:44:02  INFO      [2/540] Processing: 'cafe' @ 24.452323,54.622452
2026-04-29 14:44:03  INFO      Triggered sd_mojxgj5n1xk46zakrf  ('cafe' @ 24.452323,54.622452)
2026-04-29 14:44:04  INFO      [sd_mojxgj5n1xk46zakrf] Status: running
2026-04-29 14:47:17  INFO      [sd_mojxgj5n1xk46zakrf] Status: ready
2026-04-29 14:47:19  INFO      Skipped 90 duplicate(s)
2026-04-29 14:47:20  INFO      Retrieved 105 record(s) — 30628 total | This run: 218 / $0.5205 | All-time: $133.7505
2026-04-29 14:47:20  INFO      [3/540] Processing: 'hotel' @ 24.452323,54.622452
2026-04-29 14:47:21  INFO      Triggered sd_mojxkscicce6hkow7  ('hotel' @ 24.452323,54.622452)
2026-04-29 14:47:22  INFO      [sd_mojxkscicce6hkow7] Status: running
2026-04-29 14:50:47  INFO      [sd_mojxkscicce6hkow7] Status: ready
2026-04-29 14:50:48  INFO      Skipped 17 duplicate(s)
2026-04-29 14:50:50  INFO      Retrieved 42 record(s) — 30670 total | This run: 260 / $0.6090 | All-time: $133.8390
2026-04-29 14:50:50  INFO      [4/540] Processing: 'mall' @ 24.452323,54.622452
2026-04-29 14:50:51  INFO      Triggered sd_mojxpa1di8uqz4shf  ('mall' @ 24.452323,54.622452)
2026-04-29 14:50:52  INFO      [sd_mojxpa1di8uqz4shf] Status: running
2026-04-29 14:52:49  INFO      [sd_mojxpa1di8uqz4shf] Status: ready
2026-04-29 14:52:51  INFO      Skipped 28 duplicate(s)
2026-04-29 14:52:52  INFO      Retrieved 144 record(s) — 30814 total | This run: 404 / $0.8670 | All-time: $134.0970
2026-04-29 14:52:52  INFO      [5/540] Processing: 'gym' @ 24.452323,54.622452
2026-04-29 14:52:53  INFO      Triggered sd_mojxrwp7wx0onht28  ('gym' @ 24.452323,54.622452)
2026-04-29 14:52:54  INFO      [sd_mojxrwp7wx0onht28] Status: running
2026-04-29 14:56:55  INFO      [sd_mojxrwp7wx0onht28] Status: ready
2026-04-29 14:56:57  INFO      Skipped 105 duplicate(s)
2026-04-29 14:56:59  INFO      Retrieved 105 record(s) — 30919 total | This run: 509 / $1.1820 | All-time: $134.4120
2026-04-29 14:56:59  INFO      [6/540] Processing: 'hospital' @ 24.452323,54.622452
2026-04-29 14:56:59  INFO      Triggered sd_mojxx6lh2gi1tet3ip  ('hospital' @ 24.452323,54.622452)
2026-04-29 14:57:00  INFO      [sd_mojxx6lh2gi1tet3ip] Status: running
2026-04-29 14:59:50  INFO      [sd_mojxx6lh2gi1tet3ip] Status: ready
2026-04-29 14:59:52  INFO      Skipped 39 duplicate(s)
2026-04-29 14:59:53  INFO      Retrieved 1 record(s) — 30920 total | This run: 510 / $1.2420 | All-time: $134.4720
2026-04-29 14:59:53  INFO      [7/540] Processing: 'mosque' @ 24.452323,54.622452
2026-04-29 14:59:54  INFO      Triggered sd_mojy0xae1158bncx2g  ('mosque' @ 24.452323,54.622452)
2026-04-29 14:59:55  INFO      [sd_mojy0xae1158bncx2g] Status: running
2026-04-29 15:04:01  INFO      [sd_mojy0xae1158bncx2g] Status: ready
2026-04-29 15:04:03  INFO      Skipped 95 duplicate(s)
2026-04-29 15:04:04  INFO      Retrieved 96 record(s) — 31016 total | This run: 606 / $1.5285 | All-time: $134.7585
2026-04-29 15:04:04  INFO      [8/540] Processing: 'spa' @ 24.452323,54.622452
2026-04-29 15:04:05  INFO      Triggered sd_mojy6b2bb7e1q6fho  ('spa' @ 24.452323,54.622452)
2026-04-29 15:04:06  INFO      [sd_mojy6b2bb7e1q6fho] Status: running
2026-04-29 15:13:46  INFO      [sd_mojy6b2bb7e1q6fho] Status: ready
2026-04-29 15:13:48  INFO      Skipped 165 duplicate(s)
2026-04-29 15:13:50  INFO      Retrieved 129 record(s) — 31145 total | This run: 735 / $1.9695 | All-time: $135.1995
2026-04-29 15:13:50  INFO      [9/540] Processing: 'cinema' @ 24.452323,54.622452
2026-04-29 15:13:51  INFO      Triggered sd_mojyiuxaqdm8w74mz  ('cinema' @ 24.452323,54.622452)
2026-04-29 15:13:52  INFO      [sd_mojyiuxaqdm8w74mz] Status: running
2026-04-29 15:17:12  INFO      [sd_mojyiuxaqdm8w74mz] Status: ready
2026-04-29 15:17:14  INFO      Skipped 109 duplicate(s)
2026-04-29 15:17:15  INFO      Retrieved 45 record(s) — 31190 total | This run: 780 / $2.2005 | All-time: $135.4305
2026-04-29 15:17:15  INFO      [10/540] Processing: 'bakery' @ 24.452323,54.622452
2026-04-29 15:17:16  INFO      Triggered sd_mojyn9mbfquc1wfeu  ('bakery' @ 24.452323,54.622452)
2026-04-29 15:17:17  INFO      [sd_mojyn9mbfquc1wfeu] Status: running
2026-04-29 15:20:32  INFO      [sd_mojyn9mbfquc1wfeu] Status: ready
2026-04-29 15:20:34  INFO      Skipped 139 duplicate(s)
2026-04-29 15:20:35  INFO      Retrieved 46 record(s) — 31236 total | This run: 826 / $2.4780 | All-time: $135.7080
2026-04-29 15:20:35  INFO      [11/540] Processing: 'pharmacy' @ 24.452323,54.622452
2026-04-29 15:20:36  INFO      Triggered sd_mojyrjos1uf7c3zc7c  ('pharmacy' @ 24.452323,54.622452)
2026-04-29 15:20:37  INFO      [sd_mojyrjos1uf7c3zc7c] Status: running
2026-04-29 15:26:01  INFO      [sd_mojyrjos1uf7c3zc7c] Status: ready
2026-04-29 15:26:03  INFO      Skipped 84 duplicate(s)
2026-04-29 15:26:05  INFO      Retrieved 97 record(s) — 31333 total | This run: 923 / $2.7495 | All-time: $135.9795
2026-04-29 15:26:05  INFO      [12/540] Processing: 'clinic' @ 24.452323,54.622452
2026-04-29 15:26:06  INFO      Triggered sd_mojyym3mxalole1kd  ('clinic' @ 24.452323,54.622452)
2026-04-29 15:26:07  INFO      [sd_mojyym3mxalole1kd] Status: running
2026-04-29 15:33:26  INFO      [sd_mojyym3mxalole1kd] Status: ready
2026-04-29 15:33:28  INFO      Skipped 111 duplicate(s)
2026-04-29 15:33:30  INFO      Retrieved 92 record(s) — 31425 total | This run: 1015 / $3.0540 | All-time: $136.2840
2026-04-29 15:33:30  INFO      [13/540] Processing: 'school' @ 24.452323,54.622452
2026-04-29 15:33:31  INFO      Triggered sd_mojz85lif44ly5pqn  ('school' @ 24.452323,54.622452)
2026-04-29 15:33:32  INFO      [sd_mojz85lif44ly5pqn] Status: running
2026-04-29 15:35:53  INFO      [sd_mojz85lif44ly5pqn] Status: ready
2026-04-29 15:35:55  INFO      Skipped 44 duplicate(s)
2026-04-29 15:35:57  INFO      Retrieved 136 record(s) — 31561 total | This run: 1151 / $3.3240 | All-time: $136.5540
2026-04-29 15:35:57  INFO      [14/540] Processing: 'bank' @ 24.452323,54.622452
2026-04-29 15:35:58  INFO      Triggered sd_mojzbarpnc0g3jqt4  ('bank' @ 24.452323,54.622452)
2026-04-29 15:35:59  INFO      [sd_mojzbarpnc0g3jqt4] Status: running
2026-04-29 15:37:56  INFO      [sd_mojzbarpnc0g3jqt4] Status: ready
2026-04-29 15:37:59  INFO      Skipped 32 duplicate(s)
2026-04-29 15:38:00  INFO      Retrieved 77 record(s) — 31638 total | This run: 1228 / $3.4875 | All-time: $136.7175
2026-04-29 15:38:00  INFO      [15/540] Processing: 'supermarket' @ 24.452323,54.622452
2026-04-29 15:38:01  INFO      Triggered sd_mojzdxuyt5ph6klkz  ('supermarket' @ 24.452323,54.622452)
2026-04-29 15:38:02  INFO      [sd_mojzdxuyt5ph6klkz] Status: running
2026-04-29 15:41:28  INFO      [sd_mojzdxuyt5ph6klkz] Status: ready
2026-04-29 15:41:30  INFO      Skipped 76 duplicate(s)
2026-04-29 15:41:31  INFO      Retrieved 82 record(s) — 31720 total | This run: 1310 / $3.7245 | All-time: $136.9545
2026-04-29 15:41:31  INFO      [16/540] Processing: 'restaurant' @ 24.598823,54.660985
2026-04-29 15:41:32  INFO      Triggered sd_mojzigyw2qwywajt89  ('restaurant' @ 24.598823,54.660985)
2026-04-29 15:41:33  INFO      [sd_mojzigyw2qwywajt89] Status: running
2026-04-29 15:45:23  INFO      [sd_mojzigyw2qwywajt89] Status: ready
2026-04-29 15:45:25  INFO      Skipped 16 duplicate(s)
2026-04-29 15:45:26  INFO      Retrieved 148 record(s) — 31868 total | This run: 1458 / $3.9705 | All-time: $137.2005
2026-04-29 15:45:26  INFO      [17/540] Processing: 'cafe' @ 24.598823,54.660985
2026-04-29 15:45:27  INFO      Triggered sd_mojznhzpc8jysfjkv  ('cafe' @ 24.598823,54.660985)
2026-04-29 15:45:28  INFO      [sd_mojznhzpc8jysfjkv] Status: running
2026-04-29 15:49:23  INFO      [sd_mojznhzpc8jysfjkv] Status: ready
2026-04-29 15:49:25  INFO      Skipped 116 duplicate(s)
2026-04-29 15:49:26  INFO      Retrieved 97 record(s) — 31965 total | This run: 1555 / $4.2900 | All-time: $137.5200
2026-04-29 15:49:26  INFO      [18/540] Processing: 'hotel' @ 24.598823,54.660985
2026-04-29 15:49:28  INFO      Triggered sd_mojzsnkr1agh7hlh9m  ('hotel' @ 24.598823,54.660985)
2026-04-29 15:49:28  INFO      [sd_mojzsnkr1agh7hlh9m] Status: running
2026-04-29 15:50:27  INFO      [sd_mojzsnkr1agh7hlh9m] Status: ready
2026-04-29 15:50:28  INFO      Skipped 2 duplicate(s)
2026-04-29 15:50:29  INFO      Retrieved 3 record(s) — 31968 total | This run: 1558 / $4.2975 | All-time: $137.5275
2026-04-29 15:50:29  INFO      [19/540] Processing: 'mall' @ 24.598823,54.660985
2026-04-29 15:50:30  INFO      Triggered sd_mojztzxh1ul8yg8yit  ('mall' @ 24.598823,54.660985)
2026-04-29 15:50:31  INFO      [sd_mojztzxh1ul8yg8yit] Status: running
2026-04-29 15:53:48  INFO      === Run started — existing records: 31968 (prior cost: $133.2300) ===
2026-04-29 15:53:48  INFO      [1/540] Processing: 'restaurant' @ 24.452323,54.622452
2026-04-29 15:53:50  INFO      Triggered sd_mojzy9ua11v7f3tzfg  ('restaurant' @ 24.452323,54.622452)
2026-04-29 15:53:50  INFO      [sd_mojzy9ua11v7f3tzfg] Status: running
2026-04-29 16:02:10  INFO      === Run started — existing records: 31968 (prior cost: $179.5500) ===
2026-04-29 16:02:10  INFO      [1/585] Processing: 'restaurant' @ 24.594318,54.656028
2026-04-29 16:02:11  INFO      Triggered sd_mok090nj2co5zj0a9l  ('restaurant' @ 24.594318,54.656028)
2026-04-29 16:02:12  INFO      [sd_mok090nj2co5zj0a9l] Status: running
2026-04-29 16:05:32  INFO      [sd_mok090nj2co5zj0a9l] Status: ready
2026-04-29 16:05:34  INFO      Skipped 200 duplicate(s)
2026-04-29 16:05:35  INFO      Retrieved 9 record(s) — 31977 total | This run: 9 / $0.3135 | All-time: $179.8635
2026-04-29 16:05:35  INFO      [2/585] Processing: 'cafe' @ 24.594318,54.656028
2026-04-29 16:05:36  INFO      Triggered sd_mok0df832mnxd32v6q  ('cafe' @ 24.594318,54.656028)
2026-04-29 16:05:37  INFO      [sd_mok0df832mnxd32v6q] Status: running
2026-04-29 16:09:44  INFO      [sd_mok0df832mnxd32v6q] Status: ready
2026-04-29 16:09:46  INFO      Skipped 206 duplicate(s)
2026-04-29 16:09:47  INFO      Retrieved 2 record(s) — 31979 total | This run: 11 / $0.6255 | All-time: $180.1755
2026-04-29 16:09:47  INFO      [3/585] Processing: 'hotel' @ 24.594318,54.656028
2026-04-29 16:09:48  INFO      Triggered sd_mok0itoy27j8dohehd  ('hotel' @ 24.594318,54.656028)
2026-04-29 16:09:49  INFO      [sd_mok0itoy27j8dohehd] Status: running
2026-04-29 16:11:05  INFO      [sd_mok0itoy27j8dohehd] Status: ready
2026-04-29 16:11:07  INFO      Skipped 7 duplicate(s)
2026-04-29 16:11:08  INFO      Retrieved 0 record(s) — 31979 total | This run: 11 / $0.6360 | All-time: $180.1860
2026-04-29 16:11:08  INFO      [4/585] Processing: 'mall' @ 24.594318,54.656028
2026-04-29 16:11:09  INFO      Triggered sd_mok0kjt9zcpsp36co  ('mall' @ 24.594318,54.656028)
2026-04-29 16:11:10  INFO      [sd_mok0kjt9zcpsp36co] Status: running
2026-04-29 16:17:52  INFO      === Run started — existing records: 31979 (prior cost: $179.5500) ===
2026-04-29 16:17:52  INFO      [1/480] Processing: 'restaurant' @ 24.59657,54.658507
2026-04-29 16:17:53  INFO      Triggered sd_mok0t7rq4hckmp3g5  ('restaurant' @ 24.59657,54.658507)
2026-04-29 16:17:54  INFO      [sd_mok0t7rq4hckmp3g5] Status: running
2026-04-29 16:19:37  INFO      === Run started — existing records: 31979 (prior cost: $181.0000) ===
2026-04-29 16:19:37  INFO      [1/480] Processing: 'restaurant' @ 24.59657,54.658507
2026-04-29 16:19:38  INFO      Triggered sd_mok0vgo81a9x5ca0y7  ('restaurant' @ 24.59657,54.658507)
2026-04-29 16:19:39  INFO      [sd_mok0vgo81a9x5ca0y7] Status: running
2026-04-29 16:23:39  INFO      [sd_mok0vgo81a9x5ca0y7] Status: ready
2026-04-29 16:23:41  INFO      Skipped 209 duplicate(s)
2026-04-29 16:23:42  INFO      Retrieved 0 record(s) — 31979 total | This run: 0 / $0.3135 | All-time: $181.3135
2026-04-29 16:23:42  INFO      [2/480] Processing: 'cafe' @ 24.59657,54.658507
2026-04-29 16:23:44  INFO      Triggered sd_mok10q5o2p7mipt79g  ('cafe' @ 24.59657,54.658507)
2026-04-29 16:23:45  INFO      [sd_mok10q5o2p7mipt79g] Status: running
2026-04-29 16:27:37  INFO      [sd_mok10q5o2p7mipt79g] Status: ready
2026-04-29 16:27:40  INFO      Skipped 210 duplicate(s)
2026-04-29 16:27:41  INFO      Retrieved 6 record(s) — 31985 total | This run: 6 / $0.6375 | All-time: $181.6375
2026-04-29 16:27:41  INFO      [3/480] Processing: 'hotel' @ 24.59657,54.658507
2026-04-29 16:27:43  INFO      Triggered sd_mok15ujpu1ue03co4  ('hotel' @ 24.59657,54.658507)
2026-04-29 16:27:44  INFO      [sd_mok15ujpu1ue03co4] Status: running
2026-04-29 16:30:25  INFO      [sd_mok15ujpu1ue03co4] Status: ready
2026-04-29 16:30:26  INFO      Skipped 7 duplicate(s)
2026-04-29 16:30:28  INFO      Retrieved 0 record(s) — 31985 total | This run: 6 / $0.6480 | All-time: $181.6480
2026-04-29 16:30:28  INFO      [4/480] Processing: 'mall' @ 24.59657,54.658507
2026-04-29 16:30:29  INFO      Triggered sd_mok19eu9k61n9pvug  ('mall' @ 24.59657,54.658507)
2026-04-29 16:30:30  INFO      [sd_mok19eu9k61n9pvug] Status: running
2026-04-29 16:33:56  INFO      [sd_mok19eu9k61n9pvug] Status: ready
2026-04-29 16:33:58  INFO      Skipped 112 duplicate(s)
2026-04-29 16:34:00  INFO      Retrieved 59 record(s) — 32044 total | This run: 65 / $0.9045 | All-time: $181.9045
2026-04-29 16:34:00  INFO      [5/480] Processing: 'gym' @ 24.59657,54.658507
2026-04-29 16:34:01  INFO      Triggered sd_mok1dyipvnofeq6p8  ('gym' @ 24.59657,54.658507)
2026-04-29 16:34:02  INFO      [sd_mok1dyipvnofeq6p8] Status: running
2026-04-29 16:39:41  INFO      [sd_mok1dyipvnofeq6p8] Status: ready
2026-04-29 16:39:44  INFO      Skipped 213 duplicate(s)
2026-04-29 16:39:45  INFO      Retrieved 9 record(s) — 32053 total | This run: 74 / $1.2375 | All-time: $182.2375
2026-04-29 16:39:45  INFO      [6/480] Processing: 'hospital' @ 24.59657,54.658507
2026-04-29 16:39:46  INFO      Triggered sd_mok1lcyp297h42fboa  ('hospital' @ 24.59657,54.658507)
2026-04-29 16:39:48  INFO      [sd_mok1lcyp297h42fboa] Status: running
2026-04-29 16:42:58  INFO      [sd_mok1lcyp297h42fboa] Status: ready
2026-04-29 16:43:00  INFO      Skipped 67 duplicate(s)
2026-04-29 16:43:01  INFO      Retrieved 2 record(s) — 32055 total | This run: 76 / $1.3410 | All-time: $182.3410
2026-04-29 16:43:01  INFO      [7/480] Processing: 'mosque' @ 24.59657,54.658507
2026-04-29 16:43:03  INFO      Triggered sd_mok1pklbxuedai6yc  ('mosque' @ 24.59657,54.658507)
2026-04-29 16:43:04  INFO      [sd_mok1pklbxuedai6yc] Status: running
2026-04-29 16:46:40  INFO      [sd_mok1pklbxuedai6yc] Status: ready
2026-04-29 16:46:42  INFO      Skipped 105 duplicate(s)
2026-04-29 16:46:44  INFO      Retrieved 85 record(s) — 32140 total | This run: 161 / $1.6260 | All-time: $182.6260
2026-04-29 16:46:44  INFO      [8/480] Processing: 'spa' @ 24.59657,54.658507
2026-04-29 16:46:45  INFO      Triggered sd_mok1uc8i82n7ap1st  ('spa' @ 24.59657,54.658507)
2026-04-29 16:46:47  INFO      [sd_mok1uc8i82n7ap1st] Status: running
2026-04-29 16:50:05  INFO      [sd_mok1uc8i82n7ap1st] Status: ready
2026-04-29 16:50:08  INFO      Skipped 227 duplicate(s)
2026-04-29 16:50:09  INFO      Retrieved 29 record(s) — 32169 total | This run: 190 / $2.0100 | All-time: $183.0100
2026-04-29 16:50:09  INFO      [9/480] Processing: 'cinema' @ 24.59657,54.658507
2026-04-29 16:50:11  INFO      Triggered sd_mok1yqpioq055usx6  ('cinema' @ 24.59657,54.658507)
2026-04-29 16:50:12  INFO      [sd_mok1yqpioq055usx6] Status: running
2026-04-29 16:52:02  INFO      [sd_mok1yqpioq055usx6] Status: ready
2026-04-29 16:52:05  INFO      Skipped 136 duplicate(s)
2026-04-29 16:52:07  INFO      Retrieved 1 record(s) — 32170 total | This run: 191 / $2.2155 | All-time: $183.2155
2026-04-29 16:52:07  INFO      [10/480] Processing: 'bakery' @ 24.59657,54.658507
2026-04-29 16:52:08  INFO      Triggered sd_mok219ex21srq0hkm9  ('bakery' @ 24.59657,54.658507)
2026-04-29 16:52:10  INFO      [sd_mok219ex21srq0hkm9] Status: running
2026-04-29 16:55:46  INFO      [sd_mok219ex21srq0hkm9] Status: ready
2026-04-29 16:55:48  INFO      Skipped 177 duplicate(s)
2026-04-29 16:55:50  INFO      Retrieved 19 record(s) — 32189 total | This run: 210 / $2.5095 | All-time: $183.5095
2026-04-29 16:55:50  INFO      [11/480] Processing: 'pharmacy' @ 24.59657,54.658507
2026-04-29 16:55:51  INFO      Triggered sd_mok261ih226srx1s1u  ('pharmacy' @ 24.59657,54.658507)
2026-04-29 16:55:53  INFO      [sd_mok261ih226srx1s1u] Status: running
2026-04-29 16:59:03  INFO      [sd_mok261ih226srx1s1u] Status: ready
2026-04-29 16:59:06  INFO      Skipped 163 duplicate(s)
2026-04-29 16:59:07  INFO      Retrieved 13 record(s) — 32202 total | This run: 223 / $2.7735 | All-time: $183.7735
2026-04-29 16:59:07  INFO      [12/480] Processing: 'clinic' @ 24.59657,54.658507
2026-04-29 16:59:09  INFO      Triggered sd_mok2aa4x1zl7h2djl  ('clinic' @ 24.59657,54.658507)
2026-04-29 16:59:11  INFO      [sd_mok2aa4x1zl7h2djl] Status: running
2026-04-29 17:02:57  INFO      [sd_mok2aa4x1zl7h2djl] Status: ready
2026-04-29 17:03:03  ERROR     Error at input 12/480 ('clinic' @ 24.59657,54.658507): 
2026-04-29 17:03:03  INFO      [13/480] Processing: 'school' @ 24.59657,54.658507
2026-04-29 17:03:06  INFO      Triggered sd_mok2fclj1vvapool8i  ('school' @ 24.59657,54.658507)
2026-04-29 17:03:07  INFO      [sd_mok2fclj1vvapool8i] Status: running
2026-04-29 17:05:28  INFO      [sd_mok2fclj1vvapool8i] Status: ready
2026-04-29 17:05:33  INFO      Skipped 49 duplicate(s)
2026-04-29 17:05:37  INFO      Retrieved 13 record(s) — 32215 total | This run: 236 / $3.1710 | All-time: $183.8665
2026-04-29 17:05:37  INFO      [14/480] Processing: 'bank' @ 24.59657,54.658507
2026-04-29 17:05:41  INFO      Triggered sd_mok2io6z1tgj4uv0gu  ('bank' @ 24.59657,54.658507)
2026-04-29 17:05:45  INFO      [sd_mok2io6z1tgj4uv0gu] Status: running
2026-04-29 17:08:12  INFO      [sd_mok2io6z1tgj4uv0gu] Status: ready
2026-04-29 17:08:15  INFO      Skipped 86 duplicate(s)
2026-04-29 17:08:16  INFO      Retrieved 38 record(s) — 32253 total | This run: 274 / $3.3570 | All-time: $184.0525
2026-04-29 17:08:16  INFO      [15/480] Processing: 'supermarket' @ 24.59657,54.658507
2026-04-29 17:08:19  INFO      Triggered sd_mok2m2352iaha6rofm  ('supermarket' @ 24.59657,54.658507)
2026-04-29 17:08:20  INFO      [sd_mok2m2352iaha6rofm] Status: running
2026-04-29 17:13:00  INFO      [sd_mok2m2352iaha6rofm] Status: ready
2026-04-29 17:13:02  INFO      Skipped 102 duplicate(s)
2026-04-29 17:13:04  INFO      Retrieved 70 record(s) — 32323 total | This run: 344 / $3.6150 | All-time: $184.3105
2026-04-29 17:13:04  INFO      [16/480] Processing: 'restaurant' @ 24.59657,54.814655
2026-04-29 17:13:05  INFO      Triggered sd_mok2s7bv1eptshmvlg  ('restaurant' @ 24.59657,54.814655)
2026-04-29 17:13:07  INFO      [sd_mok2s7bv1eptshmvlg] Status: running
2026-04-29 17:18:38  INFO      [sd_mok2s7bv1eptshmvlg] Status: ready
2026-04-29 17:18:41  INFO      Skipped 196 duplicate(s)
2026-04-29 17:18:42  INFO      Retrieved 31 record(s) — 32354 total | This run: 375 / $3.9555 | All-time: $184.6510
2026-04-29 17:18:42  INFO      [17/480] Processing: 'cafe' @ 24.59657,54.814655
2026-04-29 17:18:44  INFO      Triggered sd_mok2zgrj89oiwgjnx  ('cafe' @ 24.59657,54.814655)
2026-04-29 17:18:46  INFO      [sd_mok2zgrj89oiwgjnx] Status: running
2026-04-29 17:22:55  INFO      [sd_mok2zgrj89oiwgjnx] Status: ready
2026-04-29 17:22:58  INFO      Skipped 242 duplicate(s)
2026-04-29 17:22:59  INFO      Retrieved 9 record(s) — 32363 total | This run: 384 / $4.3320 | All-time: $185.0275
2026-04-29 17:22:59  INFO      [18/480] Processing: 'hotel' @ 24.59657,54.814655
2026-04-29 17:23:01  INFO      Triggered sd_mok34yz81usamx09hi  ('hotel' @ 24.59657,54.814655)
2026-04-29 17:23:02  INFO      [sd_mok34yz81usamx09hi] Status: running
2026-04-29 17:29:40  INFO      [sd_mok34yz81usamx09hi] Status: ready
2026-04-29 17:29:42  INFO      Skipped 6 duplicate(s)
2026-04-29 17:29:43  INFO      Retrieved 2 record(s) — 32365 total | This run: 386 / $4.3440 | All-time: $185.0395
2026-04-29 17:29:43  INFO      [19/480] Processing: 'mall' @ 24.59657,54.814655
2026-04-29 17:29:45  INFO      Triggered sd_mok3dml91qsx3o2s9t  ('mall' @ 24.59657,54.814655)
2026-04-29 17:29:46  INFO      [sd_mok3dml91qsx3o2s9t] Status: running
2026-04-29 17:33:10  INFO      [sd_mok3dml91qsx3o2s9t] Status: ready
2026-04-29 17:33:14  INFO      Skipped 156 duplicate(s)
2026-04-29 17:33:15  INFO      Retrieved 32 record(s) — 32397 total | This run: 418 / $4.6260 | All-time: $185.3215
2026-04-29 17:33:15  INFO      [20/480] Processing: 'gym' @ 24.59657,54.814655
2026-04-29 17:33:17  INFO      Triggered sd_mok3i6ba2aj64w1lmy  ('gym' @ 24.59657,54.814655)
2026-04-29 17:33:19  INFO      [sd_mok3i6ba2aj64w1lmy] Status: running
2026-04-29 17:38:01  INFO      [sd_mok3i6ba2aj64w1lmy] Status: ready
2026-04-29 17:38:03  INFO      Skipped 175 duplicate(s)
2026-04-29 17:38:05  INFO      Retrieved 45 record(s) — 32442 total | This run: 463 / $4.9560 | All-time: $185.6515
2026-04-29 17:38:05  INFO      [21/480] Processing: 'hospital' @ 24.59657,54.814655
2026-04-29 17:38:06  INFO      Triggered sd_mok3odkm1hl707stc2  ('hospital' @ 24.59657,54.814655)
2026-04-29 17:38:08  INFO      [sd_mok3odkm1hl707stc2] Status: running
2026-04-29 17:39:46  INFO      [sd_mok3odkm1hl707stc2] Status: ready
2026-04-29 17:39:49  INFO      Skipped 60 duplicate(s)
2026-04-29 17:39:50  INFO      Retrieved 1 record(s) — 32443 total | This run: 464 / $5.0475 | All-time: $185.7430
2026-04-29 17:39:50  INFO      [22/480] Processing: 'mosque' @ 24.59657,54.814655
2026-04-29 17:39:52  INFO      Triggered sd_mok3qmv85dj67o9b5  ('mosque' @ 24.59657,54.814655)
2026-04-29 17:39:53  INFO      [sd_mok3qmv85dj67o9b5] Status: running
2026-04-29 17:43:11  INFO      [sd_mok3qmv85dj67o9b5] Status: ready
2026-04-29 17:43:14  INFO      Skipped 172 duplicate(s)
2026-04-29 17:43:15  INFO      Retrieved 24 record(s) — 32467 total | This run: 488 / $5.3415 | All-time: $186.0370
2026-04-29 17:43:15  INFO      [23/480] Processing: 'spa' @ 24.59657,54.814655
2026-04-29 17:43:17  INFO      Triggered sd_mok3v1842b6zexkwxe  ('spa' @ 24.59657,54.814655)
2026-04-29 17:43:18  INFO      [sd_mok3v1842b6zexkwxe] Status: running
2026-04-29 17:47:47  INFO      [sd_mok3v1842b6zexkwxe] Status: ready
2026-04-29 17:47:50  INFO      Skipped 213 duplicate(s)
2026-04-29 17:47:52  INFO      Retrieved 61 record(s) — 32528 total | This run: 549 / $5.7525 | All-time: $186.4480
2026-04-29 17:47:52  INFO      [24/480] Processing: 'cinema' @ 24.59657,54.814655
2026-04-29 17:47:53  INFO      Triggered sd_mok40yen1yhg3h6kzd  ('cinema' @ 24.59657,54.814655)
2026-04-29 17:47:55  INFO      [sd_mok40yen1yhg3h6kzd] Status: running
2026-04-29 17:50:13  INFO      [sd_mok40yen1yhg3h6kzd] Status: ready
2026-04-29 17:50:15  INFO      Skipped 57 duplicate(s)
2026-04-29 17:50:16  INFO      Retrieved 0 record(s) — 32528 total | This run: 549 / $5.8380 | All-time: $186.5335
2026-04-29 17:50:16  INFO      [25/480] Processing: 'bakery' @ 24.59657,54.814655
2026-04-29 17:50:18  INFO      Triggered sd_mok4429un7ebi2l4q  ('bakery' @ 24.59657,54.814655)
2026-04-29 17:50:20  INFO      [sd_mok4429un7ebi2l4q] Status: running
